{
  "type": "FeatureCollection",
  "name": "bgc-open-space-surfaces",
  "schema_version": 2,
  "dataset_id": "bgc-open-space-surfaces",
  "source_id": "source:osm",
  "source_sha256": "c7c77bdee83947293624a3a6036089e809c2fb2c1cec4d5283fb1c89535a8ac3",
  "source_retrieved_at": "2026-09-14T16:21:50.891252+00:00",
  "source_crs": "EPSG:4326",
  "projected_crs": "EPSG:32651",
  "local_frame": {
    "origin_wgs84": {
      "longitude": 121.050972,
      "latitude": 14.550806
    },
    "origin_projected": {
      "easting": 289998.297,
      "northing": 1609541.742
    },
    "axes": {
      "x": "east",
      "y": "north",
      "z": "up"
    },
    "units": "metres",
    "transform_library": "pyproj"
  },
  "features": [
    {
      "type": "Feature",
      "id": "derived:bgc-open-space-surfaces",
      "properties": {
        "id": "derived:bgc-open-space-surfaces",
        "source_dataset": "bgc-open-spaces",
        "source_feature_count": 206,
        "geometry_status": "INFERRED",
        "method": "shapely_unary_union_of_normalized_surfaces"
      },
      "geometry": {
        "type": "MultiPolygon",
        "coordinates": [
          [
            [
              [
                -1014.714,
                -672.637
              ],
              [
                -1014.714,
                -672.639
              ],
              [
                -975.858,
                -849.118
              ],
              [
                -973.55,
                -727.746
              ],
              [
                -987.786,
                -727.358
              ],
              [
                -984.408,
                -548.63
              ],
              [
                -1042.708,
                -545.49
              ],
              [
                -1029.497,
                -605.496
              ],
              [
                -1014.714,
                -672.637
              ]
            ]
          ],
          [
            [
              [
                -1032.204,
                -385.387
              ],
              [
                -1025.123,
                -381.829
              ],
              [
                -1029.83,
                -372.57
              ],
              [
                -1036.91,
                -376.128
              ],
              [
                -1032.204,
                -385.387
              ]
            ]
          ],
          [
            [
              [
                -1035.762,
                -351.681
              ],
              [
                -1042.206,
                -341.4
              ],
              [
                -1050.215,
                -346.355
              ],
              [
                -1043.782,
                -356.636
              ],
              [
                -1035.762,
                -351.681
              ]
            ]
          ],
          [
            [
              [
                -1068.16,
                -342.284
              ],
              [
                -1064.29,
                -338.51
              ],
              [
                -1064.464,
                -333.628
              ],
              [
                -1065.273,
                -328.752
              ],
              [
                -1067.801,
                -325.554
              ],
              [
                -1073.538,
                -323.391
              ],
              [
                -1078.647,
                -323.347
              ],
              [
                -1081.202,
                -323.325
              ],
              [
                -1085.242,
                -321.808
              ],
              [
                -1089.481,
                -318.385
              ],
              [
                -1091.365,
                -315.613
              ],
              [
                -1094.052,
                -312.283
              ],
              [
                -1092.715,
                -318.357
              ],
              [
                -1087.883,
                -340.303
              ],
              [
                -1080.947,
                -342.594
              ],
              [
                -1075.628,
                -343.282
              ],
              [
                -1068.16,
                -342.284
              ]
            ]
          ],
          [
            [
              [
                -1047.931,
                -316.44
              ],
              [
                -1067.199,
                -281.924
              ],
              [
                -1074.434,
                -285.912
              ],
              [
                -1055.177,
                -320.428
              ],
              [
                -1047.931,
                -316.44
              ]
            ]
          ],
          [
            [
              [
                -1102.97,
                -271.78
              ],
              [
                -1094.092,
                -312.104
              ],
              [
                -1092.789,
                -306.914
              ],
              [
                -1091.053,
                -303.122
              ],
              [
                -1088.902,
                -301.237
              ],
              [
                -1090.156,
                -297.829
              ],
              [
                -1091.388,
                -293.159
              ],
              [
                -1092.422,
                -289.343
              ],
              [
                -1095.57,
                -283.174
              ],
              [
                -1097.862,
                -277.644
              ],
              [
                -1102.089,
                -272.738
              ],
              [
                -1102.97,
                -271.78
              ]
            ]
          ],
          [
            [
              [
                -1091.062,
                -156.136
              ],
              [
                -1094.022,
                -153.145
              ],
              [
                -1096.149,
                -152.286
              ],
              [
                -1100.64,
                -154.361
              ],
              [
                -1103.436,
                -157.303
              ],
              [
                -1105.575,
                -157.926
              ],
              [
                -1109.822,
                -156.617
              ],
              [
                -1111.943,
                -155.116
              ],
              [
                -1113.246,
                -152.482
              ],
              [
                -1115.872,
                -149.416
              ],
              [
                -1118.917,
                -147.542
              ],
              [
                -1122.237,
                -146.318
              ],
              [
                -1125.03,
                -146.427
              ],
              [
                -1126.902,
                -147.207
              ],
              [
                -1128.642,
                -149.041
              ],
              [
                -1129.406,
                -151.701
              ],
              [
                -1126.56,
                -164.628
              ],
              [
                -1126.123,
                -165.717
              ],
              [
                -1126.193,
                -166.297
              ],
              [
                -1123.162,
                -180.061
              ],
              [
                -1121.574,
                -187.276
              ],
              [
                -1119.903,
                -188.291
              ],
              [
                -1111.019,
                -196.844
              ],
              [
                -1106.175,
                -202.607
              ],
              [
                -1095.807,
                -211.583
              ],
              [
                -1083.995,
                -225.661
              ],
              [
                -1074.926,
                -237.813
              ],
              [
                -1065.232,
                -249.97
              ],
              [
                -1054.453,
                -260.022
              ],
              [
                -1047.281,
                -269.612
              ],
              [
                -1037.543,
                -276.679
              ],
              [
                -1033.567,
                -285.61
              ],
              [
                -1024.92,
                -295.423
              ],
              [
                -1019.417,
                -300.982
              ],
              [
                -1013.723,
                -306.962
              ],
              [
                -1008.449,
                -314.212
              ],
              [
                -1001.873,
                -317.865
              ],
              [
                -997.023,
                -322.986
              ],
              [
                -993.248,
                -330.223
              ],
              [
                -993.545,
                -339.749
              ],
              [
                -994.25,
                -347.788
              ],
              [
                -996.45,
                -355.394
              ],
              [
                -995.463,
                -364.72
              ],
              [
                -988.278,
                -371.566
              ],
              [
                -980.051,
                -382.648
              ],
              [
                -970.723,
                -387.176
              ],
              [
                -962.266,
                -395.294
              ],
              [
                -953.777,
                -399.606
              ],
              [
                -946.352,
                -403.687
              ],
              [
                -939.599,
                -411.801
              ],
              [
                -934.754,
                -418.826
              ],
              [
                -930.756,
                -423.939
              ],
              [
                -925.884,
                -427.799
              ],
              [
                -919.913,
                -427.85
              ],
              [
                -914.349,
                -425.143
              ],
              [
                -912.802,
                -418.173
              ],
              [
                -915.302,
                -411.788
              ],
              [
                -920.365,
                -405.182
              ],
              [
                -926.882,
                -394.536
              ],
              [
                -932.356,
                -386.864
              ],
              [
                -936.135,
                -380.059
              ],
              [
                -944.155,
                -371.303
              ],
              [
                -952.397,
                -363.187
              ],
              [
                -958.911,
                -352.33
              ],
              [
                -962.891,
                -343.83
              ],
              [
                -965.592,
                -335.75
              ],
              [
                -963.387,
                -327.513
              ],
              [
                -962.693,
                -320.747
              ],
              [
                -963.704,
                -315.437
              ],
              [
                -970.048,
                -308.61
              ],
              [
                -979.992,
                -300.468
              ],
              [
                -986.717,
                -290.251
              ],
              [
                -990.704,
                -282.592
              ],
              [
                -998.5,
                -271.514
              ],
              [
                -1009.692,
                -259.344
              ],
              [
                -1014.324,
                -252.742
              ],
              [
                -1018.315,
                -246.776
              ],
              [
                -1024.679,
                -243.546
              ],
              [
                -1029.154,
                -242.445
              ],
              [
                -1033.62,
                -241.565
              ],
              [
                -1038.294,
                -239.821
              ],
              [
                -1042.095,
                -235.561
              ],
              [
                -1044.836,
                -232.14
              ],
              [
                -1050.137,
                -229.35
              ],
              [
                -1054.18,
                -228.253
              ],
              [
                -1056.713,
                -225.686
              ],
              [
                -1058.805,
                -220.798
              ],
              [
                -1057.671,
                -212.973
              ],
              [
                -1055.491,
                -207.702
              ],
              [
                -1055.212,
                -200.29
              ],
              [
                -1058.975,
                -191.57
              ],
              [
                -1067.232,
                -185.357
              ],
              [
                -1071.879,
                -180.448
              ],
              [
                -1079.473,
                -171.065
              ],
              [
                -1084.522,
                -164.028
              ],
              [
                -1087.475,
                -160.195
              ],
              [
                -1091.062,
                -156.136
              ]
            ]
          ],
          [
            [
              [
                -993.062,
                -199.396
              ],
              [
                -998.867,
                -190.05
              ],
              [
                -1005.152,
                -193.903
              ],
              [
                -999.336,
                -203.249
              ],
              [
                -993.062,
                -199.396
              ]
            ]
          ],
          [
            [
              [
                -1029.741,
                -176.505
              ],
              [
                -1021.119,
                -171.644
              ],
              [
                -1030.751,
                -154.806
              ],
              [
                -1039.373,
                -159.668
              ],
              [
                -1029.741,
                -176.505
              ]
            ]
          ],
          [
            [
              [
                -1037.378,
                -153.255
              ],
              [
                -1044.982,
                -139.966
              ],
              [
                -1052.391,
                -144.151
              ],
              [
                -1044.787,
                -157.441
              ],
              [
                -1037.378,
                -153.255
              ]
            ]
          ],
          [
            [
              [
                -1021.108,
                -111.42
              ],
              [
                -1013.559,
                -110.965
              ],
              [
                -1005.471,
                -109.286
              ],
              [
                -999.462,
                -104.977
              ],
              [
                -995.729,
                -99.609
              ],
              [
                -994.453,
                -94.031
              ],
              [
                -995.46,
                -88.268
              ],
              [
                -999.983,
                -84.046
              ],
              [
                -1005.585,
                -82.426
              ],
              [
                -1014.011,
                -82.0
              ],
              [
                -1019.634,
                -82.826
              ],
              [
                -1024.724,
                -83.136
              ],
              [
                -1036.163,
                -85.826
              ],
              [
                -1047.409,
                -87.478
              ],
              [
                -1056.016,
                -88.102
              ],
              [
                -1063.876,
                -84.537
              ],
              [
                -1072.295,
                -83.424
              ],
              [
                -1082.13,
                -83.86
              ],
              [
                -1088.808,
                -84.5
              ],
              [
                -1093.003,
                -82.195
              ],
              [
                -1098.077,
                -80.58
              ],
              [
                -1102.778,
                -77.054
              ],
              [
                -1108.188,
                -73.167
              ],
              [
                -1117.129,
                -71.176
              ],
              [
                -1126.431,
                -71.096
              ],
              [
                -1137.669,
                -71.874
              ],
              [
                -1145.201,
                -70.237
              ],
              [
                -1147.695,
                -68.629
              ],
              [
                -1140.634,
                -100.701
              ],
              [
                -1138.968,
                -100.115
              ],
              [
                -1131.581,
                -98.441
              ],
              [
                -1127.011,
                -98.481
              ],
              [
                -1122.099,
                -98.866
              ],
              [
                -1116.321,
                -100.133
              ],
              [
                -1112.653,
                -102.267
              ],
              [
                -1109.156,
                -104.212
              ],
              [
                -1105.825,
                -104.24
              ],
              [
                -1103.183,
                -102.868
              ],
              [
                -1099.494,
                -102.546
              ],
              [
                -1097.743,
                -103.258
              ],
              [
                -1094.603,
                -105.377
              ],
              [
                -1092.006,
                -109.239
              ],
              [
                -1091.508,
                -112.73
              ],
              [
                -1091.187,
                -116.749
              ],
              [
                -1089.123,
                -121.127
              ],
              [
                -1084.383,
                -121.522
              ],
              [
                -1078.068,
                -121.742
              ],
              [
                -1072.256,
                -120.221
              ],
              [
                -1064.518,
                -117.853
              ],
              [
                -1060.141,
                -119.108
              ],
              [
                -1054.011,
                -120.732
              ],
              [
                -1047.504,
                -119.914
              ],
              [
                -1041.703,
                -118.392
              ],
              [
                -1036.579,
                -114.253
              ],
              [
                -1033.229,
                -112.013
              ],
              [
                -1027.78,
                -111.363
              ],
              [
                -1021.108,
                -111.42
              ]
            ]
          ],
          [
            [
              [
                -1082.299,
                -11.926
              ],
              [
                -1089.317,
                -10.804
              ],
              [
                -1096.134,
                -10.114
              ],
              [
                -1103.377,
                -10.052
              ],
              [
                -1109.78,
                -11.27
              ],
              [
                -1116.19,
                -12.056
              ],
              [
                -1120.451,
                -12.439
              ],
              [
                -1127.259,
                -10.688
              ],
              [
                -1134.502,
                -10.625
              ],
              [
                -1138.98,
                -11.229
              ],
              [
                -1144.118,
                -13.298
              ],
              [
                -1147.981,
                -16.231
              ],
              [
                -1150.806,
                -22.559
              ],
              [
                -1150.226,
                -30.399
              ],
              [
                -1146.645,
                -35.089
              ],
              [
                -1141.119,
                -36.829
              ],
              [
                -1135.375,
                -38.151
              ],
              [
                -1127.708,
                -39.069
              ],
              [
                -1121.53,
                -38.912
              ],
              [
                -1117.296,
                -41.693
              ],
              [
                -1111.37,
                -47.045
              ],
              [
                -1106.276,
                -48.782
              ],
              [
                -1100.52,
                -48.831
              ],
              [
                -1094.965,
                -47.186
              ],
              [
                -1088.336,
                -44.698
              ],
              [
                -1082.57,
                -43.475
              ],
              [
                -1076.821,
                -44.376
              ],
              [
                -1069.173,
                -47.408
              ],
              [
                -1060.254,
                -50.66
              ],
              [
                -1054.292,
                -51.774
              ],
              [
                -1047.03,
                -49.712
              ],
              [
                -1040.619,
                -47.443
              ],
              [
                -1031.667,
                -46.878
              ],
              [
                -1019.31,
                -47.626
              ],
              [
                -1005.893,
                -49.224
              ],
              [
                -993.113,
                -49.754
              ],
              [
                -986.279,
                -48.54
              ],
              [
                -979.864,
                -45.84
              ],
              [
                -970.909,
                -44.865
              ],
              [
                -960.476,
                -46.228
              ],
              [
                -952.174,
                -47.35
              ],
              [
                -942.37,
                -47.855
              ],
              [
                -936.817,
                -46.431
              ],
              [
                -934.875,
                -43.692
              ],
              [
                -933.355,
                -39.887
              ],
              [
                -932.242,
                -34.607
              ],
              [
                -930.91,
                -28.897
              ],
              [
                -930.878,
                -25.09
              ],
              [
                -930.832,
                -19.79
              ],
              [
                -931.229,
                -15.769
              ],
              [
                -935.042,
                -12.981
              ],
              [
                -942.28,
                -12.277
              ],
              [
                -950.581,
                -11.154
              ],
              [
                -957.177,
                -9.825
              ],
              [
                -963.558,
                -8.498
              ],
              [
                -973.37,
                -8.834
              ],
              [
                -981.908,
                -10.243
              ],
              [
                -990.653,
                -11.862
              ],
              [
                -999.866,
                -17.714
              ],
              [
                -1007.794,
                -22.095
              ],
              [
                -1013.983,
                -23.524
              ],
              [
                -1019.311,
                -22.638
              ],
              [
                -1021.852,
                -21.133
              ],
              [
                -1025.476,
                -21.312
              ],
              [
                -1028.869,
                -19.8
              ],
              [
                -1031.617,
                -17.231
              ],
              [
                -1034.365,
                -14.662
              ],
              [
                -1036.275,
                -13.594
              ],
              [
                -1038.626,
                -13.784
              ],
              [
                -1043.11,
                -15.019
              ],
              [
                -1048.873,
                -15.81
              ],
              [
                -1056.339,
                -16.598
              ],
              [
                -1062.097,
                -16.759
              ],
              [
                -1068.275,
                -16.916
              ],
              [
                -1073.168,
                -15.601
              ],
              [
                -1078.472,
                -13.232
              ],
              [
                -1082.299,
                -11.926
              ]
            ]
          ],
          [
            [
              [
                -1114.57,
                7.109
              ],
              [
                -1110.758,
                21.706
              ],
              [
                -1128.913,
                26.377
              ],
              [
                -1132.714,
                11.78
              ],
              [
                -1114.57,
                7.109
              ]
            ]
          ],
          [
            [
              [
                -1088.77,
                12.686
              ],
              [
                -1084.358,
                9.35
              ],
              [
                -1080.957,
                8.746
              ],
              [
                -1076.947,
                10.05
              ],
              [
                -1071.963,
                10.461
              ],
              [
                -1065.566,
                11.059
              ],
              [
                -1063.373,
                14.083
              ],
              [
                -1063.171,
                10.065
              ],
              [
                -1061.284,
                8.864
              ],
              [
                -1057.711,
                8.125
              ],
              [
                -1053.183,
                9.503
              ],
              [
                -1050.546,
                11.605
              ],
              [
                -1048.348,
                17.739
              ],
              [
                -1047.113,
                22.233
              ],
              [
                -1042.82,
                23.845
              ],
              [
                -1034.709,
                25.667
              ],
              [
                -1030.63,
                28.709
              ],
              [
                -1028.659,
                36.029
              ],
              [
                -1028.6,
                42.89
              ],
              [
                -1030.457,
                48.826
              ],
              [
                -1035.426,
                52.654
              ],
              [
                -1039.707,
                53.631
              ],
              [
                -1045.894,
                53.684
              ],
              [
                -1051.609,
                53.501
              ],
              [
                -1057.092,
                52.596
              ],
              [
                -1063.07,
                49.339
              ],
              [
                -1065.26,
                44.156
              ],
              [
                -1066.252,
                40.38
              ],
              [
                -1065.791,
                37.532
              ],
              [
                -1068.204,
                34.0
              ],
              [
                -1070.375,
                30.943
              ],
              [
                -1073.499,
                27.428
              ],
              [
                -1078.291,
                24.149
              ],
              [
                -1082.83,
                22.772
              ],
              [
                -1087.848,
                20.923
              ],
              [
                -1090.262,
                17.159
              ],
              [
                -1088.77,
                12.686
              ]
            ]
          ],
          [
            [
              [
                -1152.018,
                20.7
              ],
              [
                -1137.165,
                15.647
              ],
              [
                -1133.837,
                25.302
              ],
              [
                -1148.691,
                30.365
              ],
              [
                -1152.018,
                20.7
              ]
            ]
          ],
          [
            [
              [
                -1144.693,
                36.517
              ],
              [
                -1132.126,
                32.591
              ],
              [
                -1128.237,
                44.864
              ],
              [
                -1140.814,
                48.79
              ],
              [
                -1144.693,
                36.517
              ]
            ]
          ],
          [
            [
              [
                -934.9,
                63.853
              ],
              [
                -938.805,
                60.998
              ],
              [
                -942.217,
                59.101
              ],
              [
                -945.459,
                56.883
              ],
              [
                -948.55,
                54.663
              ],
              [
                -953.107,
                51.172
              ],
              [
                -954.281,
                46.202
              ],
              [
                -953.835,
                41.705
              ],
              [
                -948.696,
                37.644
              ],
              [
                -944.513,
                36.49
              ],
              [
                -941.274,
                37.104
              ],
              [
                -938.506,
                39.327
              ],
              [
                -935.897,
                41.872
              ],
              [
                -932.504,
                42.806
              ],
              [
                -928.619,
                43.414
              ],
              [
                -925.851,
                45.637
              ],
              [
                -919.237,
                45.093
              ],
              [
                -915.647,
                48.913
              ],
              [
                -913.052,
                51.149
              ],
              [
                -908.51,
                52.869
              ],
              [
                -903.655,
                54.598
              ],
              [
                -900.083,
                56.327
              ],
              [
                -898.121,
                58.878
              ],
              [
                -895.983,
                63.031
              ],
              [
                -895.453,
                68.328
              ],
              [
                -896.391,
                72.021
              ],
              [
                -899.428,
                76.064
              ],
              [
                -903.11,
                80.434
              ],
              [
                -904.025,
                86.86
              ],
              [
                -904.95,
                90.874
              ],
              [
                -903.942,
                96.487
              ],
              [
                -904.691,
                102.116
              ],
              [
                -905.934,
                108.058
              ],
              [
                -907.198,
                111.444
              ],
              [
                -910.711,
                116.609
              ],
              [
                -913.433,
                119.676
              ],
              [
                -916.327,
                120.343
              ],
              [
                -920.86,
                119.74
              ],
              [
                -924.583,
                118.012
              ],
              [
                -926.695,
                116.746
              ],
              [
                -929.151,
                113.237
              ],
              [
                -931.609,
                109.407
              ],
              [
                -933.758,
                103.97
              ],
              [
                -938.463,
                100.801
              ],
              [
                -942.682,
                99.067
              ],
              [
                -948.519,
                95.907
              ],
              [
                -950.645,
                93.037
              ],
              [
                -953.116,
                87.758
              ],
              [
                -953.011,
                81.183
              ],
              [
                -946.595,
                75.186
              ],
              [
                -940.485,
                72.4
              ],
              [
                -933.891,
                69.621
              ],
              [
                -933.588,
                67.206
              ],
              [
                -934.9,
                63.853
              ]
            ]
          ],
          [
            [
              [
                -1119.895,
                106.078
              ],
              [
                -1114.265,
                103.949
              ],
              [
                -1111.024,
                112.41
              ],
              [
                -1116.654,
                114.538
              ],
              [
                -1119.895,
                106.078
              ]
            ]
          ],
          [
            [
              [
                -1024.604,
                130.402
              ],
              [
                -1015.227,
                126.504
              ],
              [
                -1009.384,
                140.353
              ],
              [
                -1018.761,
                144.263
              ],
              [
                -1024.604,
                130.402
              ]
            ]
          ],
          [
            [
              [
                -1027.62,
                153.214
              ],
              [
                -1018.463,
                150.07
              ],
              [
                -1013.18,
                165.208
              ],
              [
                -1022.337,
                168.363
              ],
              [
                -1027.62,
                153.214
              ]
            ]
          ],
          [
            [
              [
                -1030.127,
                182.551
              ],
              [
                -1021.406,
                180.163
              ],
              [
                -1017.356,
                194.814
              ],
              [
                -1026.078,
                197.191
              ],
              [
                -1030.127,
                182.551
              ]
            ]
          ],
          [
            [
              [
                -1115.093,
                237.109
              ],
              [
                -1112.875,
                246.873
              ],
              [
                -1108.474,
                264.807
              ],
              [
                -1108.857,
                281.731
              ],
              [
                -1110.873,
                294.176
              ],
              [
                -1110.746,
                308.982
              ],
              [
                -1111.951,
                324.319
              ],
              [
                -1119.018,
                337.339
              ],
              [
                -1125.625,
                342.42
              ],
              [
                -1135.447,
                344.618
              ],
              [
                -1142.122,
                341.765
              ],
              [
                -1143.603,
                336.311
              ],
              [
                -1141.919,
                326.503
              ],
              [
                -1138.597,
                317.964
              ],
              [
                -1138.709,
                304.973
              ],
              [
                -1140.874,
                297.599
              ],
              [
                -1143.884,
                286.071
              ],
              [
                -1142.191,
                276.108
              ],
              [
                -1140.306,
                269.673
              ],
              [
                -1136.618,
                266.111
              ],
              [
                -1133.587,
                262.555
              ],
              [
                -1131.685,
                256.817
              ],
              [
                -1130.138,
                251.248
              ],
              [
                -1132.046,
                246.241
              ],
              [
                -1133.684,
                241.231
              ],
              [
                -1136.095,
                239.138
              ],
              [
                -1140.931,
                233.358
              ],
              [
                -1145.243,
                227.054
              ],
              [
                -1148.816,
                213.871
              ],
              [
                -1153.428,
                202.8
              ],
              [
                -1163.747,
                178.565
              ],
              [
                -1166.591,
                157.441
              ],
              [
                -1174.207,
                137.941
              ],
              [
                -1177.619,
                133.703
              ],
              [
                -1181.943,
                86.935
              ],
              [
                -1180.923,
                82.3
              ],
              [
                -1175.731,
                84.824
              ],
              [
                -1171.202,
                85.05
              ],
              [
                -1166.944,
                85.014
              ],
              [
                -1164.275,
                87.104
              ],
              [
                -1162.337,
                95.543
              ],
              [
                -1157.982,
                106.871
              ],
              [
                -1152.338,
                113.96
              ],
              [
                -1148.517,
                124.507
              ],
              [
                -1142.028,
                133.271
              ],
              [
                -1138.771,
                144.774
              ],
              [
                -1132.175,
                168.522
              ],
              [
                -1129.7,
                178.018
              ],
              [
                -1125.359,
                187.752
              ],
              [
                -1122.821,
                193.374
              ],
              [
                -1122.057,
                200.682
              ],
              [
                -1123.863,
                207.57
              ],
              [
                -1123.822,
                212.329
              ],
              [
                -1119.46,
                224.453
              ],
              [
                -1115.093,
                237.109
              ]
            ]
          ],
          [
            [
              [
                -1082.889,
                209.144
              ],
              [
                -1085.361,
                199.913
              ],
              [
                -1088.114,
                189.357
              ],
              [
                -1092.705,
                180.676
              ],
              [
                -1097.597,
                169.619
              ],
              [
                -1102.215,
                157.751
              ],
              [
                -1105.256,
                145.095
              ],
              [
                -1107.182,
                137.973
              ],
              [
                -1109.659,
                128.212
              ],
              [
                -1106.258,
                121.31
              ],
              [
                -1100.702,
                118.086
              ],
              [
                -1094.562,
                120.147
              ],
              [
                -1088.501,
                123.083
              ],
              [
                -1082.328,
                128.84
              ],
              [
                -1076.947,
                135.401
              ],
              [
                -1071.54,
                146.199
              ],
              [
                -1069.598,
                155.169
              ],
              [
                -1063.415,
                162.253
              ],
              [
                -1059.357,
                170.419
              ],
              [
                -1055.538,
                182.017
              ],
              [
                -1052.81,
                189.663
              ],
              [
                -1049.551,
                197.558
              ],
              [
                -1049.526,
                200.469
              ],
              [
                -1051.874,
                205.778
              ],
              [
                -1056.344,
                211.107
              ],
              [
                -1058.239,
                215.207
              ],
              [
                -1060.156,
                220.391
              ],
              [
                -1060.427,
                222.728
              ],
              [
                -1058.718,
                228.369
              ],
              [
                -1056.331,
                234.025
              ],
              [
                -1054.169,
                238.511
              ],
              [
                -1051.436,
                246.677
              ],
              [
                -1050.539,
                258.3
              ],
              [
                -1049.117,
                269.398
              ],
              [
                -1050.669,
                274.436
              ],
              [
                -1050.617,
                280.511
              ],
              [
                -1052.677,
                287.932
              ],
              [
                -1053.696,
                293.496
              ],
              [
                -1056.03,
                300.389
              ],
              [
                -1057.813,
                309.921
              ],
              [
                -1058.775,
                322.092
              ],
              [
                -1060.828,
                330.298
              ],
              [
                -1063.171,
                336.14
              ],
              [
                -1066.581,
                341.979
              ],
              [
                -1068.382,
                349.398
              ],
              [
                -1069.347,
                361.303
              ],
              [
                -1074.626,
                365.321
              ],
              [
                -1079.923,
                368.531
              ],
              [
                -1086.288,
                370.445
              ],
              [
                -1090.534,
                371.799
              ],
              [
                -1095.834,
                374.755
              ],
              [
                -1101.383,
                378.764
              ],
              [
                -1104.836,
                379.591
              ],
              [
                -1104.079,
                374.826
              ],
              [
                -1103.586,
                369.532
              ],
              [
                -1103.638,
                363.457
              ],
              [
                -1101.302,
                356.819
              ],
              [
                -1100.84,
                349.146
              ],
              [
                -1097.432,
                343.041
              ],
              [
                -1092.189,
                334.795
              ],
              [
                -1087.477,
                324.983
              ],
              [
                -1086.23,
                315.71
              ],
              [
                -1083.942,
                303.528
              ],
              [
                -1082.456,
                290.833
              ],
              [
                -1082.28,
                279.986
              ],
              [
                -1080.771,
                269.936
              ],
              [
                -1079.516,
                260.408
              ],
              [
                -1079.861,
                251.679
              ],
              [
                -1082.602,
                242.451
              ],
              [
                -1083.731,
                235.323
              ],
              [
                -1082.227,
                224.731
              ],
              [
                -1082.027,
                216.54
              ],
              [
                -1082.889,
                209.144
              ]
            ]
          ],
          [
            [
              [
                -1023.399,
                283.143
              ],
              [
                -1020.915,
                266.146
              ],
              [
                -1016.243,
                249.119
              ],
              [
                -1009.78,
                235.994
              ],
              [
                -1000.377,
                208.922
              ],
              [
                -994.843,
                189.275
              ],
              [
                -991.018,
                175.31
              ],
              [
                -988.545,
                156.995
              ],
              [
                -984.296,
                142.152
              ],
              [
                -984.409,
                129.094
              ],
              [
                -983.667,
                113.838
              ],
              [
                -979.355,
                105.092
              ],
              [
                -970.786,
                104.974
              ],
              [
                -959.318,
                108.583
              ],
              [
                -952.652,
                110.374
              ],
              [
                -947.027,
                114.033
              ],
              [
                -944.317,
                119.554
              ],
              [
                -944.013,
                124.841
              ],
              [
                -945.544,
                132.258
              ],
              [
                -945.766,
                137.815
              ],
              [
                -941.95,
                147.819
              ],
              [
                -938.416,
                156.521
              ],
              [
                -940.244,
                160.764
              ],
              [
                -942.068,
                165.538
              ],
              [
                -945.752,
                169.531
              ],
              [
                -952.048,
                180.696
              ],
              [
                -955.961,
                189.45
              ],
              [
                -962.697,
                210.922
              ],
              [
                -966.005,
                227.34
              ],
              [
                -969.34,
                241.91
              ],
              [
                -976.713,
                250.705
              ],
              [
                -981.99,
                256.294
              ],
              [
                -986.995,
                262.158
              ],
              [
                -988.01,
                268.242
              ],
              [
                -989.83,
                272.231
              ],
              [
                -993.246,
                277.285
              ],
              [
                -994.052,
                282.57
              ],
              [
                -993.849,
                284.859
              ],
              [
                -992.19,
                287.302
              ],
              [
                -990.198,
                292.054
              ],
              [
                -988.796,
                299.711
              ],
              [
                -994.788,
                314.835
              ],
              [
                -1001.526,
                336.041
              ],
              [
                -1008.555,
                353.554
              ],
              [
                -1013.512,
                364.962
              ],
              [
                -1014.998,
                377.668
              ],
              [
                -1016.002,
                385.08
              ],
              [
                -1018.575,
                395.405
              ],
              [
                -1024.378,
                401.276
              ],
              [
                -1030.469,
                403.707
              ],
              [
                -1036.289,
                407.454
              ],
              [
                -1040.515,
                411.197
              ],
              [
                -1044.222,
                413.874
              ],
              [
                -1049.279,
                413.652
              ],
              [
                -1054.357,
                411.051
              ],
              [
                -1056.822,
                402.606
              ],
              [
                -1056.625,
                394.149
              ],
              [
                -1053.802,
                382.76
              ],
              [
                -1047.249,
                363.913
              ],
              [
                -1040.82,
                346.87
              ],
              [
                -1034.402,
                328.533
              ],
              [
                -1028.846,
                312.804
              ],
              [
                -1025.879,
                300.583
              ],
              [
                -1023.399,
                283.143
              ]
            ]
          ],
          [
            [
              [
                -939.001,
                277.903
              ],
              [
                -937.603,
                273.752
              ],
              [
                -935.486,
                270.425
              ],
              [
                -932.77,
                267.912
              ],
              [
                -928.752,
                265.044
              ],
              [
                -923.886,
                263.11
              ],
              [
                -920.33,
                261.774
              ],
              [
                -916.652,
                259.496
              ],
              [
                -913.925,
                258.288
              ],
              [
                -908.461,
                256.825
              ],
              [
                -904.964,
                258.632
              ],
              [
                -903.16,
                262.899
              ],
              [
                -903.901,
                268.162
              ],
              [
                -906.209,
                273.062
              ],
              [
                -906.73,
                281.444
              ],
              [
                -905.513,
                286.303
              ],
              [
                -908.402,
                292.569
              ],
              [
                -914.423,
                299.438
              ],
              [
                -922.166,
                310.228
              ],
              [
                -928.137,
                322.939
              ],
              [
                -932.567,
                332.915
              ],
              [
                -939.535,
                343.698
              ],
              [
                -943.605,
                349.189
              ],
              [
                -946.077,
                357.587
              ],
              [
                -946.426,
                363.434
              ],
              [
                -946.365,
                370.449
              ],
              [
                -946.325,
                375.13
              ],
              [
                -948.042,
                379.826
              ],
              [
                -954.278,
                384.162
              ],
              [
                -960.798,
                386.819
              ],
              [
                -964.133,
                387.556
              ],
              [
                -966.616,
                389.591
              ],
              [
                -969.796,
                393.403
              ],
              [
                -970.928,
                399.688
              ],
              [
                -969.815,
                405.001
              ],
              [
                -967.04,
                409.349
              ],
              [
                -963.329,
                412.161
              ],
              [
                -961.162,
                414.743
              ],
              [
                -958.519,
                417.442
              ],
              [
                -955.513,
                421.091
              ],
              [
                -951.548,
                424.598
              ],
              [
                -950.824,
                426.13
              ],
              [
                -951.519,
                426.8
              ],
              [
                -948.263,
                428.1
              ],
              [
                -946.642,
                428.562
              ],
              [
                -944.823,
                429.487
              ],
              [
                -943.275,
                431.565
              ],
              [
                -942.586,
                433.927
              ],
              [
                -942.287,
                436.105
              ],
              [
                -942.545,
                438.763
              ],
              [
                -943.095,
                441.225
              ],
              [
                -943.749,
                442.846
              ],
              [
                -944.97,
                445.037
              ],
              [
                -946.582,
                446.854
              ],
              [
                -948.953,
                448.203
              ],
              [
                -950.953,
                448.685
              ],
              [
                -953.715,
                448.432
              ],
              [
                -955.351,
                447.494
              ],
              [
                -957.372,
                445.619
              ],
              [
                -958.148,
                443.069
              ],
              [
                -959.408,
                440.701
              ],
              [
                -960.3,
                437.211
              ],
              [
                -961.946,
                433.906
              ],
              [
                -963.495,
                431.739
              ],
              [
                -965.795,
                429.955
              ],
              [
                -969.446,
                427.806
              ],
              [
                -971.178,
                425.74
              ],
              [
                -973.681,
                425.496
              ],
              [
                -976.928,
                422.691
              ],
              [
                -980.157,
                420.705
              ],
              [
                -983.166,
                416.714
              ],
              [
                -984.623,
                414.004
              ],
              [
                -985.138,
                409.272
              ],
              [
                -984.478,
                403.356
              ],
              [
                -982.496,
                398.127
              ],
              [
                -983.376,
                392.336
              ],
              [
                -983.901,
                386.431
              ],
              [
                -982.654,
                379.791
              ],
              [
                -980.091,
                373.14
              ],
              [
                -977.753,
                368.041
              ],
              [
                -974.563,
                365.523
              ],
              [
                -973.039,
                362.201
              ],
              [
                -972.361,
                358.289
              ],
              [
                -970.021,
                353.422
              ],
              [
                -969.224,
                349.509
              ],
              [
                -970.321,
                346.087
              ],
              [
                -972.852,
                342.557
              ],
              [
                -974.897,
                340.45
              ],
              [
                -975.283,
                336.9
              ],
              [
                -972.697,
                332.972
              ],
              [
                -968.325,
                328.674
              ],
              [
                -967.646,
                325.005
              ],
              [
                -966.602,
                320.968
              ],
              [
                -964.146,
                317.051
              ],
              [
                -960.714,
                313.823
              ],
              [
                -957.645,
                310.953
              ],
              [
                -954.338,
                308.213
              ],
              [
                -951.748,
                304.749
              ],
              [
                -951.658,
                301.44
              ],
              [
                -951.944,
                295.765
              ],
              [
                -950.566,
                289.246
              ],
              [
                -948.458,
                284.967
              ],
              [
                -942.168,
                283.143
              ],
              [
                -939.001,
                277.903
              ]
            ]
          ],
          [
            [
              [
                -1129.563,
                350.709
              ],
              [
                -1118.842,
                350.241
              ],
              [
                -1118.186,
                365.142
              ],
              [
                -1128.907,
                365.61
              ],
              [
                -1129.563,
                350.709
              ]
            ]
          ],
          [
            [
              [
                -1098.979,
                406.321
              ],
              [
                -1101.907,
                404.266
              ],
              [
                -1104.345,
                402.837
              ],
              [
                -1105.833,
                398.999
              ],
              [
                -1107.158,
                394.042
              ],
              [
                -1106.402,
                389.221
              ],
              [
                -1104.343,
                384.223
              ],
              [
                -1100.814,
                380.984
              ],
              [
                -1096.476,
                379.021
              ],
              [
                -1093.724,
                379.473
              ],
              [
                -1091.926,
                381.704
              ],
              [
                -1091.097,
                384.11
              ],
              [
                -1091.073,
                386.843
              ],
              [
                -1090.724,
                389.883
              ],
              [
                -1091.191,
                391.979
              ],
              [
                -1091.003,
                395.02
              ],
              [
                -1090.66,
                397.264
              ],
              [
                -1089.506,
                399.821
              ],
              [
                -1087.383,
                402.371
              ],
              [
                -1085.766,
                403.64
              ],
              [
                -1082.521,
                404.896
              ],
              [
                -1080.874,
                408.412
              ],
              [
                -1080.686,
                411.465
              ],
              [
                -1081.149,
                414.036
              ],
              [
                -1082.897,
                417.582
              ],
              [
                -1085.462,
                420.171
              ],
              [
                -1088.193,
                421.003
              ],
              [
                -1091.104,
                420.862
              ],
              [
                -1093.05,
                420.236
              ],
              [
                -1094.845,
                418.326
              ],
              [
                -1095.352,
                415.763
              ],
              [
                -1096.025,
                412.726
              ],
              [
                -1097.339,
                409.041
              ],
              [
                -1098.979,
                406.321
              ]
            ]
          ],
          [
            [
              [
                -1030.343,
                414.607
              ],
              [
                -1032.349,
                425.713
              ],
              [
                -1040.046,
                424.34
              ],
              [
                -1038.04,
                413.245
              ],
              [
                -1030.343,
                414.607
              ]
            ]
          ],
          [
            [
              [
                -1134.522,
                422.109
              ],
              [
                -1125.822,
                420.961
              ],
              [
                -1123.933,
                435.121
              ],
              [
                -1132.633,
                436.269
              ],
              [
                -1134.522,
                422.109
              ]
            ]
          ],
          [
            [
              [
                -1132.875,
                439.403
              ],
              [
                -1124.137,
                438.974
              ],
              [
                -1122.976,
                462.414
              ],
              [
                -1131.714,
                462.843
              ],
              [
                -1132.875,
                439.403
              ]
            ]
          ],
          [
            [
              [
                -1083.804,
                452.549
              ],
              [
                -1075.128,
                456.126
              ],
              [
                -1084.021,
                477.417
              ],
              [
                -1092.686,
                473.851
              ],
              [
                -1083.804,
                452.549
              ]
            ]
          ],
          [
            [
              [
                -965.202,
                468.882
              ],
              [
                -956.944,
                466.509
              ],
              [
                -953.59,
                477.989
              ],
              [
                -961.848,
                480.373
              ],
              [
                -965.202,
                468.882
              ]
            ]
          ],
          [
            [
              [
                -1129.032,
                467.656
              ],
              [
                -1120.334,
                467.581
              ],
              [
                -1120.214,
                481.48
              ],
              [
                -1128.912,
                481.554
              ],
              [
                -1129.032,
                467.656
              ]
            ]
          ],
          [
            [
              [
                -1089.256,
                482.851
              ],
              [
                -1093.709,
                494.023
              ],
              [
                -1101.821,
                490.828
              ],
              [
                -1097.357,
                479.656
              ],
              [
                -1089.256,
                482.851
              ]
            ]
          ],
          [
            [
              [
                -969.025,
                483.179
              ],
              [
                -970.764,
                486.503
              ],
              [
                -974.356,
                488.659
              ],
              [
                -978.514,
                490.266
              ],
              [
                -982.681,
                491.962
              ],
              [
                -983.674,
                494.361
              ],
              [
                -984.845,
                498.609
              ],
              [
                -985.097,
                501.931
              ],
              [
                -987.67,
                504.809
              ],
              [
                -990.159,
                506.125
              ],
              [
                -994.685,
                508.742
              ],
              [
                -996.82,
                508.672
              ],
              [
                -999.076,
                505.836
              ],
              [
                -997.92,
                499.828
              ],
              [
                -995.735,
                494.464
              ],
              [
                -993.47,
                488.358
              ],
              [
                -993.438,
                480.799
              ],
              [
                -990.317,
                477.729
              ],
              [
                -986.712,
                475.773
              ],
              [
                -982.559,
                473.612
              ],
              [
                -978.764,
                472.473
              ],
              [
                -974.6,
                471.519
              ],
              [
                -972.277,
                472.229
              ],
              [
                -970.49,
                474.427
              ],
              [
                -969.253,
                477.925
              ],
              [
                -969.025,
                483.179
              ]
            ]
          ],
          [
            [
              [
                -1116.643,
                533.351
              ],
              [
                -1117.733,
                529.388
              ],
              [
                -1118.032,
                525.959
              ],
              [
                -1115.461,
                522.883
              ],
              [
                -1112.478,
                522.47
              ],
              [
                -1106.866,
                524.535
              ],
              [
                -1102.591,
                526.612
              ],
              [
                -1098.607,
                526.058
              ],
              [
                -1094.887,
                526.292
              ],
              [
                -1093.027,
                528.19
              ],
              [
                -1087.593,
                528.387
              ],
              [
                -1081.713,
                528.967
              ],
              [
                -1074.694,
                527.922
              ],
              [
                -1070.001,
                527.251
              ],
              [
                -1067.106,
                527.945
              ],
              [
                -1064.654,
                529.717
              ],
              [
                -1062.473,
                532.653
              ],
              [
                -1061.903,
                535.072
              ],
              [
                -1063.416,
                538.316
              ],
              [
                -1064.845,
                540.21
              ],
              [
                -1068.264,
                541.224
              ],
              [
                -1071.956,
                541.798
              ],
              [
                -1075.196,
                542.268
              ],
              [
                -1077.986,
                543.731
              ],
              [
                -1080.585,
                544.827
              ],
              [
                -1083.648,
                545.927
              ],
              [
                -1087.075,
                546.045
              ],
              [
                -1090.694,
                545.002
              ],
              [
                -1093.802,
                543.325
              ],
              [
                -1098.137,
                541.923
              ],
              [
                -1101.41,
                541.144
              ],
              [
                -1105.395,
                541.444
              ],
              [
                -1108.309,
                542.265
              ],
              [
                -1113.096,
                543.358
              ],
              [
                -1115.501,
                542.062
              ],
              [
                -1117.392,
                538.902
              ],
              [
                -1116.353,
                535.728
              ],
              [
                -1116.643,
                533.351
              ]
            ]
          ],
          [
            [
              [
                -787.544,
                -595.161
              ],
              [
                -789.608,
                -590.783
              ],
              [
                -792.051,
                -589.014
              ],
              [
                -796.782,
                -587.579
              ],
              [
                -802.214,
                -587.532
              ],
              [
                -805.899,
                -587.323
              ],
              [
                -810.639,
                -586.94
              ],
              [
                -817.818,
                -584.432
              ],
              [
                -823.042,
                -580.204
              ],
              [
                -826.542,
                -578.603
              ],
              [
                -831.985,
                -578.556
              ],
              [
                -840.396,
                -577.61
              ],
              [
                -846.169,
                -574.594
              ],
              [
                -850.013,
                -572.824
              ],
              [
                -855.596,
                -568.936
              ],
              [
                -859.431,
                -566.114
              ],
              [
                -861.692,
                -563.295
              ],
              [
                -861.387,
                -561.671
              ],
              [
                -859.991,
                -561.085
              ],
              [
                -857.997,
                -562.287
              ],
              [
                -855.207,
                -565.099
              ],
              [
                -852.073,
                -567.915
              ],
              [
                -847.004,
                -570.05
              ],
              [
                -842.461,
                -572.015
              ],
              [
                -837.663,
                -573.218
              ],
              [
                -831.311,
                -574.135
              ],
              [
                -826.394,
                -573.89
              ],
              [
                -820.92,
                -575.376
              ],
              [
                -816.322,
                -579.731
              ],
              [
                -812.872,
                -580.9
              ],
              [
                -808.807,
                -579.508
              ],
              [
                -805.903,
                -577.806
              ],
              [
                -806.712,
                -571.48
              ],
              [
                -809.852,
                -566.85
              ],
              [
                -814.166,
                -563.371
              ],
              [
                -825.107,
                -558.386
              ],
              [
                -838.925,
                -551.948
              ],
              [
                -852.133,
                -540.923
              ],
              [
                -859.604,
                -534.817
              ],
              [
                -867.369,
                -530.158
              ],
              [
                -881.48,
                -524.005
              ],
              [
                -892.121,
                -516.732
              ],
              [
                -900.145,
                -508.33
              ],
              [
                -902.999,
                -504.277
              ],
              [
                -906.979,
                -497.061
              ],
              [
                -915.022,
                -490.96
              ],
              [
                -922.516,
                -487.454
              ],
              [
                -935.466,
                -480.438
              ],
              [
                -948.939,
                -467.684
              ],
              [
                -961.257,
                -453.502
              ],
              [
                -973.001,
                -441.626
              ],
              [
                -979.859,
                -431.796
              ],
              [
                -984.969,
                -420.541
              ],
              [
                -990.655,
                -409.869
              ],
              [
                -995.824,
                -405.508
              ],
              [
                -1001.587,
                -402.593
              ],
              [
                -1007.057,
                -403.154
              ],
              [
                -1011.292,
                -405.553
              ],
              [
                -1014.656,
                -409.364
              ],
              [
                -1014.008,
                -415.478
              ],
              [
                -1012.657,
                -421.41
              ],
              [
                -1008.502,
                -428.252
              ],
              [
                -1002.961,
                -437.02
              ],
              [
                -997.055,
                -444.751
              ],
              [
                -992.01,
                -449.674
              ],
              [
                -987.836,
                -454.425
              ],
              [
                -983.411,
                -470.155
              ],
              [
                -977.33,
                -477.533
              ],
              [
                -972.103,
                -482.635
              ],
              [
                -963.952,
                -493.694
              ],
              [
                -957.176,
                -501.776
              ],
              [
                -951.923,
                -503.912
              ],
              [
                -946.705,
                -508.849
              ],
              [
                -943.225,
                -512.719
              ],
              [
                -940.461,
                -517.269
              ],
              [
                -935.924,
                -521.148
              ],
              [
                -930.701,
                -525.553
              ],
              [
                -922.307,
                -529.642
              ],
              [
                -914.46,
                -535.984
              ],
              [
                -908.415,
                -546.328
              ],
              [
                -900.399,
                -553.025
              ],
              [
                -891.844,
                -558.51
              ],
              [
                -884.155,
                -563.102
              ],
              [
                -878.236,
                -568.045
              ],
              [
                -871.264,
                -574.556
              ],
              [
                -864.818,
                -579.669
              ],
              [
                -859.221,
                -581.808
              ],
              [
                -851.323,
                -582.23
              ],
              [
                -844.85,
                -585.418
              ],
              [
                -839.285,
                -591.397
              ],
              [
                -833.005,
                -595.645
              ],
              [
                -826.356,
                -598.314
              ],
              [
                -821.805,
                -599.404
              ],
              [
                -817.435,
                -601.356
              ],
              [
                -816.045,
                -602.763
              ],
              [
                -814.117,
                -604.174
              ],
              [
                -810.643,
                -607.523
              ],
              [
                -805.39,
                -609.66
              ],
              [
                -799.25,
                -610.233
              ],
              [
                -794.148,
                -608.528
              ],
              [
                -790.963,
                -605.424
              ],
              [
                -788.292,
                -600.732
              ],
              [
                -787.544,
                -595.161
              ]
            ]
          ],
          [
            [
              [
                -774.901,
                -553.837
              ],
              [
                -767.558,
                -549.805
              ],
              [
                -773.789,
                -538.596
              ],
              [
                -781.132,
                -542.617
              ],
              [
                -774.901,
                -553.837
              ]
            ]
          ],
          [
            [
              [
                -781.15,
                -534.605
              ],
              [
                -786.352,
                -525.353
              ],
              [
                -793.923,
                -529.548
              ],
              [
                -788.731,
                -538.8
              ],
              [
                -781.15,
                -534.605
              ]
            ]
          ],
          [
            [
              [
                -839.611,
                -528.891
              ],
              [
                -829.708,
                -522.978
              ],
              [
                -837.733,
                -509.718
              ],
              [
                -847.636,
                -515.631
              ],
              [
                -839.611,
                -528.891
              ]
            ]
          ],
          [
            [
              [
                -867.491,
                -495.397
              ],
              [
                -858.171,
                -508.513
              ],
              [
                -849.745,
                -502.609
              ],
              [
                -859.054,
                -489.493
              ],
              [
                -867.491,
                -495.397
              ]
            ]
          ],
          [
            [
              [
                -894.766,
                -479.492
              ],
              [
                -886.46,
                -475.026
              ],
              [
                -892.509,
                -463.93
              ],
              [
                -900.804,
                -468.396
              ],
              [
                -894.766,
                -479.492
              ]
            ]
          ],
          [
            [
              [
                -810.13,
                -461.074
              ],
              [
                -807.591,
                -467.99
              ],
              [
                -807.921,
                -473.742
              ],
              [
                -811.981,
                -474.57
              ],
              [
                -816.277,
                -470.217
              ],
              [
                -819.4,
                -463.584
              ],
              [
                -821.666,
                -457.533
              ],
              [
                -823.938,
                -453.485
              ],
              [
                -825.624,
                -447.727
              ],
              [
                -824.994,
                -440.838
              ],
              [
                -823.214,
                -435.686
              ],
              [
                -821.72,
                -429.944
              ],
              [
                -826.297,
                -424.449
              ],
              [
                -832.316,
                -418.654
              ],
              [
                -835.765,
                -416.034
              ],
              [
                -840.389,
                -415.995
              ],
              [
                -844.732,
                -417.108
              ],
              [
                -847.666,
                -421.111
              ],
              [
                -849.708,
                -424.248
              ],
              [
                -852.339,
                -426.815
              ],
              [
                -853.813,
                -430.244
              ],
              [
                -853.838,
                -433.121
              ],
              [
                -852.149,
                -438.591
              ],
              [
                -846.401,
                -442.093
              ],
              [
                -838.597,
                -443.311
              ],
              [
                -834.269,
                -443.924
              ],
              [
                -831.991,
                -448.536
              ],
              [
                -828.858,
                -454.019
              ],
              [
                -829.479,
                -458.617
              ],
              [
                -831.54,
                -462.616
              ],
              [
                -832.151,
                -467.215
              ],
              [
                -830.458,
                -472.11
              ],
              [
                -825.863,
                -475.591
              ],
              [
                -822.728,
                -480.797
              ],
              [
                -822.461,
                -483.665
              ],
              [
                -819.326,
                -488.871
              ],
              [
                -814.15,
                -491.206
              ],
              [
                -805.474,
                -491.281
              ],
              [
                -800.522,
                -487.019
              ],
              [
                -798.162,
                -482.158
              ],
              [
                -798.397,
                -475.539
              ],
              [
                -801.512,
                -468.042
              ],
              [
                -803.23,
                -466.024
              ],
              [
                -805.772,
                -458.245
              ],
              [
                -807.18,
                -453.917
              ],
              [
                -808.0,
                -449.029
              ],
              [
                -809.689,
                -443.559
              ],
              [
                -813.152,
                -442.666
              ],
              [
                -815.193,
                -444.375
              ],
              [
                -816.09,
                -448.385
              ],
              [
                -812.691,
                -456.747
              ],
              [
                -810.13,
                -461.074
              ]
            ]
          ],
          [
            [
              [
                -854.253,
                -404.865
              ],
              [
                -851.172,
                -402.644
              ],
              [
                -848.071,
                -399.296
              ],
              [
                -848.193,
                -394.647
              ],
              [
                -853.334,
                -390.752
              ],
              [
                -860.273,
                -390.371
              ],
              [
                -866.06,
                -387.754
              ],
              [
                -871.016,
                -381.127
              ],
              [
                -875.045,
                -380.926
              ],
              [
                -880.074,
                -382.809
              ],
              [
                -881.392,
                -385.697
              ],
              [
                -881.757,
                -390.508
              ],
              [
                -880.179,
                -395.014
              ],
              [
                -874.709,
                -398.27
              ],
              [
                -868.933,
                -402.171
              ],
              [
                -863.977,
                -407.515
              ],
              [
                -859.942,
                -408.346
              ],
              [
                -857.022,
                -407.253
              ],
              [
                -854.253,
                -404.865
              ]
            ]
          ],
          [
            [
              [
                -744.127,
                -478.627
              ],
              [
                -740.363,
                -479.622
              ],
              [
                -737.399,
                -482.115
              ],
              [
                -734.743,
                -486.709
              ],
              [
                -734.113,
                -489.879
              ],
              [
                -733.807,
                -491.874
              ],
              [
                -733.4,
                -493.493
              ],
              [
                -734.316,
                -497.203
              ],
              [
                -736.726,
                -501.676
              ],
              [
                -737.452,
                -507.147
              ],
              [
                -736.08,
                -514.397
              ],
              [
                -733.961,
                -518.72
              ],
              [
                -730.437,
                -521.317
              ],
              [
                -725.929,
                -523.602
              ],
              [
                -724.158,
                -524.414
              ],
              [
                -721.594,
                -525.886
              ],
              [
                -724.684,
                -529.224
              ],
              [
                -727.318,
                -534.657
              ],
              [
                -727.844,
                -539.477
              ],
              [
                -725.46,
                -544.312
              ],
              [
                -721.96,
                -549.632
              ],
              [
                -718.425,
                -552.229
              ],
              [
                -714.231,
                -553.394
              ],
              [
                -711.968,
                -552.285
              ],
              [
                -709.517,
                -549.262
              ],
              [
                -707.379,
                -545.109
              ],
              [
                -704.262,
                -539.835
              ],
              [
                -702.761,
                -534.547
              ],
              [
                -699.674,
                -531.53
              ],
              [
                -697.38,
                -528.019
              ],
              [
                -697.177,
                -523.207
              ],
              [
                -700.54,
                -519.327
              ],
              [
                -703.255,
                -516.736
              ],
              [
                -709.041,
                -512.67
              ],
              [
                -709.314,
                -506.725
              ],
              [
                -707.512,
                -504.018
              ],
              [
                -705.384,
                -500.982
              ],
              [
                -704.221,
                -497.306
              ],
              [
                -704.675,
                -493.761
              ],
              [
                -707.548,
                -489.41
              ],
              [
                -712.85,
                -486.631
              ],
              [
                -717.016,
                -482.268
              ],
              [
                -719.559,
                -477.111
              ],
              [
                -719.988,
                -470.523
              ],
              [
                -719.454,
                -464.906
              ],
              [
                -720.386,
                -460.405
              ],
              [
                -723.887,
                -455.085
              ],
              [
                -726.579,
                -448.477
              ],
              [
                -729.108,
                -441.716
              ],
              [
                -732.754,
                -434.459
              ],
              [
                -740.134,
                -427.811
              ],
              [
                -748.469,
                -420.524
              ],
              [
                -754.077,
                -415.817
              ],
              [
                -759.039,
                -409.997
              ],
              [
                -761.897,
                -403.875
              ],
              [
                -764.251,
                -396.795
              ],
              [
                -767.443,
                -391.953
              ],
              [
                -775.3,
                -385.467
              ],
              [
                -781.558,
                -379.947
              ],
              [
                -786.354,
                -374.771
              ],
              [
                -791.175,
                -371.365
              ],
              [
                -795.157,
                -365.554
              ],
              [
                -797.692,
                -359.424
              ],
              [
                -800.069,
                -353.793
              ],
              [
                -802.587,
                -347.032
              ],
              [
                -805.591,
                -339.138
              ],
              [
                -808.615,
                -333.49
              ],
              [
                -810.827,
                -327.539
              ],
              [
                -812.208,
                -320.146
              ],
              [
                -812.975,
                -315.315
              ],
              [
                -815.019,
                -308.557
              ],
              [
                -817.559,
                -303.08
              ],
              [
                -821.552,
                -297.269
              ],
              [
                -822.13,
                -290.524
              ],
              [
                -823.03,
                -282.328
              ],
              [
                -824.419,
                -274.613
              ],
              [
                -823.399,
                -268.845
              ],
              [
                -823.343,
                -262.261
              ],
              [
                -823.938,
                -256.325
              ],
              [
                -824.87,
                -251.824
              ],
              [
                -827.1,
                -247.942
              ],
              [
                -831.111,
                -244.223
              ],
              [
                -836.58,
                -242.25
              ],
              [
                -841.427,
                -243.005
              ],
              [
                -846.631,
                -246.491
              ],
              [
                -849.741,
                -250.968
              ],
              [
                -851.728,
                -257.691
              ],
              [
                -851.16,
                -265.553
              ],
              [
                -849.457,
                -274.398
              ],
              [
                -848.082,
                -283.717
              ],
              [
                -847.001,
                -289.669
              ],
              [
                -844.319,
                -297.394
              ],
              [
                -843.722,
                -303.176
              ],
              [
                -845.706,
                -308.294
              ],
              [
                -847.523,
                -312.772
              ],
              [
                -849.181,
                -317.582
              ],
              [
                -849.214,
                -321.433
              ],
              [
                -848.294,
                -327.218
              ],
              [
                -845.436,
                -333.34
              ],
              [
                -841.606,
                -338.021
              ],
              [
                -839.54,
                -342.222
              ],
              [
                -834.589,
                -349.325
              ],
              [
                -830.914,
                -353.207
              ],
              [
                -827.708,
                -356.444
              ],
              [
                -824.332,
                -358.719
              ],
              [
                -821.779,
                -361.475
              ],
              [
                -819.881,
                -366.305
              ],
              [
                -818.616,
                -369.68
              ],
              [
                -816.21,
                -371.947
              ],
              [
                -813.645,
                -374.537
              ],
              [
                -812.389,
                -378.886
              ],
              [
                -811.015,
                -387.087
              ],
              [
                -807.394,
                -393.426
              ],
              [
                -803.146,
                -400.843
              ],
              [
                -799.416,
                -405.833
              ],
              [
                -793.761,
                -411.437
              ],
              [
                -787.368,
                -416.35
              ],
              [
                -780.664,
                -420.159
              ],
              [
                -775.33,
                -424.156
              ],
              [
                -771.96,
                -428.357
              ],
              [
                -768.941,
                -434.602
              ],
              [
                -766.333,
                -443.411
              ],
              [
                -762.945,
                -451.906
              ],
              [
                -762.253,
                -457.899
              ],
              [
                -762.433,
                -463.851
              ],
              [
                -760.547,
                -468.914
              ],
              [
                -758.152,
                -473.715
              ],
              [
                -754.456,
                -476.391
              ],
              [
                -749.382,
                -477.929
              ],
              [
                -744.127,
                -478.627
              ]
            ]
          ],
          [
            [
              [
                -894.257,
                -358.651
              ],
              [
                -892.623,
                -370.439
              ],
              [
                -889.492,
                -376.21
              ],
              [
                -882.558,
                -377.132
              ],
              [
                -876.47,
                -374.894
              ],
              [
                -873.541,
                -371.466
              ],
              [
                -867.725,
                -366.924
              ],
              [
                -867.969,
                -361.455
              ],
              [
                -869.951,
                -356.27
              ],
              [
                -873.356,
                -349.921
              ],
              [
                -876.216,
                -345.304
              ],
              [
                -883.403,
                -341.214
              ],
              [
                -890.855,
                -332.817
              ],
              [
                -894.537,
                -324.74
              ],
              [
                -896.82,
                -320.704
              ],
              [
                -899.978,
                -318.087
              ],
              [
                -902.284,
                -318.067
              ],
              [
                -907.155,
                -312.857
              ],
              [
                -908.856,
                -308.814
              ],
              [
                -907.655,
                -303.369
              ],
              [
                -906.164,
                -297.926
              ],
              [
                -906.955,
                -289.586
              ],
              [
                -911.516,
                -280.926
              ],
              [
                -916.603,
                -268.245
              ],
              [
                -924.601,
                -256.965
              ],
              [
                -931.182,
                -248.864
              ],
              [
                -937.205,
                -242.205
              ],
              [
                -944.668,
                -236.398
              ],
              [
                -952.76,
                -236.04
              ],
              [
                -959.467,
                -242.59
              ],
              [
                -959.502,
                -246.606
              ],
              [
                -957.542,
                -254.381
              ],
              [
                -953.842,
                -261.595
              ],
              [
                -949.884,
                -271.4
              ],
              [
                -943.317,
                -281.229
              ],
              [
                -940.244,
                -293.605
              ],
              [
                -940.338,
                -304.527
              ],
              [
                -934.659,
                -316.063
              ],
              [
                -926.641,
                -325.04
              ],
              [
                -913.975,
                -332.619
              ],
              [
                -905.664,
                -341.311
              ],
              [
                -897.645,
                -350.288
              ],
              [
                -894.257,
                -358.651
              ]
            ]
          ],
          [
            [
              [
                -868.153,
                -267.344
              ],
              [
                -873.334,
                -255.613
              ],
              [
                -883.818,
                -260.193
              ],
              [
                -878.637,
                -271.924
              ],
              [
                -868.153,
                -267.344
              ]
            ]
          ],
          [
            [
              [
                -869.302,
                -244.282
              ],
              [
                -874.022,
                -230.254
              ],
              [
                -885.502,
                -234.061
              ],
              [
                -880.782,
                -248.101
              ],
              [
                -869.302,
                -244.282
              ]
            ]
          ],
          [
            [
              [
                -883.029,
                -227.266
              ],
              [
                -875.495,
                -224.807
              ],
              [
                -879.109,
                -213.898
              ],
              [
                -886.643,
                -216.356
              ],
              [
                -883.029,
                -227.266
              ]
            ]
          ],
          [
            [
              [
                -845.638,
                -183.531
              ],
              [
                -847.43,
                -171.32
              ],
              [
                -859.356,
                -173.044
              ],
              [
                -857.574,
                -185.243
              ],
              [
                -845.638,
                -183.531
              ]
            ]
          ],
          [
            [
              [
                -780.227,
                -175.759
              ],
              [
                -771.915,
                -174.37
              ],
              [
                -774.049,
                -161.736
              ],
              [
                -782.361,
                -163.125
              ],
              [
                -780.227,
                -175.759
              ]
            ]
          ],
          [
            [
              [
                -822.714,
                -145.017
              ],
              [
                -824.688,
                -149.017
              ],
              [
                -823.918,
                -153.517
              ],
              [
                -821.851,
                -157.541
              ],
              [
                -822.699,
                -162.192
              ],
              [
                -825.007,
                -167.307
              ],
              [
                -825.85,
                -171.317
              ],
              [
                -823.148,
                -176.796
              ],
              [
                -819.609,
                -178.907
              ],
              [
                -815.097,
                -179.433
              ],
              [
                -812.015,
                -178.331
              ],
              [
                -808.759,
                -175.636
              ],
              [
                -806.646,
                -173.087
              ],
              [
                -805.474,
                -168.438
              ],
              [
                -806.256,
                -165.388
              ],
              [
                -808.0,
                -162.639
              ],
              [
                -809.417,
                -158.134
              ],
              [
                -810.344,
                -153.146
              ],
              [
                -811.266,
                -147.528
              ],
              [
                -812.528,
                -143.821
              ],
              [
                -816.072,
                -142.352
              ],
              [
                -819.947,
                -142.96
              ],
              [
                -822.714,
                -145.017
              ]
            ]
          ],
          [
            [
              [
                -915.35,
                -163.821
              ],
              [
                -915.577,
                -158.795
              ],
              [
                -911.831,
                -156.979
              ],
              [
                -908.381,
                -158.06
              ],
              [
                -906.017,
                -161.521
              ],
              [
                -906.321,
                -165.481
              ],
              [
                -904.499,
                -170.521
              ],
              [
                -903.203,
                -173.973
              ],
              [
                -903.511,
                -178.464
              ],
              [
                -905.41,
                -183.726
              ],
              [
                -902.528,
                -188.255
              ],
              [
                -897.756,
                -189.878
              ],
              [
                -892.692,
                -188.859
              ],
              [
                -889.986,
                -183.859
              ],
              [
                -889.121,
                -175.942
              ],
              [
                -893.34,
                -171.413
              ],
              [
                -897.28,
                -165.824
              ],
              [
                -898.283,
                -158.412
              ],
              [
                -898.73,
                -148.891
              ],
              [
                -900.003,
                -142.804
              ],
              [
                -903.168,
                -138.539
              ],
              [
                -909.019,
                -138.223
              ],
              [
                -912.724,
                -136.609
              ],
              [
                -915.35,
                -132.359
              ],
              [
                -919.292,
                -127.035
              ],
              [
                -923.255,
                -124.09
              ],
              [
                -928.578,
                -123.779
              ],
              [
                -932.575,
                -124.807
              ],
              [
                -937.924,
                -127.672
              ],
              [
                -942.479,
                -132.126
              ],
              [
                -944.665,
                -138.182
              ],
              [
                -944.743,
                -147.179
              ],
              [
                -940.263,
                -152.762
              ],
              [
                -934.972,
                -155.452
              ],
              [
                -930.998,
                -158.396
              ],
              [
                -928.624,
                -160.531
              ],
              [
                -924.407,
                -165.325
              ],
              [
                -922.589,
                -169.568
              ],
              [
                -920.215,
                -173.03
              ],
              [
                -916.23,
                -173.33
              ],
              [
                -914.09,
                -171.501
              ],
              [
                -914.056,
                -167.528
              ],
              [
                -915.35,
                -163.821
              ]
            ]
          ],
          [
            [
              [
                -785.173,
                -156.705
              ],
              [
                -777.951,
                -155.427
              ],
              [
                -779.792,
                -145.142
              ],
              [
                -787.014,
                -146.419
              ],
              [
                -785.173,
                -156.705
              ]
            ]
          ],
          [
            [
              [
                -861.279,
                -155.974
              ],
              [
                -850.743,
                -154.161
              ],
              [
                -854.492,
                -132.593
              ],
              [
                -865.039,
                -134.406
              ],
              [
                -861.279,
                -155.974
              ]
            ]
          ],
          [
            [
              [
                -781.595,
                -141.784
              ],
              [
                -783.785,
                -128.154
              ],
              [
                -791.287,
                -129.34
              ],
              [
                -789.086,
                -142.971
              ],
              [
                -781.595,
                -141.784
              ]
            ]
          ],
          [
            [
              [
                -866.534,
                -127.72
              ],
              [
                -857.639,
                -126.269
              ],
              [
                -860.591,
                -108.493
              ],
              [
                -869.486,
                -109.955
              ],
              [
                -866.534,
                -127.72
              ]
            ]
          ],
          [
            [
              [
                -788.543,
                -116.084
              ],
              [
                -790.38,
                -106.606
              ],
              [
                -798.014,
                -108.068
              ],
              [
                -796.176,
                -117.534
              ],
              [
                -788.543,
                -116.084
              ]
            ]
          ],
          [
            [
              [
                -939.522,
                -100.335
              ],
              [
                -928.508,
                -99.367
              ],
              [
                -929.246,
                -91.182
              ],
              [
                -940.249,
                -92.161
              ],
              [
                -939.522,
                -100.335
              ]
            ]
          ],
          [
            [
              [
                -840.403,
                -74.748
              ],
              [
                -843.861,
                -75.77
              ],
              [
                -846.517,
                -74.961
              ],
              [
                -847.835,
                -72.825
              ],
              [
                -848.338,
                -69.921
              ],
              [
                -846.99,
                -67.288
              ],
              [
                -845.354,
                -62.543
              ],
              [
                -845.335,
                -60.43
              ],
              [
                -846.358,
                -56.448
              ],
              [
                -848.993,
                -53.26
              ],
              [
                -852.172,
                -51.905
              ],
              [
                -855.643,
                -53.203
              ],
              [
                -858.292,
                -56.6
              ],
              [
                -858.642,
                -59.806
              ],
              [
                -858.51,
                -63.172
              ],
              [
                -858.218,
                -66.871
              ],
              [
                -856.5,
                -72.662
              ],
              [
                -854.915,
                -76.372
              ],
              [
                -852.683,
                -80.076
              ],
              [
                -849.643,
                -83.798
              ],
              [
                -845.8,
                -86.875
              ],
              [
                -843.881,
                -89.459
              ],
              [
                -843.425,
                -92.838
              ],
              [
                -843.613,
                -95.891
              ],
              [
                -843.686,
                -104.389
              ],
              [
                -843.084,
                -109.529
              ],
              [
                -839.554,
                -112.769
              ],
              [
                -836.673,
                -114.885
              ],
              [
                -832.808,
                -116.678
              ],
              [
                -829.754,
                -118.795
              ],
              [
                -826.238,
                -122.356
              ],
              [
                -822.716,
                -126.403
              ],
              [
                -819.986,
                -128.673
              ],
              [
                -817.076,
                -128.698
              ],
              [
                -815.465,
                -128.07
              ],
              [
                -814.146,
                -125.193
              ],
              [
                -813.642,
                -122.951
              ],
              [
                -814.247,
                -118.121
              ],
              [
                -815.66,
                -113.14
              ],
              [
                -816.583,
                -107.676
              ],
              [
                -818.959,
                -103.163
              ],
              [
                -822.003,
                -99.927
              ],
              [
                -824.575,
                -98.134
              ],
              [
                -826.188,
                -97.645
              ],
              [
                -828.588,
                -96.02
              ],
              [
                -829.865,
                -94.072
              ],
              [
                -830.162,
                -91.026
              ],
              [
                -829.492,
                -88.298
              ],
              [
                -828.5,
                -85.739
              ],
              [
                -827.191,
                -83.991
              ],
              [
                -825.895,
                -82.398
              ],
              [
                -825.879,
                -80.472
              ],
              [
                -827.381,
                -77.239
              ],
              [
                -829.495,
                -74.842
              ],
              [
                -833.198,
                -72.951
              ],
              [
                -836.925,
                -72.664
              ],
              [
                -840.403,
                -74.748
              ]
            ]
          ],
          [
            [
              [
                -907.504,
                -93.682
              ],
              [
                -908.921,
                -80.445
              ],
              [
                -919.473,
                -81.561
              ],
              [
                -918.056,
                -94.798
              ],
              [
                -907.504,
                -93.682
              ]
            ]
          ],
          [
            [
              [
                -899.923,
                -88.225
              ],
              [
                -889.221,
                -87.232
              ],
              [
                -890.209,
                -76.733
              ],
              [
                -900.911,
                -77.725
              ],
              [
                -899.923,
                -88.225
              ]
            ]
          ],
          [
            [
              [
                -881.518,
                -86.457
              ],
              [
                -864.766,
                -85.085
              ],
              [
                -865.616,
                -74.852
              ],
              [
                -882.368,
                -76.225
              ],
              [
                -881.518,
                -86.457
              ]
            ]
          ],
          [
            [
              [
                -921.859,
                -31.741
              ],
              [
                -918.719,
                -33.86
              ],
              [
                -916.273,
                -35.275
              ],
              [
                -913.485,
                -38.265
              ],
              [
                -912.297,
                -42.978
              ],
              [
                -910.749,
                -45.958
              ],
              [
                -909.196,
                -49.634
              ],
              [
                -906.225,
                -51.408
              ],
              [
                -903.432,
                -52.483
              ],
              [
                -900.087,
                -52.158
              ],
              [
                -897.261,
                -49.393
              ],
              [
                -896.537,
                -46.611
              ],
              [
                -895.275,
                -42.782
              ],
              [
                -894.711,
                -38.603
              ],
              [
                -895.206,
                -34.759
              ],
              [
                -895.527,
                -31.967
              ],
              [
                -896.213,
                -28.996
              ],
              [
                -897.755,
                -25.319
              ],
              [
                -901.062,
                -22.502
              ],
              [
                -903.683,
                -20.211
              ],
              [
                -907.524,
                -18.087
              ],
              [
                -910.848,
                -17.35
              ],
              [
                -913.301,
                -16.809
              ],
              [
                -915.946,
                -17.306
              ],
              [
                -918.054,
                -17.996
              ],
              [
                -919.818,
                -18.844
              ],
              [
                -920.887,
                -20.229
              ],
              [
                -922.836,
                -22.481
              ],
              [
                -923.56,
                -25.264
              ],
              [
                -922.885,
                -28.235
              ],
              [
                -921.859,
                -31.741
              ]
            ]
          ],
          [
            [
              [
                -875.117,
                -15.078
              ],
              [
                -863.333,
                -10.974
              ],
              [
                -871.793,
                12.969
              ],
              [
                -883.567,
                8.865
              ],
              [
                -875.117,
                -15.078
              ]
            ]
          ],
          [
            [
              [
                -889.854,
                17.307
              ],
              [
                -878.638,
                20.586
              ],
              [
                -883.089,
                35.664
              ],
              [
                -894.317,
                32.396
              ],
              [
                -889.854,
                17.307
              ]
            ]
          ],
          [
            [
              [
                -848.784,
                31.275
              ],
              [
                -841.629,
                19.715
              ],
              [
                -836.586,
                13.242
              ],
              [
                -833.517,
                5.425
              ],
              [
                -830.259,
                -4.352
              ],
              [
                -829.159,
                -13.126
              ],
              [
                -825.929,
                -24.852
              ],
              [
                -821.894,
                -34.437
              ],
              [
                -817.43,
                -40.517
              ],
              [
                -812.552,
                -43.669
              ],
              [
                -807.257,
                -43.327
              ],
              [
                -803.518,
                -41.024
              ],
              [
                -800.544,
                -37.342
              ],
              [
                -799.899,
                -31.305
              ],
              [
                -799.66,
                -26.051
              ],
              [
                -799.613,
                -20.595
              ],
              [
                -801.109,
                -12.781
              ],
              [
                -801.842,
                -6.544
              ],
              [
                -802.786,
                -2.253
              ],
              [
                -804.114,
                3.801
              ],
              [
                -805.225,
                11.225
              ],
              [
                -804.761,
                18.812
              ],
              [
                -806.253,
                28.375
              ],
              [
                -806.387,
                35.393
              ],
              [
                -807.314,
                41.642
              ],
              [
                -807.461,
                47.099
              ],
              [
                -810.145,
                54.725
              ],
              [
                -814.03,
                59.24
              ],
              [
                -816.523,
                65.105
              ],
              [
                -821.017,
                67.678
              ],
              [
                -824.131,
                70.427
              ],
              [
                -827.602,
                76.698
              ],
              [
                -830.708,
                80.233
              ],
              [
                -834.227,
                82.211
              ],
              [
                -836.727,
                87.301
              ],
              [
                -838.071,
                91.407
              ],
              [
                -841.567,
                94.746
              ],
              [
                -845.268,
                98.086
              ],
              [
                -847.569,
                103.761
              ],
              [
                -849.285,
                109.818
              ],
              [
                -848.257,
                115.265
              ],
              [
                -848.4,
                121.309
              ],
              [
                -850.114,
                127.554
              ],
              [
                -851.232,
                134.192
              ],
              [
                -854.129,
                139.485
              ],
              [
                -855.451,
                144.952
              ],
              [
                -857.16,
                151.783
              ],
              [
                -860.484,
                152.587
              ],
              [
                -864.021,
                152.429
              ],
              [
                -864.665,
                150.188
              ],
              [
                -864.104,
                146.476
              ],
              [
                -865.104,
                144.338
              ],
              [
                -866.104,
                142.011
              ],
              [
                -868.861,
                141.061
              ],
              [
                -866.327,
                134.908
              ],
              [
                -866.568,
                129.455
              ],
              [
                -869.929,
                125.975
              ],
              [
                -873.282,
                124.643
              ],
              [
                -876.046,
                121.546
              ],
              [
                -875.897,
                116.277
              ],
              [
                -872.016,
                111.374
              ],
              [
                -865.417,
                104.113
              ],
              [
                -861.739,
                98.04
              ],
              [
                -859.828,
                92.169
              ],
              [
                -859.093,
                86.131
              ],
              [
                -857.582,
                80.076
              ],
              [
                -855.7,
                70.698
              ],
              [
                -851.466,
                61.698
              ],
              [
                -846.415,
                56.198
              ],
              [
                -839.201,
                51.466
              ],
              [
                -834.735,
                45.574
              ],
              [
                -831.465,
                38.53
              ],
              [
                -828.572,
                32.662
              ],
              [
                -826.646,
                28.551
              ],
              [
                -826.298,
                23.877
              ],
              [
                -829.829,
                23.122
              ],
              [
                -832.159,
                25.477
              ],
              [
                -833.316,
                28.807
              ],
              [
                -834.451,
                33.487
              ],
              [
                -835.59,
                37.591
              ],
              [
                -837.303,
                44.036
              ],
              [
                -839.627,
                46.988
              ],
              [
                -843.338,
                49.156
              ],
              [
                -849.615,
                48.822
              ],
              [
                -852.172,
                47.284
              ],
              [
                -853.777,
                43.601
              ],
              [
                -851.682,
                36.567
              ],
              [
                -848.784,
                31.275
              ]
            ]
          ],
          [
            [
              [
                -845.995,
                177.882
              ],
              [
                -837.016,
                181.7
              ],
              [
                -842.036,
                193.352
              ],
              [
                -851.015,
                189.534
              ],
              [
                -845.995,
                177.882
              ]
            ]
          ],
          [
            [
              [
                -858.713,
                200.689
              ],
              [
                -852.432,
                203.999
              ],
              [
                -857.885,
                214.227
              ],
              [
                -864.165,
                210.928
              ],
              [
                -858.713,
                200.689
              ]
            ]
          ],
          [
            [
              [
                -863.44,
                220.107
              ],
              [
                -866.886,
                228.027
              ],
              [
                -873.896,
                225.021
              ],
              [
                -870.45,
                217.101
              ],
              [
                -863.44,
                220.107
              ]
            ]
          ],
          [
            [
              [
                -806.783,
                325.815
              ],
              [
                -806.805,
                324.553
              ],
              [
                -806.438,
                323.344
              ],
              [
                -805.714,
                322.297
              ],
              [
                -804.707,
                321.525
              ],
              [
                -803.514,
                321.094
              ],
              [
                -802.243,
                321.05
              ],
              [
                -801.022,
                321.394
              ],
              [
                -799.851,
                322.203
              ],
              [
                -799.022,
                323.358
              ],
              [
                -798.643,
                324.715
              ],
              [
                -798.761,
                326.133
              ],
              [
                -799.353,
                327.422
              ],
              [
                -800.347,
                328.426
              ],
              [
                -801.635,
                329.035
              ],
              [
                -803.046,
                329.169
              ],
              [
                -804.429,
                328.827
              ],
              [
                -805.6,
                328.029
              ],
              [
                -806.363,
                327.006
              ],
              [
                -806.783,
                325.815
              ]
            ]
          ],
          [
            [
              [
                -794.767,
                368.218
              ],
              [
                -793.139,
                368.215
              ],
              [
                -791.43,
                368.953
              ],
              [
                -790.301,
                369.884
              ],
              [
                -789.375,
                370.938
              ],
              [
                -788.782,
                372.294
              ],
              [
                -788.82,
                374.098
              ],
              [
                -789.195,
                375.64
              ],
              [
                -789.893,
                377.195
              ],
              [
                -782.026,
                380.724
              ],
              [
                -786.873,
                389.951
              ],
              [
                -796.842,
                385.112
              ],
              [
                -796.485,
                383.98
              ],
              [
                -796.377,
                382.784
              ],
              [
                -796.642,
                382.122
              ],
              [
                -797.424,
                381.41
              ],
              [
                -798.743,
                380.923
              ],
              [
                -800.164,
                381.101
              ],
              [
                -801.075,
                381.751
              ],
              [
                -801.808,
                382.952
              ],
              [
                -804.407,
                381.558
              ],
              [
                -799.031,
                371.209
              ],
              [
                -797.999,
                369.607
              ],
              [
                -796.552,
                368.654
              ],
              [
                -794.767,
                368.218
              ]
            ]
          ],
          [
            [
              [
                -879.429,
                478.227
              ],
              [
                -876.889,
                477.839
              ],
              [
                -874.362,
                478.294
              ],
              [
                -872.11,
                479.525
              ],
              [
                -870.347,
                481.446
              ],
              [
                -869.324,
                483.85
              ],
              [
                -869.14,
                486.449
              ],
              [
                -869.83,
                488.967
              ],
              [
                -871.31,
                491.116
              ],
              [
                -873.42,
                492.672
              ],
              [
                -875.925,
                493.446
              ],
              [
                -878.555,
                493.358
              ],
              [
                -880.999,
                492.427
              ],
              [
                -883.008,
                490.751
              ],
              [
                -884.331,
                488.56
              ],
              [
                -884.87,
                486.064
              ],
              [
                -884.579,
                483.538
              ],
              [
                -883.489,
                481.227
              ],
              [
                -881.704,
                479.397
              ],
              [
                -879.429,
                478.227
              ]
            ]
          ],
          [
            [
              [
                -761.127,
                -1122.962
              ],
              [
                -756.853,
                -1120.397
              ],
              [
                -766.229,
                -1104.989
              ],
              [
                -772.472,
                -1108.737
              ],
              [
                -761.127,
                -1122.962
              ]
            ]
          ],
          [
            [
              [
                -550.559,
                -636.744
              ],
              [
                -553.93,
                -640.201
              ],
              [
                -555.439,
                -643.94
              ],
              [
                -554.319,
                -657.893
              ],
              [
                -548.472,
                -653.572
              ],
              [
                -543.045,
                -647.986
              ],
              [
                -538.818,
                -641.504
              ],
              [
                -536.154,
                -633.88
              ],
              [
                -550.559,
                -636.744
              ]
            ]
          ],
          [
            [
              [
                -472.422,
                -567.927
              ],
              [
                -501.612,
                -542.722
              ],
              [
                -535.144,
                -513.463
              ],
              [
                -544.925,
                -544.067
              ],
              [
                -550.055,
                -562.88
              ],
              [
                -554.522,
                -594.857
              ],
              [
                -555.025,
                -604.492
              ],
              [
                -552.154,
                -606.53
              ],
              [
                -543.451,
                -604.79
              ],
              [
                -524.281,
                -600.605
              ],
              [
                -507.622,
                -594.96
              ],
              [
                -490.303,
                -586.543
              ],
              [
                -477.072,
                -578.511
              ],
              [
                -469.042,
                -570.955
              ],
              [
                -472.422,
                -567.927
              ]
            ]
          ],
          [
            [
              [
                -758.511,
                -582.108
              ],
              [
                -751.926,
                -578.557
              ],
              [
                -757.488,
                -568.394
              ],
              [
                -764.061,
                -571.946
              ],
              [
                -758.511,
                -582.108
              ]
            ]
          ],
          [
            [
              [
                -765.822,
                -568.633
              ],
              [
                -759.33,
                -564.461
              ],
              [
                -766.15,
                -554.0
              ],
              [
                -772.642,
                -558.183
              ],
              [
                -765.822,
                -568.633
              ]
            ]
          ],
          [
            [
              [
                -659.52,
                -531.454
              ],
              [
                -652.884,
                -529.397
              ],
              [
                -656.168,
                -518.933
              ],
              [
                -662.804,
                -520.99
              ],
              [
                -659.52,
                -531.454
              ]
            ]
          ],
          [
            [
              [
                -668.25,
                -512.466
              ],
              [
                -660.737,
                -509.952
              ],
              [
                -663.954,
                -500.452
              ],
              [
                -671.467,
                -502.966
              ],
              [
                -668.25,
                -512.466
              ]
            ]
          ],
          [
            [
              [
                -664.941,
                -493.549
              ],
              [
                -667.911,
                -484.183
              ],
              [
                -677.682,
                -487.242
              ],
              [
                -674.701,
                -496.608
              ],
              [
                -664.941,
                -493.549
              ]
            ]
          ],
          [
            [
              [
                -682.078,
                -479.524
              ],
              [
                -673.853,
                -476.928
              ],
              [
                -677.202,
                -466.441
              ],
              [
                -685.427,
                -469.038
              ],
              [
                -682.078,
                -479.524
              ]
            ]
          ],
          [
            [
              [
                -479.811,
                -402.376
              ],
              [
                -465.962,
                -416.615
              ],
              [
                -423.121,
                -453.812
              ],
              [
                -403.533,
                -470.015
              ],
              [
                -383.32,
                -483.7
              ],
              [
                -367.756,
                -468.661
              ],
              [
                -358.932,
                -461.709
              ],
              [
                -337.977,
                -447.846
              ],
              [
                -369.844,
                -438.122
              ],
              [
                -402.149,
                -426.746
              ],
              [
                -436.846,
                -413.877
              ],
              [
                -477.601,
                -398.61
              ],
              [
                -480.374,
                -398.918
              ],
              [
                -479.811,
                -402.376
              ]
            ]
          ],
          [
            [
              [
                -784.678,
                -204.616
              ],
              [
                -783.841,
                -201.248
              ],
              [
                -783.966,
                -196.919
              ],
              [
                -784.893,
                -191.932
              ],
              [
                -787.758,
                -187.901
              ],
              [
                -791.618,
                -185.455
              ],
              [
                -794.683,
                -184.621
              ],
              [
                -798.07,
                -184.913
              ],
              [
                -801.476,
                -186.179
              ],
              [
                -804.566,
                -188.233
              ],
              [
                -806.684,
                -191.424
              ],
              [
                -806.417,
                -198.011
              ],
              [
                -804.712,
                -205.241
              ],
              [
                -802.852,
                -214.574
              ],
              [
                -800.328,
                -221.978
              ],
              [
                -797.991,
                -232.267
              ],
              [
                -796.623,
                -242.394
              ],
              [
                -795.69,
                -246.729
              ],
              [
                -790.749,
                -253.832
              ],
              [
                -785.653,
                -262.872
              ],
              [
                -782.489,
                -269.794
              ],
              [
                -779.5,
                -279.459
              ],
              [
                -778.904,
                -285.395
              ],
              [
                -778.319,
                -292.627
              ],
              [
                -776.908,
                -297.774
              ],
              [
                -775.501,
                -302.124
              ],
              [
                -771.655,
                -306.163
              ],
              [
                -768.795,
                -311.964
              ],
              [
                -767.06,
                -317.114
              ],
              [
                -765.187,
                -323.715
              ],
              [
                -763.293,
                -329.032
              ],
              [
                -763.334,
                -333.845
              ],
              [
                -764.669,
                -338.648
              ],
              [
                -766.002,
                -343.284
              ],
              [
                -765.893,
                -349.394
              ],
              [
                -763.509,
                -354.228
              ],
              [
                -760.149,
                -358.429
              ],
              [
                -754.212,
                -362.486
              ],
              [
                -748.596,
                -367.514
              ],
              [
                -741.407,
                -376.407
              ],
              [
                -737.905,
                -382.856
              ],
              [
                -732.829,
                -393.014
              ],
              [
                -725.977,
                -403.497
              ],
              [
                -720.826,
                -406.109
              ],
              [
                -714.056,
                -407.296
              ],
              [
                -710.329,
                -406.365
              ],
              [
                -706.109,
                -404.476
              ],
              [
                -703.819,
                -400.157
              ],
              [
                -702.818,
                -396.635
              ],
              [
                -704.211,
                -389.397
              ],
              [
                -707.845,
                -380.701
              ],
              [
                -711.003,
                -371.854
              ],
              [
                -711.929,
                -366.7
              ],
              [
                -715.268,
                -360.098
              ],
              [
                -718.275,
                -353.808
              ],
              [
                -721.448,
                -346.721
              ],
              [
                -721.575,
                -342.703
              ],
              [
                -722.185,
                -338.37
              ],
              [
                -726.638,
                -330.951
              ],
              [
                -729.825,
                -325.468
              ],
              [
                -736.852,
                -316.576
              ],
              [
                -739.555,
                -311.252
              ],
              [
                -741.461,
                -307.23
              ],
              [
                -742.189,
                -297.906
              ],
              [
                -742.588,
                -287.798
              ],
              [
                -742.538,
                -282.022
              ],
              [
                -743.939,
                -275.747
              ],
              [
                -746.774,
                -268.175
              ],
              [
                -750.735,
                -258.679
              ],
              [
                -754.997,
                -246.602
              ],
              [
                -758.318,
                -239.192
              ],
              [
                -763.124,
                -234.016
              ],
              [
                -768.102,
                -231.24
              ],
              [
                -772.944,
                -230.236
              ],
              [
                -775.997,
                -229.247
              ],
              [
                -777.759,
                -227.306
              ],
              [
                -779.027,
                -224.407
              ],
              [
                -780.452,
                -220.864
              ],
              [
                -782.514,
                -216.188
              ],
              [
                -784.909,
                -212.637
              ],
              [
                -785.513,
                -208.947
              ],
              [
                -784.678,
                -204.616
              ]
            ]
          ],
          [
            [
              [
                -587.195,
                -290.559
              ],
              [
                -583.928,
                -280.361
              ],
              [
                -577.239,
                -259.558
              ],
              [
                -596.586,
                -253.084
              ],
              [
                -607.8,
                -249.757
              ],
              [
                -602.302,
                -262.265
              ],
              [
                -594.06,
                -279.013
              ],
              [
                -587.195,
                -290.559
              ]
            ]
          ],
          [
            [
              [
                -664.68,
                -250.708
              ],
              [
                -671.506,
                -251.014
              ],
              [
                -679.69,
                -251.309
              ],
              [
                -687.564,
                -249.449
              ],
              [
                -696.855,
                -245.518
              ],
              [
                -705.27,
                -240.101
              ],
              [
                -711.261,
                -232.281
              ],
              [
                -714.297,
                -223.07
              ],
              [
                -714.057,
                -215.181
              ],
              [
                -712.059,
                -207.175
              ],
              [
                -707.836,
                -198.712
              ],
              [
                -749.308,
                -184.07
              ],
              [
                -754.103,
                -168.746
              ],
              [
                -735.493,
                -105.45
              ],
              [
                -767.401,
                -93.025
              ],
              [
                -768.834,
                -74.123
              ],
              [
                -769.811,
                -59.805
              ],
              [
                -770.18,
                -43.822
              ],
              [
                -734.375,
                -39.116
              ],
              [
                -738.841,
                -37.097
              ],
              [
                -770.394,
                -41.031
              ],
              [
                -780.576,
                57.371
              ],
              [
                -790.1,
                89.335
              ],
              [
                -798.509,
                119.364
              ],
              [
                -804.424,
                144.746
              ],
              [
                -806.703,
                156.861
              ],
              [
                -810.642,
                171.37
              ],
              [
                -819.058,
                197.958
              ],
              [
                -831.431,
                233.278
              ],
              [
                -840.654,
                270.153
              ],
              [
                -856.226,
                320.839
              ],
              [
                -869.82,
                362.045
              ],
              [
                -903.358,
                410.55
              ],
              [
                -908.844,
                404.333
              ],
              [
                -892.821,
                379.783
              ],
              [
                -877.379,
                354.187
              ],
              [
                -864.547,
                310.884
              ],
              [
                -857.996,
                286.647
              ],
              [
                -851.122,
                262.53
              ],
              [
                -846.9,
                249.579
              ],
              [
                -843.853,
                237.833
              ],
              [
                -839.019,
                219.587
              ],
              [
                -823.883,
                155.725
              ],
              [
                -796.698,
                60.342
              ],
              [
                -783.462,
                -101.84
              ],
              [
                -777.974,
                -122.947
              ],
              [
                -760.496,
                -183.941
              ],
              [
                -726.82,
                -291.818
              ],
              [
                -720.43,
                -309.701
              ],
              [
                -674.639,
                -439.118
              ],
              [
                -636.831,
                -551.689
              ],
              [
                -615.116,
                -620.3
              ],
              [
                -599.782,
                -615.861
              ],
              [
                -607.981,
                -592.717
              ],
              [
                -638.011,
                -504.536
              ],
              [
                -639.731,
                -497.704
              ],
              [
                -647.972,
                -469.425
              ],
              [
                -642.818,
                -463.029
              ],
              [
                -654.202,
                -430.451
              ],
              [
                -658.903,
                -425.486
              ],
              [
                -663.035,
                -420.858
              ],
              [
                -666.942,
                -413.875
              ],
              [
                -675.752,
                -389.187
              ],
              [
                -681.558,
                -368.598
              ],
              [
                -686.679,
                -349.841
              ],
              [
                -692.511,
                -324.77
              ],
              [
                -664.68,
                -250.708
              ]
            ]
          ],
          [
            [
              [
                -628.291,
                -213.172
              ],
              [
                -625.916,
                -207.737
              ],
              [
                -624.855,
                -203.441
              ],
              [
                -624.925,
                -197.786
              ],
              [
                -626.4,
                -193.855
              ],
              [
                -630.197,
                -190.359
              ],
              [
                -635.195,
                -187.384
              ],
              [
                -640.556,
                -185.39
              ],
              [
                -648.525,
                -184.469
              ],
              [
                -656.801,
                -185.383
              ],
              [
                -666.187,
                -187.616
              ],
              [
                -675.008,
                -190.55
              ],
              [
                -684.191,
                -195.418
              ],
              [
                -692.577,
                -201.732
              ],
              [
                -699.053,
                -208.98
              ],
              [
                -702.484,
                -215.602
              ],
              [
                -703.266,
                -221.36
              ],
              [
                -702.868,
                -226.488
              ],
              [
                -700.976,
                -230.798
              ],
              [
                -698.203,
                -234.33
              ],
              [
                -694.284,
                -237.329
              ],
              [
                -688.148,
                -239.584
              ],
              [
                -680.882,
                -240.686
              ],
              [
                -672.836,
                -240.169
              ],
              [
                -666.464,
                -238.796
              ],
              [
                -659.864,
                -237.193
              ],
              [
                -650.683,
                -233.774
              ],
              [
                -643.133,
                -229.468
              ],
              [
                -637.183,
                -224.461
              ],
              [
                -632.273,
                -218.76
              ],
              [
                -628.291,
                -213.172
              ]
            ]
          ],
          [
            [
              [
                -640.329,
                -77.206
              ],
              [
                -638.452,
                -93.313
              ],
              [
                -636.41,
                -106.621
              ],
              [
                -634.144,
                -110.082
              ],
              [
                -630.203,
                -110.625
              ],
              [
                -627.871,
                -108.919
              ],
              [
                -626.39,
                -104.626
              ],
              [
                -613.928,
                -66.808
              ],
              [
                -623.078,
                -69.098
              ],
              [
                -629.427,
                -67.893
              ],
              [
                -636.068,
                -66.685
              ],
              [
                -641.543,
                -62.909
              ],
              [
                -640.329,
                -77.206
              ]
            ]
          ],
          [
            [
              [
                -476.76,
                -84.075
              ],
              [
                -475.45,
                -80.932
              ],
              [
                -474.656,
                -77.586
              ],
              [
                -474.464,
                -74.024
              ],
              [
                -474.433,
                -70.406
              ],
              [
                -475.02,
                -67.147
              ],
              [
                -476.069,
                -63.829
              ],
              [
                -477.883,
                -60.405
              ],
              [
                -479.906,
                -57.533
              ],
              [
                -483.231,
                -54.273
              ],
              [
                -497.451,
                -97.31
              ],
              [
                -493.567,
                -96.868
              ],
              [
                -490.077,
                -95.924
              ],
              [
                -486.432,
                -94.549
              ],
              [
                -483.73,
                -92.348
              ],
              [
                -481.113,
                -90.146
              ],
              [
                -478.727,
                -87.212
              ],
              [
                -476.76,
                -84.075
              ]
            ]
          ],
          [
            [
              [
                -520.676,
                -71.736
              ],
              [
                -519.203,
                -75.898
              ],
              [
                -517.023,
                -79.303
              ],
              [
                -513.911,
                -82.285
              ],
              [
                -510.105,
                -72.081
              ],
              [
                -521.024,
                -68.291
              ],
              [
                -520.676,
                -71.736
              ]
            ]
          ],
          [
            [
              [
                -698.959,
                -35.956
              ],
              [
                -712.533,
                -36.271
              ],
              [
                -714.959,
                -36.339
              ],
              [
                -714.079,
                -46.849
              ],
              [
                -711.343,
                -52.129
              ],
              [
                -706.456,
                -60.437
              ],
              [
                -702.849,
                -68.48
              ],
              [
                -701.105,
                -74.991
              ],
              [
                -700.015,
                -81.154
              ],
              [
                -678.759,
                -78.614
              ],
              [
                -681.617,
                -51.166
              ],
              [
                -683.525,
                -24.79
              ],
              [
                -699.484,
                -25.527
              ],
              [
                -698.959,
                -35.956
              ]
            ]
          ],
          [
            [
              [
                -508.615,
                -45.324
              ],
              [
                -512.529,
                -47.979
              ],
              [
                -515.219,
                -51.199
              ],
              [
                -504.847,
                -54.718
              ],
              [
                -501.325,
                -43.77
              ],
              [
                -505.476,
                -43.846
              ],
              [
                -508.615,
                -45.324
              ]
            ]
          ],
          [
            [
              [
                -606.652,
                -40.355
              ],
              [
                -638.993,
                -38.296
              ],
              [
                -638.091,
                -43.716
              ],
              [
                -635.405,
                -48.519
              ],
              [
                -631.243,
                -52.141
              ],
              [
                -626.108,
                -54.177
              ],
              [
                -620.58,
                -54.379
              ],
              [
                -615.317,
                -52.72
              ],
              [
                -611.108,
                -49.624
              ],
              [
                -608.118,
                -45.356
              ],
              [
                -606.652,
                -40.355
              ]
            ]
          ],
          [
            [
              [
                -637.548,
                -15.578
              ],
              [
                -624.132,
                25.452
              ],
              [
                -634.018,
                29.078
              ],
              [
                -632.24,
                39.045
              ],
              [
                -635.963,
                39.796
              ],
              [
                -637.513,
                23.763
              ],
              [
                -637.942,
                -6.179
              ],
              [
                -637.548,
                -15.578
              ]
            ]
          ],
          [
            [
              [
                -681.316,
                94.521
              ],
              [
                -677.861,
                117.765
              ],
              [
                -687.214,
                119.405
              ],
              [
                -690.959,
                96.286
              ],
              [
                -681.316,
                94.521
              ]
            ]
          ],
          [
            [
              [
                -466.913,
                155.574
              ],
              [
                -467.685,
                153.522
              ],
              [
                -468.516,
                149.623
              ],
              [
                -472.386,
                150.918
              ],
              [
                -507.55,
                163.093
              ],
              [
                -515.719,
                165.886
              ],
              [
                -520.904,
                150.736
              ],
              [
                -524.309,
                140.761
              ],
              [
                -440.62,
                111.846
              ],
              [
                -424.295,
                106.206
              ],
              [
                -421.166,
                105.124
              ],
              [
                -421.533,
                104.025
              ],
              [
                -413.731,
                101.202
              ],
              [
                -412.747,
                102.212
              ],
              [
                -409.206,
                100.987
              ],
              [
                -397.857,
                97.071
              ],
              [
                -375.963,
                89.624
              ],
              [
                -361.187,
                85.669
              ],
              [
                -357.415,
                96.924
              ],
              [
                -355.535,
                102.475
              ],
              [
                -354.615,
                105.355
              ],
              [
                -352.858,
                109.18
              ],
              [
                -352.736,
                110.839
              ],
              [
                -409.217,
                129.914
              ],
              [
                -417.654,
                132.764
              ],
              [
                -416.747,
                135.457
              ],
              [
                -425.402,
                137.999
              ],
              [
                -461.202,
                150.28
              ],
              [
                -460.913,
                151.395
              ],
              [
                -461.544,
                154.477
              ],
              [
                -462.805,
                156.977
              ],
              [
                -465.392,
                156.978
              ],
              [
                -466.913,
                155.574
              ]
            ]
          ],
          [
            [
              [
                -427.22,
                158.631
              ],
              [
                -426.814,
                159.458
              ],
              [
                -427.032,
                160.411
              ],
              [
                -427.619,
                161.136
              ],
              [
                -428.699,
                162.075
              ],
              [
                -430.76,
                163.077
              ],
              [
                -433.533,
                164.031
              ],
              [
                -436.105,
                164.495
              ],
              [
                -438.107,
                164.855
              ],
              [
                -440.198,
                164.907
              ],
              [
                -441.851,
                164.456
              ],
              [
                -442.571,
                163.51
              ],
              [
                -442.571,
                162.193
              ],
              [
                -441.739,
                161.157
              ],
              [
                -440.656,
                160.528
              ],
              [
                -438.174,
                159.611
              ],
              [
                -435.713,
                158.726
              ],
              [
                -433.379,
                158.142
              ],
              [
                -431.064,
                157.867
              ],
              [
                -430.051,
                157.826
              ],
              [
                -428.098,
                158.019
              ],
              [
                -427.22,
                158.631
              ]
            ]
          ],
          [
            [
              [
                -559.544,
                173.765
              ],
              [
                -553.684,
                174.566
              ],
              [
                -548.728,
                178.065
              ],
              [
                -541.622,
                175.813
              ],
              [
                -540.633,
                171.754
              ],
              [
                -539.299,
                168.877
              ],
              [
                -537.659,
                166.627
              ],
              [
                -511.123,
                245.514
              ],
              [
                -573.011,
                266.318
              ],
              [
                -587.388,
                236.352
              ],
              [
                -598.443,
                210.529
              ],
              [
                -595.383,
                209.042
              ],
              [
                -563.192,
                188.249
              ],
              [
                -560.126,
                181.239
              ],
              [
                -559.544,
                173.765
              ]
            ]
          ],
          [
            [
              [
                -718.722,
                247.483
              ],
              [
                -724.972,
                245.135
              ],
              [
                -730.523,
                241.453
              ],
              [
                -735.113,
                236.634
              ],
              [
                -738.504,
                230.909
              ],
              [
                -740.509,
                224.585
              ],
              [
                -741.04,
                217.972
              ],
              [
                -740.072,
                211.401
              ],
              [
                -737.646,
                205.216
              ],
              [
                -733.888,
                199.728
              ],
              [
                -728.99,
                195.215
              ],
              [
                -723.198,
                191.912
              ],
              [
                -716.392,
                189.895
              ],
              [
                -709.302,
                189.557
              ],
              [
                -702.327,
                190.903
              ],
              [
                -695.878,
                193.846
              ],
              [
                -690.321,
                198.247
              ],
              [
                -685.972,
                203.821
              ],
              [
                -683.082,
                210.27
              ],
              [
                -681.826,
                217.209
              ],
              [
                -682.262,
                224.262
              ],
              [
                -684.381,
                230.998
              ],
              [
                -688.037,
                237.038
              ],
              [
                -693.05,
                242.05
              ],
              [
                -699.108,
                245.732
              ],
              [
                -705.45,
                247.789
              ],
              [
                -712.107,
                248.378
              ],
              [
                -718.722,
                247.483
              ]
            ]
          ],
          [
            [
              [
                -496.024,
                379.865
              ],
              [
                -469.968,
                371.375
              ],
              [
                -467.151,
                380.591
              ],
              [
                -466.131,
                385.219
              ],
              [
                -466.765,
                389.208
              ],
              [
                -469.526,
                392.729
              ],
              [
                -473.433,
                394.644
              ],
              [
                -477.828,
                395.002
              ],
              [
                -482.617,
                393.361
              ],
              [
                -487.027,
                389.526
              ],
              [
                -496.024,
                379.865
              ]
            ]
          ],
          [
            [
              [
                -459.291,
                395.95
              ],
              [
                -457.919,
                395.075
              ],
              [
                -456.534,
                395.716
              ],
              [
                -445.474,
                427.216
              ],
              [
                -444.892,
                429.69
              ],
              [
                -444.898,
                431.527
              ],
              [
                -445.912,
                432.654
              ],
              [
                -447.26,
                432.577
              ],
              [
                -448.874,
                431.672
              ],
              [
                -451.566,
                429.46
              ],
              [
                -463.349,
                419.236
              ],
              [
                -475.329,
                407.364
              ],
              [
                -475.721,
                405.641
              ],
              [
                -474.297,
                404.512
              ],
              [
                -469.613,
                403.962
              ],
              [
                -464.939,
                402.251
              ],
              [
                -460.872,
                398.907
              ],
              [
                -459.291,
                395.95
              ]
            ]
          ],
          [
            [
              [
                -247.046,
                -617.044
              ],
              [
                -257.585,
                -610.414
              ],
              [
                -269.664,
                -607.334
              ],
              [
                -282.111,
                -608.123
              ],
              [
                -294.886,
                -613.415
              ],
              [
                -305.066,
                -622.734
              ],
              [
                -311.423,
                -634.952
              ],
              [
                -313.2,
                -648.604
              ],
              [
                -310.167,
                -662.021
              ],
              [
                -302.699,
                -673.605
              ],
              [
                -291.7,
                -681.954
              ],
              [
                -278.476,
                -686.051
              ],
              [
                -264.652,
                -685.417
              ],
              [
                -253.057,
                -680.846
              ],
              [
                -243.46,
                -672.95
              ],
              [
                -236.785,
                -662.471
              ],
              [
                -233.696,
                -650.469
              ],
              [
                -234.485,
                -638.101
              ],
              [
                -239.086,
                -626.585
              ],
              [
                -247.046,
                -617.044
              ]
            ]
          ],
          [
            [
              [
                11.302,
                -459.686
              ],
              [
                -18.678,
                -550.717
              ],
              [
                -16.669,
                -557.817
              ],
              [
                10.642,
                -565.896
              ],
              [
                44.644,
                -571.776
              ],
              [
                69.282,
                -573.38
              ],
              [
                73.191,
                -568.855
              ],
              [
                72.768,
                -552.727
              ],
              [
                74.224,
                -531.248
              ],
              [
                77.897,
                -507.598
              ],
              [
                83.939,
                -484.211
              ],
              [
                11.302,
                -459.686
              ]
            ]
          ],
          [
            [
              [
                -43.844,
                -545.223
              ],
              [
                -37.731,
                -542.553
              ],
              [
                -7.507,
                -453.173
              ],
              [
                -84.672,
                -427.515
              ],
              [
                -109.458,
                -499.832
              ],
              [
                -94.759,
                -512.95
              ],
              [
                -78.949,
                -524.683
              ],
              [
                -61.569,
                -535.566
              ],
              [
                -43.844,
                -545.223
              ]
            ]
          ],
          [
            [
              [
                -21.713,
                -363.602
              ],
              [
                -21.059,
                -365.256
              ],
              [
                -18.997,
                -366.104
              ],
              [
                -8.522,
                -365.198
              ],
              [
                -4.45,
                -364.159
              ],
              [
                -1.188,
                -362.206
              ],
              [
                -0.338,
                -359.823
              ],
              [
                0.175,
                -357.769
              ],
              [
                -0.892,
                -356.52
              ],
              [
                -6.027,
                -354.495
              ],
              [
                -9.343,
                -354.058
              ],
              [
                -11.847,
                -355.597
              ],
              [
                -20.78,
                -361.54
              ],
              [
                -21.713,
                -363.602
              ]
            ]
          ],
          [
            [
              [
                -56.493,
                -346.627
              ],
              [
                -61.408,
                -362.964
              ],
              [
                -60.995,
                -365.114
              ],
              [
                -58.99,
                -367.577
              ],
              [
                -55.819,
                -368.611
              ],
              [
                -43.099,
                -368.576
              ],
              [
                -39.906,
                -367.021
              ],
              [
                -39.31,
                -365.443
              ],
              [
                -39.288,
                -362.865
              ],
              [
                -51.874,
                -347.242
              ],
              [
                -54.321,
                -345.927
              ],
              [
                -56.493,
                -346.627
              ]
            ]
          ],
          [
            [
              [
                -45.859,
                -342.192
              ],
              [
                -46.705,
                -344.0
              ],
              [
                -38.087,
                -356.036
              ],
              [
                -34.466,
                -359.941
              ],
              [
                -31.567,
                -361.205
              ],
              [
                -29.484,
                -359.651
              ],
              [
                -20.039,
                -353.136
              ],
              [
                -18.613,
                -351.411
              ],
              [
                -19.18,
                -349.757
              ],
              [
                -40.211,
                -342.152
              ],
              [
                -44.103,
                -341.045
              ],
              [
                -45.859,
                -342.192
              ]
            ]
          ],
          [
            [
              [
                -180.851,
                -350.09
              ],
              [
                -169.575,
                -353.805
              ],
              [
                -160.785,
                -327.963
              ],
              [
                -153.605,
                -302.671
              ],
              [
                -240.792,
                -272.887
              ],
              [
                -254.445,
                -313.992
              ],
              [
                -244.146,
                -319.702
              ],
              [
                -233.792,
                -325.335
              ],
              [
                -218.694,
                -333.277
              ],
              [
                -199.975,
                -342.667
              ],
              [
                -180.851,
                -350.09
              ]
            ]
          ],
          [
            [
              [
                -330.608,
                -322.426
              ],
              [
                -286.573,
                -336.027
              ],
              [
                -274.571,
                -301.536
              ],
              [
                -312.752,
                -268.884
              ],
              [
                -330.608,
                -322.426
              ]
            ]
          ],
          [
            [
              [
                -285.395,
                -271.509
              ],
              [
                -270.457,
                -284.275
              ],
              [
                -264.018,
                -266.247
              ],
              [
                -264.987,
                -263.55
              ],
              [
                -305.966,
                -249.288
              ],
              [
                -307.316,
                -252.165
              ],
              [
                -304.595,
                -255.342
              ],
              [
                -296.786,
                -262.37
              ],
              [
                -285.395,
                -271.509
              ]
            ]
          ],
          [
            [
              [
                -23.254,
                -178.159
              ],
              [
                -22.514,
                -176.03
              ],
              [
                -17.617,
                -161.829
              ],
              [
                -183.315,
                -106.408
              ],
              [
                -197.524,
                -149.434
              ],
              [
                -111.261,
                -178.779
              ],
              [
                -32.758,
                -205.479
              ],
              [
                -23.254,
                -178.159
              ]
            ]
          ],
          [
            [
              [
                91.9,
                -170.611
              ],
              [
                96.039,
                -171.952
              ],
              [
                102.196,
                -153.978
              ],
              [
                98.113,
                -152.504
              ],
              [
                91.9,
                -170.611
              ]
            ]
          ],
          [
            [
              [
                -418.003,
                -84.136
              ],
              [
                -393.251,
                -10.833
              ],
              [
                -424.813,
                0.482
              ],
              [
                -425.294,
                -26.782
              ],
              [
                -422.262,
                -56.566
              ],
              [
                -418.003,
                -84.136
              ]
            ]
          ],
          [
            [
              [
                31.004,
                -17.307
              ],
              [
                -50.106,
                14.538
              ],
              [
                -62.314,
                -21.445
              ],
              [
                21.179,
                -45.675
              ],
              [
                31.004,
                -17.307
              ]
            ]
          ],
          [
            [
              [
                -283.744,
                92.575
              ],
              [
                -321.859,
                102.706
              ],
              [
                -332.854,
                68.649
              ],
              [
                -309.759,
                54.253
              ],
              [
                -259.589,
                43.443
              ],
              [
                -263.198,
                31.08
              ],
              [
                -249.681,
                23.45
              ],
              [
                -212.537,
                4.441
              ],
              [
                -210.61,
                4.181
              ],
              [
                -176.339,
                -0.395
              ],
              [
                -174.0,
                -0.393
              ],
              [
                -153.619,
                61.117
              ],
              [
                -159.126,
                64.96
              ],
              [
                -185.321,
                81.12
              ],
              [
                -189.033,
                82.015
              ],
              [
                -231.793,
                88.401
              ],
              [
                -237.481,
                86.247
              ],
              [
                -238.348,
                84.44
              ],
              [
                -240.034,
                78.833
              ],
              [
                -276.413,
                90.233
              ],
              [
                -276.901,
                88.643
              ],
              [
                -284.309,
                90.798
              ],
              [
                -283.744,
                92.575
              ]
            ]
          ],
          [
            [
              [
                -80.365,
                199.629
              ],
              [
                -94.99,
                155.809
              ],
              [
                69.214,
                98.542
              ],
              [
                84.662,
                142.775
              ],
              [
                -80.365,
                199.629
              ]
            ]
          ],
          [
            [
              [
                -397.246,
                148.193
              ],
              [
                -363.034,
                136.856
              ],
              [
                -349.184,
                178.159
              ],
              [
                -383.397,
                189.497
              ],
              [
                -397.246,
                148.193
              ]
            ]
          ],
          [
            [
              [
                -420.086,
                163.417
              ],
              [
                -418.935,
                163.12
              ],
              [
                -418.209,
                163.623
              ],
              [
                -417.757,
                164.77
              ],
              [
                -417.391,
                165.984
              ],
              [
                -417.525,
                166.704
              ],
              [
                -418.105,
                166.964
              ],
              [
                -418.688,
                166.858
              ],
              [
                -419.481,
                166.068
              ],
              [
                -420.287,
                165.145
              ],
              [
                -420.51,
                164.284
              ],
              [
                -420.086,
                163.417
              ]
            ]
          ],
          [
            [
              [
                -346.649,
                216.217
              ],
              [
                -345.428,
                214.038
              ],
              [
                -343.976,
                212.365
              ],
              [
                -323.007,
                205.324
              ],
              [
                -302.913,
                262.101
              ],
              [
                -304.947,
                262.505
              ],
              [
                -307.125,
                261.185
              ],
              [
                -313.949,
                254.803
              ],
              [
                -320.781,
                247.469
              ],
              [
                -329.827,
                237.122
              ],
              [
                -338.347,
                227.733
              ],
              [
                -344.636,
                220.881
              ],
              [
                -346.609,
                218.286
              ],
              [
                -346.649,
                216.217
              ]
            ]
          ],
          [
            [
              [
                -396.535,
                307.976
              ],
              [
                -394.802,
                305.128
              ],
              [
                -392.431,
                301.401
              ],
              [
                -389.387,
                298.11
              ],
              [
                -385.581,
                308.314
              ],
              [
                -396.5,
                312.104
              ],
              [
                -396.535,
                307.976
              ]
            ]
          ],
          [
            [
              [
                -359.854,
                291.582
              ],
              [
                -355.216,
                294.52
              ],
              [
                -351.368,
                298.194
              ],
              [
                -349.382,
                302.282
              ],
              [
                -347.829,
                307.504
              ],
              [
                -346.723,
                311.965
              ],
              [
                -346.594,
                316.966
              ],
              [
                -347.339,
                321.875
              ],
              [
                -349.003,
                326.393
              ],
              [
                -351.748,
                330.688
              ],
              [
                -355.21,
                334.171
              ],
              [
                -362.286,
                312.198
              ],
              [
                -371.218,
                288.791
              ],
              [
                -365.325,
                289.682
              ],
              [
                -359.854,
                291.582
              ]
            ]
          ],
          [
            [
              [
                -380.538,
                338.283
              ],
              [
                -383.298,
                336.957
              ],
              [
                -386.952,
                334.443
              ],
              [
                -390.127,
                331.283
              ],
              [
                -379.71,
                327.94
              ],
              [
                -376.361,
                338.944
              ],
              [
                -380.538,
                338.283
              ]
            ]
          ],
          [
            [
              [
                -62.895,
                332.853
              ],
              [
                -59.5,
                342.927
              ],
              [
                -59.686,
                345.076
              ],
              [
                -60.579,
                346.522
              ],
              [
                -61.49,
                347.116
              ],
              [
                -63.755,
                348.298
              ],
              [
                -72.691,
                348.219
              ],
              [
                -84.866,
                347.526
              ],
              [
                -93.098,
                346.667
              ],
              [
                -99.087,
                345.933
              ],
              [
                -101.983,
                345.083
              ],
              [
                -101.774,
                344.252
              ],
              [
                -62.895,
                332.853
              ]
            ]
          ],
          [
            [
              [
                -240.688,
                338.657
              ],
              [
                -233.344,
                336.491
              ],
              [
                -223.815,
                344.189
              ],
              [
                -221.299,
                352.18
              ],
              [
                -228.952,
                354.747
              ],
              [
                -237.152,
                350.091
              ],
              [
                -240.688,
                338.657
              ]
            ]
          ],
          [
            [
              [
                159.009,
                371.569
              ],
              [
                74.235,
                400.856
              ],
              [
                72.362,
                399.943
              ],
              [
                57.629,
                354.74
              ],
              [
                58.53,
                352.962
              ],
              [
                142.847,
                324.409
              ],
              [
                145.094,
                325.032
              ],
              [
                159.911,
                369.89
              ],
              [
                159.009,
                371.569
              ]
            ]
          ],
          [
            [
              [
                -331.23,
                564.037
              ],
              [
                -373.558,
                596.858
              ],
              [
                -406.485,
                554.401
              ],
              [
                -364.437,
                516.581
              ],
              [
                -293.647,
                549.838
              ],
              [
                -295.707,
                554.758
              ],
              [
                -294.66,
                561.201
              ],
              [
                -302.912,
                571.851
              ],
              [
                -284.5,
                584.586
              ],
              [
                -291.142,
                593.153
              ],
              [
                -331.23,
                564.037
              ]
            ]
          ],
          [
            [
              [
                -110.924,
                641.686
              ],
              [
                -124.924,
                597.894
              ],
              [
                -113.004,
                593.93
              ],
              [
                -106.6,
                612.898
              ],
              [
                -98.631,
                610.86
              ],
              [
                -82.809,
                648.428
              ],
              [
                -106.819,
                655.373
              ],
              [
                -112.74,
                656.209
              ],
              [
                -128.914,
                642.991
              ],
              [
                -122.537,
                641.276
              ],
              [
                -110.924,
                641.686
              ]
            ]
          ],
          [
            [
              [
                397.756,
                -1307.166
              ],
              [
                394.175,
                -1299.81
              ],
              [
                389.319,
                -1294.113
              ],
              [
                380.965,
                -1287.756
              ],
              [
                365.966,
                -1279.461
              ],
              [
                358.916,
                -1292.061
              ],
              [
                345.067,
                -1285.48
              ],
              [
                330.941,
                -1311.3
              ],
              [
                322.996,
                -1326.481
              ],
              [
                335.216,
                -1332.063
              ],
              [
                331.204,
                -1339.853
              ],
              [
                344.287,
                -1346.627
              ],
              [
                355.843,
                -1351.594
              ],
              [
                360.886,
                -1353.065
              ],
              [
                366.231,
                -1353.354
              ],
              [
                373.094,
                -1352.439
              ],
              [
                379.547,
                -1350.38
              ],
              [
                384.65,
                -1347.447
              ],
              [
                390.191,
                -1343.621
              ],
              [
                395.045,
                -1338.162
              ],
              [
                397.429,
                -1332.937
              ],
              [
                399.591,
                -1327.101
              ],
              [
                399.963,
                -1321.461
              ],
              [
                399.8,
                -1315.207
              ],
              [
                399.152,
                -1311.66
              ],
              [
                397.756,
                -1307.166
              ]
            ]
          ],
          [
            [
              [
                317.056,
                -1225.438
              ],
              [
                325.176,
                -1225.098
              ],
              [
                320.396,
                -1188.992
              ],
              [
                266.194,
                -1198.058
              ],
              [
                272.479,
                -1237.154
              ],
              [
                275.762,
                -1245.349
              ],
              [
                292.939,
                -1247.266
              ],
              [
                302.806,
                -1234.225
              ],
              [
                310.673,
                -1229.346
              ],
              [
                317.056,
                -1225.438
              ]
            ]
          ],
          [
            [
              [
                328.389,
                -1127.752
              ],
              [
                348.423,
                -1104.329
              ],
              [
                350.034,
                -1101.167
              ],
              [
                350.315,
                -1097.363
              ],
              [
                348.754,
                -1094.539
              ],
              [
                321.159,
                -1073.056
              ],
              [
                328.389,
                -1127.752
              ]
            ]
          ],
          [
            [
              [
                316.123,
                -1070.667
              ],
              [
                315.852,
                -1068.318
              ],
              [
                308.055,
                -1061.136
              ],
              [
                297.158,
                -1049.633
              ],
              [
                289.312,
                -1053.274
              ],
              [
                292.167,
                -1058.533
              ],
              [
                278.36,
                -1065.951
              ],
              [
                279.563,
                -1075.301
              ],
              [
                288.035,
                -1074.112
              ],
              [
                288.063,
                -1074.522
              ],
              [
                316.123,
                -1070.667
              ]
            ]
          ],
          [
            [
              [
                520.727,
                -973.632
              ],
              [
                533.557,
                -982.263
              ],
              [
                538.775,
                -974.616
              ],
              [
                525.956,
                -965.975
              ],
              [
                520.727,
                -973.632
              ]
            ]
          ],
          [
            [
              [
                516.478,
                -876.544
              ],
              [
                526.355,
                -882.537
              ],
              [
                540.062,
                -860.245
              ],
              [
                530.185,
                -854.251
              ],
              [
                516.478,
                -876.544
              ]
            ]
          ],
          [
            [
              [
                197.099,
                -842.944
              ],
              [
                193.861,
                -823.229
              ],
              [
                185.601,
                -823.557
              ],
              [
                187.462,
                -845.418
              ],
              [
                197.099,
                -842.944
              ]
            ]
          ],
          [
            [
              [
                157.131,
                -725.287
              ],
              [
                179.604,
                -722.923
              ],
              [
                177.496,
                -712.292
              ],
              [
                155.824,
                -714.177
              ],
              [
                157.131,
                -725.287
              ]
            ]
          ],
          [
            [
              [
                308.58,
                -509.446
              ],
              [
                303.459,
                -515.832
              ],
              [
                277.322,
                -537.022
              ],
              [
                253.859,
                -551.695
              ],
              [
                237.589,
                -561.04
              ],
              [
                220.826,
                -573.756
              ],
              [
                241.261,
                -599.361
              ],
              [
                312.27,
                -540.651
              ],
              [
                350.909,
                -508.346
              ],
              [
                378.193,
                -470.356
              ],
              [
                394.253,
                -432.49
              ],
              [
                373.6,
                -422.454
              ],
              [
                361.059,
                -416.626
              ],
              [
                353.801,
                -432.234
              ],
              [
                344.007,
                -451.882
              ],
              [
                336.457,
                -466.37
              ],
              [
                322.95,
                -487.911
              ],
              [
                316.305,
                -499.829
              ],
              [
                308.58,
                -509.446
              ]
            ]
          ],
          [
            [
              [
                266.898,
                -471.409
              ],
              [
                266.019,
                -470.837
              ],
              [
                264.018,
                -470.388
              ],
              [
                258.263,
                -480.343
              ],
              [
                259.762,
                -481.54
              ],
              [
                262.906,
                -481.888
              ],
              [
                264.753,
                -480.277
              ],
              [
                267.617,
                -475.609
              ],
              [
                268.14,
                -473.611
              ],
              [
                266.898,
                -471.409
              ]
            ]
          ],
          [
            [
              [
                407.397,
                -200.805
              ],
              [
                407.729,
                -203.685
              ],
              [
                409.105,
                -204.051
              ],
              [
                410.669,
                -202.703
              ],
              [
                413.554,
                -199.353
              ],
              [
                407.277,
                -197.174
              ],
              [
                407.397,
                -200.805
              ]
            ]
          ],
          [
            [
              [
                569.11,
                -234.598
              ],
              [
                580.573,
                -201.153
              ],
              [
                545.394,
                -189.245
              ],
              [
                503.846,
                -174.626
              ],
              [
                477.062,
                -165.6
              ],
              [
                476.015,
                -178.383
              ],
              [
                472.488,
                -188.778
              ],
              [
                467.343,
                -198.03
              ],
              [
                495.679,
                -208.397
              ],
              [
                531.121,
                -221.039
              ],
              [
                569.11,
                -234.598
              ]
            ]
          ],
          [
            [
              [
                913.432,
                -186.194
              ],
              [
                920.389,
                -173.007
              ],
              [
                908.568,
                -167.461
              ],
              [
                901.612,
                -181.789
              ],
              [
                913.432,
                -186.194
              ]
            ]
          ],
          [
            [
              [
                449.157,
                -141.347
              ],
              [
                451.051,
                -149.243
              ],
              [
                451.983,
                -157.562
              ],
              [
                450.948,
                -167.69
              ],
              [
                448.506,
                -175.891
              ],
              [
                443.55,
                -185.709
              ],
              [
                437.454,
                -192.74
              ],
              [
                431.528,
                -197.437
              ],
              [
                424.43,
                -201.858
              ],
              [
                416.892,
                -204.815
              ],
              [
                423.812,
                -204.841
              ],
              [
                431.882,
                -204.002
              ],
              [
                439.387,
                -201.189
              ],
              [
                447.021,
                -197.148
              ],
              [
                452.78,
                -191.753
              ],
              [
                457.746,
                -185.742
              ],
              [
                461.323,
                -178.369
              ],
              [
                463.191,
                -170.373
              ],
              [
                463.534,
                -161.799
              ],
              [
                462.114,
                -153.852
              ],
              [
                459.265,
                -146.646
              ],
              [
                454.976,
                -140.213
              ],
              [
                450.202,
                -135.06
              ],
              [
                443.984,
                -129.761
              ],
              [
                449.157,
                -141.347
              ]
            ]
          ],
          [
            [
              [
                411.764,
                -193.085
              ],
              [
                415.457,
                -193.614
              ],
              [
                419.949,
                -192.723
              ],
              [
                425.787,
                -189.398
              ],
              [
                430.998,
                -185.115
              ],
              [
                435.634,
                -178.592
              ],
              [
                439.005,
                -170.177
              ],
              [
                440.851,
                -162.203
              ],
              [
                441.212,
                -155.29
              ],
              [
                440.044,
                -149.47
              ],
              [
                438.677,
                -145.342
              ],
              [
                436.987,
                -141.388
              ],
              [
                435.444,
                -138.995
              ],
              [
                432.935,
                -137.413
              ],
              [
                430.206,
                -136.372
              ],
              [
                426.81,
                -136.42
              ],
              [
                423.257,
                -137.176
              ],
              [
                419.78,
                -139.249
              ],
              [
                416.33,
                -141.798
              ],
              [
                412.722,
                -145.22
              ],
              [
                409.423,
                -149.109
              ],
              [
                406.747,
                -153.236
              ],
              [
                404.689,
                -158.221
              ],
              [
                402.344,
                -167.685
              ],
              [
                402.659,
                -174.969
              ],
              [
                403.856,
                -181.276
              ],
              [
                405.824,
                -186.837
              ],
              [
                408.424,
                -190.389
              ],
              [
                411.764,
                -193.085
              ]
            ]
          ],
          [
            [
              [
                399.575,
                -197.883
              ],
              [
                396.611,
                -188.983
              ],
              [
                394.468,
                -181.152
              ],
              [
                393.289,
                -172.853
              ],
              [
                394.001,
                -162.7
              ],
              [
                396.195,
                -154.441
              ],
              [
                400.839,
                -144.476
              ],
              [
                406.722,
                -137.256
              ],
              [
                412.508,
                -132.381
              ],
              [
                419.468,
                -127.748
              ],
              [
                426.681,
                -125.043
              ],
              [
                419.99,
                -124.742
              ],
              [
                411.95,
                -125.825
              ],
              [
                404.529,
                -128.871
              ],
              [
                397.023,
                -133.145
              ],
              [
                391.424,
                -138.708
              ],
              [
                386.65,
                -144.864
              ],
              [
                383.299,
                -152.35
              ],
              [
                381.678,
                -160.404
              ],
              [
                381.594,
                -168.968
              ],
              [
                383.262,
                -176.873
              ],
              [
                386.327,
                -183.993
              ],
              [
                390.822,
                -190.295
              ],
              [
                395.749,
                -195.305
              ],
              [
                399.575,
                -197.883
              ]
            ]
          ],
          [
            [
              [
                432.151,
                -128.244
              ],
              [
                431.05,
                -129.673
              ],
              [
                429.481,
                -131.662
              ],
              [
                435.867,
                -133.62
              ],
              [
                436.215,
                -130.757
              ],
              [
                435.941,
                -128.774
              ],
              [
                435.307,
                -127.23
              ],
              [
                433.641,
                -126.707
              ],
              [
                432.151,
                -128.244
              ]
            ]
          ],
          [
            [
              [
                125.426,
                -83.274
              ],
              [
                208.866,
                -108.642
              ],
              [
                218.553,
                -80.041
              ],
              [
                137.821,
                -49.262
              ],
              [
                54.679,
                -24.426
              ],
              [
                44.699,
                -53.213
              ],
              [
                125.426,
                -83.274
              ]
            ]
          ],
          [
            [
              [
                750.674,
                -49.92
              ],
              [
                744.017,
                -53.205
              ],
              [
                744.93,
                -54.817
              ],
              [
                777.132,
                -44.158
              ],
              [
                797.941,
                -37.131
              ],
              [
                809.89,
                -31.401
              ],
              [
                828.736,
                -13.28
              ],
              [
                849.196,
                5.879
              ],
              [
                873.554,
                34.71
              ],
              [
                885.109,
                47.349
              ],
              [
                896.98,
                61.645
              ],
              [
                931.359,
                105.471
              ],
              [
                929.975,
                115.166
              ],
              [
                907.634,
                84.927
              ],
              [
                891.498,
                63.474
              ],
              [
                879.362,
                49.711
              ],
              [
                866.538,
                41.177
              ],
              [
                844.274,
                31.728
              ],
              [
                818.29,
                30.964
              ],
              [
                780.198,
                42.51
              ],
              [
                761.053,
                48.605
              ],
              [
                760.102,
                47.108
              ],
              [
                774.747,
                37.743
              ],
              [
                790.918,
                22.886
              ],
              [
                807.898,
                -0.863
              ],
              [
                814.682,
                -9.154
              ],
              [
                808.5,
                -14.9
              ],
              [
                794.277,
                5.926
              ],
              [
                771.432,
                30.733
              ],
              [
                753.203,
                41.998
              ],
              [
                740.451,
                48.304
              ],
              [
                739.267,
                45.957
              ],
              [
                763.367,
                30.469
              ],
              [
                772.86,
                18.735
              ],
              [
                780.061,
                4.874
              ],
              [
                783.788,
                -14.413
              ],
              [
                782.843,
                -26.622
              ],
              [
                781.883,
                -31.76
              ],
              [
                771.714,
                -33.577
              ],
              [
                750.674,
                -49.92
              ]
            ]
          ],
          [
            [
              [
                523.239,
                66.899
              ],
              [
                518.116,
                60.181
              ],
              [
                514.711,
                54.002
              ],
              [
                510.677,
                46.146
              ],
              [
                504.316,
                29.557
              ],
              [
                509.593,
                25.163
              ],
              [
                530.408,
                17.681
              ],
              [
                539.018,
                22.488
              ],
              [
                539.332,
                35.256
              ],
              [
                550.156,
                41.848
              ],
              [
                560.582,
                63.648
              ],
              [
                571.822,
                91.053
              ],
              [
                561.287,
                94.396
              ],
              [
                544.526,
                88.165
              ],
              [
                538.592,
                83.778
              ],
              [
                533.331,
                78.566
              ],
              [
                528.032,
                72.735
              ],
              [
                523.239,
                66.899
              ]
            ]
          ],
          [
            [
              [
                380.575,
                52.679
              ],
              [
                381.719,
                55.369
              ],
              [
                382.872,
                59.089
              ],
              [
                382.937,
                61.678
              ],
              [
                381.395,
                64.137
              ],
              [
                380.34,
                66.802
              ],
              [
                377.715,
                68.617
              ],
              [
                375.626,
                68.922
              ],
              [
                372.472,
                68.119
              ],
              [
                370.72,
                66.198
              ],
              [
                369.449,
                64.991
              ],
              [
                367.008,
                63.175
              ],
              [
                366.517,
                61.276
              ],
              [
                367.772,
                59.262
              ],
              [
                368.255,
                56.447
              ],
              [
                367.572,
                53.476
              ],
              [
                369.245,
                49.943
              ],
              [
                372.913,
                47.831
              ],
              [
                376.385,
                47.978
              ],
              [
                380.575,
                52.679
              ]
            ]
          ],
          [
            [
              [
                520.508,
                105.544
              ],
              [
                510.537,
                109.315
              ],
              [
                507.945,
                99.964
              ],
              [
                504.492,
                86.802
              ],
              [
                512.31,
                96.053
              ],
              [
                520.508,
                105.544
              ]
            ]
          ],
          [
            [
              [
                129.609,
                191.869
              ],
              [
                176.008,
                176.123
              ],
              [
                189.019,
                214.081
              ],
              [
                142.426,
                229.795
              ],
              [
                129.609,
                191.869
              ]
            ]
          ],
          [
            [
              [
                533.885,
                226.984
              ],
              [
                559.117,
                229.303
              ],
              [
                557.567,
                245.916
              ],
              [
                532.335,
                243.586
              ],
              [
                533.885,
                226.984
              ]
            ]
          ],
          [
            [
              [
                890.052,
                317.759
              ],
              [
                894.296,
                364.988
              ],
              [
                886.265,
                421.219
              ],
              [
                846.727,
                424.73
              ],
              [
                837.534,
                322.422
              ],
              [
                890.052,
                317.759
              ]
            ]
          ],
          [
            [
              [
                483.032,
                491.286
              ],
              [
                563.57,
                511.249
              ],
              [
                551.644,
                558.759
              ],
              [
                471.107,
                538.807
              ],
              [
                483.032,
                491.286
              ]
            ]
          ],
          [
            [
              [
                875.421,
                497.151
              ],
              [
                862.914,
                584.73
              ],
              [
                807.265,
                505.696
              ],
              [
                857.06,
                471.077
              ],
              [
                875.421,
                497.151
              ]
            ]
          ],
          [
            [
              [
                240.96,
                526.607
              ],
              [
                286.787,
                509.66
              ],
              [
                294.87,
                531.005
              ],
              [
                248.101,
                547.484
              ],
              [
                240.96,
                526.607
              ]
            ]
          ],
          [
            [
              [
                706.268,
                524.761
              ],
              [
                713.371,
                522.266
              ],
              [
                721.279,
                544.531
              ],
              [
                714.175,
                547.026
              ],
              [
                706.268,
                524.761
              ]
            ]
          ],
          [
            [
              [
                762.644,
                602.233
              ],
              [
                724.694,
                602.467
              ],
              [
                703.474,
                601.608
              ],
              [
                703.161,
                605.44
              ],
              [
                694.122,
                604.643
              ],
              [
                688.515,
                604.347
              ],
              [
                680.867,
                602.409
              ],
              [
                679.317,
                595.108
              ],
              [
                779.583,
                561.154
              ],
              [
                826.208,
                627.73
              ],
              [
                798.137,
                627.328
              ],
              [
                801.426,
                608.52
              ],
              [
                796.752,
                603.945
              ],
              [
                762.644,
                602.233
              ]
            ]
          ],
          [
            [
              [
                178.921,
                626.791
              ],
              [
                242.072,
                606.398
              ],
              [
                248.091,
                623.311
              ],
              [
                184.94,
                643.726
              ],
              [
                178.921,
                626.791
              ]
            ]
          ],
          [
            [
              [
                327.719,
                646.512
              ],
              [
                399.175,
                584.993
              ],
              [
                421.823,
                647.148
              ],
              [
                346.787,
                670.552
              ],
              [
                327.719,
                646.512
              ]
            ]
          ],
          [
            [
              [
                617.89,
                802.54
              ],
              [
                598.246,
                743.868
              ],
              [
                561.071,
                632.823
              ],
              [
                635.801,
                607.519
              ],
              [
                662.148,
                785.268
              ],
              [
                638.427,
                798.819
              ],
              [
                634.592,
                799.476
              ],
              [
                617.89,
                802.54
              ]
            ]
          ],
          [
            [
              [
                707.623,
                759.29
              ],
              [
                708.003,
                716.904
              ],
              [
                785.906,
                714.57
              ],
              [
                707.623,
                759.29
              ]
            ]
          ],
          [
            [
              [
                298.573,
                968.253
              ],
              [
                296.435,
                969.145
              ],
              [
                294.475,
                968.033
              ],
              [
                284.637,
                935.604
              ],
              [
                285.755,
                933.968
              ],
              [
                311.163,
                925.44
              ],
              [
                315.139,
                926.523
              ],
              [
                322.603,
                930.897
              ],
              [
                298.573,
                968.253
              ]
            ]
          ]
        ]
      }
    }
  ]
}
