{
  "type": "FeatureCollection",
  "name": "pilot-path-surfaces",
  "schema_version": 2,
  "dataset_id": "pilot-path-surfaces",
  "source_id": "source:osm",
  "source_sha256": "09dc9d5aea72e11ad8d84d1c8d2e88132c0a5556e7a2f601824a0a7a74d4adcd",
  "source_retrieved_at": "2026-09-10T13:46:35.844894+00:00",
  "source_crs": "EPSG:4326",
  "projected_crs": "EPSG:32651",
  "local_frame": {
    "origin_wgs84": {
      "longitude": 121.050972,
      "latitude": 14.550806
    },
    "origin_projected": {
      "easting": 289998.297,
      "northing": 1609541.742
    },
    "axes": {
      "x": "east",
      "y": "north",
      "z": "up"
    },
    "units": "metres",
    "transform_library": "pyproj"
  },
  "features": [
    {
      "type": "Feature",
      "id": "derived:pilot-path-surfaces",
      "properties": {
        "id": "derived:pilot-path-surfaces",
        "source_dataset": "pilot-paths",
        "source_feature_count": 269,
        "geometry_status": "INFERRED",
        "method": "shapely_unary_union_of_normalized_surfaces"
      },
      "geometry": {
        "type": "MultiPolygon",
        "coordinates": [
          [
            [
              [
                -376.46,
                -226.936
              ],
              [
                -346.325,
                -236.49
              ],
              [
                -345.781,
                -234.774
              ],
              [
                -375.916,
                -225.22
              ],
              [
                -376.46,
                -226.936
              ]
            ]
          ],
          [
            [
              [
                -263.287,
                -235.487
              ],
              [
                -309.18,
                -219.767
              ],
              [
                -375.655,
                -196.996
              ],
              [
                -376.238,
                -198.698
              ],
              [
                -309.763,
                -221.47
              ],
              [
                -263.87,
                -237.19
              ],
              [
                -263.287,
                -235.487
              ]
            ]
          ],
          [
            [
              [
                -372.606,
                -12.333
              ],
              [
                -372.93,
                -13.191
              ],
              [
                -366.973,
                -15.443
              ],
              [
                -375.455,
                -40.578
              ],
              [
                -373.749,
                -41.153
              ],
              [
                -365.274,
                -16.038
              ],
              [
                -316.376,
                -31.868
              ],
              [
                -313.224,
                -33.585
              ],
              [
                -308.811,
                -36.544
              ],
              [
                -308.781,
                -36.563
              ],
              [
                -305.025,
                -38.873
              ],
              [
                -264.604,
                -69.889
              ],
              [
                -264.056,
                -69.175
              ],
              [
                -264.571,
                -69.913
              ],
              [
                -256.706,
                -75.403
              ],
              [
                -256.642,
                -75.444
              ],
              [
                -249.456,
                -79.611
              ],
              [
                -249.386,
                -79.647
              ],
              [
                -249.313,
                -79.678
              ],
              [
                -204.944,
                -95.832
              ],
              [
                -219.591,
                -139.011
              ],
              [
                -226.308,
                -155.473
              ],
              [
                -226.342,
                -155.571
              ],
              [
                -231.351,
                -173.554
              ],
              [
                -252.454,
                -236.153
              ],
              [
                -250.748,
                -236.728
              ],
              [
                -229.638,
                -174.107
              ],
              [
                -229.624,
                -174.061
              ],
              [
                -224.835,
                -156.869
              ],
              [
                -215.148,
                -158.93
              ],
              [
                -205.775,
                -162.12
              ],
              [
                -219.619,
                -203.055
              ],
              [
                -225.191,
                -219.318
              ],
              [
                -225.193,
                -219.323
              ],
              [
                -230.908,
                -236.338
              ],
              [
                -229.202,
                -236.912
              ],
              [
                -223.487,
                -219.899
              ],
              [
                -218.723,
                -205.992
              ],
              [
                -138.844,
                -232.309
              ],
              [
                -140.319,
                -236.6
              ],
              [
                -135.591,
                -238.226
              ],
              [
                -134.094,
                -233.873
              ],
              [
                -115.532,
                -239.986
              ],
              [
                -113.968,
                -235.237
              ],
              [
                -132.469,
                -229.144
              ],
              [
                -118.786,
                -189.345
              ],
              [
                -35.417,
                -218.346
              ],
              [
                -42.411,
                -237.935
              ],
              [
                -40.716,
                -238.54
              ],
              [
                -33.417,
                -218.096
              ],
              [
                -34.264,
                -217.794
              ],
              [
                -33.414,
                -218.088
              ],
              [
                -31.502,
                -212.56
              ],
              [
                -29.877,
                -207.859
              ],
              [
                -19.266,
                -177.13
              ],
              [
                -13.8,
                -161.314
              ],
              [
                -5.125,
                -164.251
              ],
              [
                4.355,
                -167.471
              ],
              [
                -22.268,
                -238.092
              ],
              [
                -20.584,
                -238.727
              ],
              [
                6.059,
                -168.055
              ],
              [
                50.66,
                -183.484
              ],
              [
                68.659,
                -189.759
              ],
              [
                56.636,
                -225.656
              ],
              [
                51.646,
                -238.72
              ],
              [
                53.328,
                -239.362
              ],
              [
                58.128,
                -226.794
              ],
              [
                63.884,
                -226.161
              ],
              [
                63.454,
                -228.993
              ],
              [
                63.452,
                -229.006
              ],
              [
                62.087,
                -239.009
              ],
              [
                63.871,
                -239.253
              ],
              [
                65.235,
                -229.256
              ],
              [
                65.695,
                -226.225
              ],
              [
                70.994,
                -227.399
              ],
              [
                76.322,
                -229.153
              ],
              [
                78.257,
                -229.865
              ],
              [
                77.988,
                -239.241
              ],
              [
                79.788,
                -239.293
              ],
              [
                80.035,
                -230.66
              ],
              [
                86.122,
                -233.605
              ],
              [
                91.09,
                -237.987
              ],
              [
                90.716,
                -239.086
              ],
              [
                92.421,
                -239.665
              ],
              [
                92.987,
                -237.999
              ],
              [
                105.091,
                -202.387
              ],
              [
                114.155,
                -205.53
              ],
              [
                114.745,
                -203.829
              ],
              [
                104.825,
                -200.39
              ],
              [
                89.079,
                -194.932
              ],
              [
                86.894,
                -194.177
              ],
              [
                90.062,
                -184.442
              ],
              [
                92.927,
                -176.13
              ],
              [
                114.345,
                -183.513
              ],
              [
                114.932,
                -181.811
              ],
              [
                93.51,
                -174.428
              ],
              [
                110.48,
                -124.618
              ],
              [
                111.343,
                -122.092
              ],
              [
                111.343,
                -122.089
              ],
              [
                112.228,
                -119.475
              ],
              [
                116.13,
                -108.025
              ],
              [
                114.427,
                -107.444
              ],
              [
                110.524,
                -118.896
              ],
              [
                110.523,
                -118.897
              ],
              [
                109.639,
                -121.512
              ],
              [
                108.777,
                -124.038
              ],
              [
                91.808,
                -173.841
              ],
              [
                13.361,
                -146.791
              ],
              [
                28.227,
                -100.388
              ],
              [
                30.139,
                -94.783
              ],
              [
                30.14,
                -94.782
              ],
              [
                32.462,
                -87.952
              ],
              [
                31.61,
                -87.662
              ],
              [
                32.464,
                -87.946
              ],
              [
                42.81,
                -56.784
              ],
              [
                54.453,
                -61.457
              ],
              [
                73.649,
                -69.168
              ],
              [
                73.686,
                -69.183
              ],
              [
                82.278,
                -72.474
              ],
              [
                74.946,
                -94.26
              ],
              [
                74.194,
                -96.5
              ],
              [
                75.9,
                -97.073
              ],
              [
                76.652,
                -94.834
              ],
              [
                83.962,
                -73.114
              ],
              [
                89.513,
                -75.21
              ],
              [
                89.516,
                -75.211
              ],
              [
                96.8,
                -77.95
              ],
              [
                114.613,
                -84.673
              ],
              [
                116.378,
                -79.995
              ],
              [
                99.703,
                -73.702
              ],
              [
                116.644,
                -41.508
              ],
              [
                115.664,
                -40.992
              ],
              [
                116.542,
                -37.921
              ],
              [
                110.66,
                -36.238
              ],
              [
                98.231,
                -32.319
              ],
              [
                105.942,
                -8.96
              ],
              [
                107.391,
                -4.568
              ],
              [
                105.682,
                -4.004
              ],
              [
                104.232,
                -8.396
              ],
              [
                96.514,
                -31.778
              ],
              [
                72.605,
                -24.225
              ],
              [
                61.253,
                -20.642
              ],
              [
                55.635,
                -18.869
              ],
              [
                66.384,
                12.94
              ],
              [
                65.531,
                13.229
              ],
              [
                66.386,
                12.946
              ],
              [
                68.231,
                18.532
              ],
              [
                70.05,
                23.653
              ],
              [
                69.229,
                23.944
              ],
              [
                70.056,
                23.671
              ],
              [
                85.228,
                69.54
              ],
              [
                116.415,
                58.794
              ],
              [
                117.002,
                60.496
              ],
              [
                85.798,
                71.248
              ],
              [
                88.773,
                80.073
              ],
              [
                92.083,
                89.513
              ],
              [
                116.629,
                81.637
              ],
              [
                117.179,
                83.351
              ],
              [
                92.666,
                91.217
              ],
              [
                106.914,
                133.984
              ],
              [
                112.156,
                149.519
              ],
              [
                118.493,
                168.306
              ],
              [
                116.787,
                168.882
              ],
              [
                110.74,
                150.955
              ],
              [
                103.86,
                153.346
              ],
              [
                103.807,
                153.362
              ],
              [
                102.24,
                153.801
              ],
              [
                93.414,
                156.805
              ],
              [
                99.792,
                175.259
              ],
              [
                98.091,
                175.847
              ],
              [
                91.706,
                157.374
              ],
              [
                31.463,
                176.988
              ],
              [
                30.905,
                175.277
              ],
              [
                91.118,
                155.672
              ],
              [
                88.566,
                148.296
              ],
              [
                88.566,
                148.295
              ],
              [
                87.375,
                144.835
              ],
              [
                3.687,
                172.72
              ],
              [
                4.802,
                176.082
              ],
              [
                3.094,
                176.649
              ],
              [
                1.983,
                173.298
              ],
              [
                -9.677,
                177.335
              ],
              [
                -10.266,
                175.634
              ],
              [
                -0.095,
                172.114
              ],
              [
                -3.17,
                162.81
              ],
              [
                -4.463,
                163.238
              ],
              [
                -10.21,
                166.333
              ],
              [
                -16.015,
                169.642
              ],
              [
                -16.113,
                169.69
              ],
              [
                -21.677,
                172.017
              ],
              [
                -21.754,
                172.046
              ],
              [
                -21.833,
                172.067
              ],
              [
                -21.915,
                172.081
              ],
              [
                -27.605,
                172.777
              ],
              [
                -33.544,
                174.258
              ],
              [
                -43.269,
                177.288
              ],
              [
                -43.375,
                177.314
              ],
              [
                -45.333,
                177.674
              ],
              [
                -45.658,
                175.903
              ],
              [
                -43.753,
                175.553
              ],
              [
                -39.632,
                174.269
              ],
              [
                -41.012,
                174.264
              ],
              [
                -41.115,
                174.257
              ],
              [
                -41.216,
                174.239
              ],
              [
                -47.902,
                172.659
              ],
              [
                -48.006,
                172.627
              ],
              [
                -53.78,
                170.497
              ],
              [
                -53.86,
                170.463
              ],
              [
                -53.935,
                170.422
              ],
              [
                -58.391,
                167.721
              ],
              [
                -57.978,
                170.761
              ],
              [
                -57.97,
                170.842
              ],
              [
                -57.97,
                170.922
              ],
              [
                -57.977,
                171.003
              ],
              [
                -57.992,
                171.082
              ],
              [
                -58.013,
                171.16
              ],
              [
                -59.21,
                174.855
              ],
              [
                -59.245,
                174.944
              ],
              [
                -59.288,
                175.029
              ],
              [
                -59.34,
                175.109
              ],
              [
                -59.4,
                175.183
              ],
              [
                -59.468,
                175.25
              ],
              [
                -62.117,
                177.608
              ],
              [
                -63.314,
                176.263
              ],
              [
                -60.847,
                174.068
              ],
              [
                -59.789,
                170.8
              ],
              [
                -60.37,
                166.524
              ],
              [
                -63.479,
                164.655
              ],
              [
                -67.059,
                163.614
              ],
              [
                -67.127,
                163.592
              ],
              [
                -67.193,
                163.564
              ],
              [
                -70.959,
                161.781
              ],
              [
                -71.034,
                161.741
              ],
              [
                -71.104,
                161.695
              ],
              [
                -71.17,
                161.642
              ],
              [
                -73.104,
                159.932
              ],
              [
                -73.172,
                159.865
              ],
              [
                -73.233,
                159.791
              ],
              [
                -73.285,
                159.71
              ],
              [
                -73.329,
                159.625
              ],
              [
                -73.363,
                159.536
              ],
              [
                -74.216,
                156.909
              ],
              [
                -74.239,
                156.825
              ],
              [
                -74.253,
                156.739
              ],
              [
                -74.259,
                156.652
              ],
              [
                -74.257,
                156.565
              ],
              [
                -74.247,
                156.478
              ],
              [
                -74.228,
                156.393
              ],
              [
                -74.201,
                156.311
              ],
              [
                -73.125,
                153.49
              ],
              [
                -73.09,
                153.409
              ],
              [
                -73.046,
                153.332
              ],
              [
                -72.995,
                153.259
              ],
              [
                -72.937,
                153.192
              ],
              [
                -70.673,
                150.804
              ],
              [
                -70.605,
                150.74
              ],
              [
                -70.531,
                150.683
              ],
              [
                -70.452,
                150.634
              ],
              [
                -65.249,
                147.788
              ],
              [
                -65.942,
                145.666
              ],
              [
                -96.732,
                156.078
              ],
              [
                -95.358,
                160.181
              ],
              [
                -92.037,
                170.078
              ],
              [
                -83.874,
                174.84
              ],
              [
                -79.975,
                176.239
              ],
              [
                -80.583,
                177.933
              ],
              [
                -84.56,
                176.506
              ],
              [
                -84.637,
                176.475
              ],
              [
                -84.71,
                176.437
              ],
              [
                -91.168,
                172.669
              ],
              [
                -89.752,
                176.888
              ],
              [
                -91.459,
                177.46
              ],
              [
                -93.635,
                170.972
              ],
              [
                -97.064,
                160.753
              ],
              [
                -98.723,
                155.799
              ],
              [
                -98.991,
                155.004
              ],
              [
                -108.031,
                157.992
              ],
              [
                -116.162,
                160.873
              ],
              [
                -110.69,
                177.113
              ],
              [
                -112.112,
                177.592
              ],
              [
                -117.594,
                161.322
              ],
              [
                -166.551,
                174.611
              ],
              [
                -166.551,
                174.61
              ],
              [
                -166.598,
                174.623
              ],
              [
                -166.688,
                174.637
              ],
              [
                -166.779,
                174.642
              ],
              [
                -172.06,
                174.688
              ],
              [
                -172.073,
                174.688
              ],
              [
                -180.75,
                174.64
              ],
              [
                -230.663,
                174.361
              ],
              [
                -237.943,
                175.844
              ],
              [
                -237.972,
                175.849
              ],
              [
                -245.538,
                177.13
              ],
              [
                -251.906,
                179.405
              ],
              [
                -252.512,
                177.71
              ],
              [
                -246.778,
                175.662
              ],
              [
                -247.742,
                169.963
              ],
              [
                -247.748,
                169.926
              ],
              [
                -247.93,
                168.486
              ],
              [
                -249.76,
                157.728
              ],
              [
                -260.146,
                161.196
              ],
              [
                -276.341,
                167.052
              ],
              [
                -276.347,
                167.054
              ],
              [
                -301.035,
                175.779
              ],
              [
                -299.987,
                178.666
              ],
              [
                -301.679,
                179.281
              ],
              [
                -302.731,
                176.383
              ],
              [
                -307.454,
                178.076
              ],
              [
                -312.599,
                179.924
              ],
              [
                -313.207,
                178.23
              ],
              [
                -308.061,
                176.382
              ],
              [
                -303.331,
                174.686
              ],
              [
                -321.936,
                120.366
              ],
              [
                -321.954,
                120.309
              ],
              [
                -327.501,
                99.8
              ],
              [
                -331.082,
                89.094
              ],
              [
                -336.581,
                90.885
              ],
              [
                -346.24,
                94.132
              ],
              [
                -346.669,
                92.854
              ],
              [
                -346.241,
                94.132
              ],
              [
                -356.272,
                97.491
              ],
              [
                -354.682,
                102.186
              ],
              [
                -354.677,
                102.201
              ],
              [
                -353.775,
                105.029
              ],
              [
                -352.04,
                108.804
              ],
              [
                -352.858,
                109.18
              ],
              [
                -352.006,
                108.889
              ],
              [
                -328.048,
                178.922
              ],
              [
                -329.751,
                179.505
              ],
              [
                -352.901,
                111.836
              ],
              [
                -372.45,
                118.509
              ],
              [
                -374.065,
                113.777
              ],
              [
                -354.763,
                107.189
              ],
              [
                -355.09,
                106.478
              ],
              [
                -372.993,
                112.803
              ],
              [
                -373.593,
                111.105
              ],
              [
                -355.739,
                104.797
              ],
              [
                -356.15,
                103.509
              ],
              [
                -373.176,
                106.763
              ],
              [
                -373.514,
                104.995
              ],
              [
                -357.738,
                101.98
              ],
              [
                -374.017,
                90.087
              ],
              [
                -372.956,
                88.634
              ],
              [
                -357.299,
                100.071
              ],
              [
                -358.267,
                97.213
              ],
              [
                -357.415,
                96.925
              ],
              [
                -357.415,
                96.924
              ],
              [
                -358.269,
                97.209
              ],
              [
                -362.309,
                85.101
              ],
              [
                -372.697,
                88.687
              ],
              [
                -374.328,
                83.961
              ],
              [
                -363.892,
                80.357
              ],
              [
                -374.697,
                47.987
              ],
              [
                -372.99,
                47.417
              ],
              [
                -361.396,
                82.151
              ],
              [
                -356.846,
                95.785
              ],
              [
                -346.813,
                92.425
              ],
              [
                -346.813,
                92.426
              ],
              [
                -337.151,
                89.178
              ],
              [
                -337.143,
                89.175
              ],
              [
                -331.659,
                87.39
              ],
              [
                -336.36,
                73.656
              ],
              [
                -359.15,
                7.056
              ],
              [
                -365.172,
                8.94
              ],
              [
                -373.565,
                11.808
              ],
              [
                -373.589,
                11.816
              ],
              [
                -373.89,
                11.91
              ],
              [
                -374.425,
                10.191
              ],
              [
                -374.136,
                10.101
              ],
              [
                -365.743,
                7.233
              ],
              [
                -365.72,
                7.226
              ],
              [
                -359.738,
                5.354
              ],
              [
                -363.255,
                -4.725
              ],
              [
                -363.256,
                -4.726
              ],
              [
                -366.389,
                -13.739
              ],
              [
                -372.284,
                -11.51
              ],
              [
                -374.024,
                -10.831
              ],
              [
                -374.679,
                -12.507
              ],
              [
                -372.939,
                -13.187
              ],
              [
                -372.606,
                -12.333
              ]
            ],
            [
              [
                -166.271,
                166.647
              ],
              [
                -165.948,
                172.583
              ],
              [
                -118.319,
                159.654
              ],
              [
                -121.236,
                151.139
              ],
              [
                -124.328,
                142.114
              ],
              [
                -167.744,
                155.011
              ],
              [
                -166.815,
                164.849
              ],
              [
                -166.313,
                166.423
              ],
              [
                -166.293,
                166.496
              ],
              [
                -166.279,
                166.572
              ],
              [
                -166.271,
                166.647
              ]
            ],
            [
              [
                -130.174,
                92.777
              ],
              [
                -138.169,
                95.649
              ],
              [
                -123.19,
                139.873
              ],
              [
                -115.061,
                137.218
              ],
              [
                -106.228,
                134.312
              ],
              [
                -121.793,
                89.922
              ],
              [
                -130.174,
                92.777
              ]
            ],
            [
              [
                -133.684,
                82.176
              ],
              [
                -141.781,
                84.978
              ],
              [
                -138.746,
                93.944
              ],
              [
                -130.775,
                91.08
              ],
              [
                -130.761,
                91.075
              ],
              [
                -122.376,
                88.219
              ],
              [
                -123.829,
                83.871
              ],
              [
                -123.829,
                83.87
              ],
              [
                -125.285,
                79.493
              ],
              [
                -133.684,
                82.176
              ]
            ],
            [
              [
                -147.274,
                41.422
              ],
              [
                -155.402,
                44.188
              ],
              [
                -142.355,
                83.271
              ],
              [
                -134.262,
                80.472
              ],
              [
                -134.242,
                80.465
              ],
              [
                -125.855,
                77.786
              ],
              [
                -137.646,
                42.545
              ],
              [
                -137.656,
                42.513
              ],
              [
                -138.824,
                38.536
              ],
              [
                -147.273,
                41.422
              ],
              [
                -147.274,
                41.422
              ]
            ],
            [
              [
                -135.157,
                44.31
              ],
              [
                -123.859,
                78.08
              ],
              [
                -124.712,
                78.366
              ],
              [
                -123.859,
                78.082
              ],
              [
                -122.122,
                83.301
              ],
              [
                -120.672,
                87.639
              ],
              [
                -36.204,
                58.866
              ],
              [
                -37.663,
                54.564
              ],
              [
                -39.233,
                49.929
              ],
              [
                -40.748,
                50.443
              ],
              [
                -51.195,
                19.633
              ],
              [
                -57.138,
                21.345
              ],
              [
                -91.516,
                31.243
              ],
              [
                -83.709,
                54.989
              ],
              [
                -85.419,
                55.551
              ],
              [
                -93.245,
                31.747
              ],
              [
                -105.786,
                35.456
              ],
              [
                -119.696,
                39.569
              ],
              [
                -133.772,
                43.779
              ],
              [
                -135.157,
                44.31
              ]
            ],
            [
              [
                -127.74,
                20.167
              ],
              [
                -136.642,
                22.472
              ],
              [
                -134.1,
                38.659
              ],
              [
                -122.152,
                35.085
              ],
              [
                -127.74,
                20.167
              ]
            ],
            [
              [
                -132.862,
                6.543
              ],
              [
                -138.864,
                8.928
              ],
              [
                -136.929,
                20.687
              ],
              [
                -128.376,
                18.473
              ],
              [
                -132.862,
                6.543
              ]
            ],
            [
              [
                -158.239,
                -24.664
              ],
              [
                -147.673,
                6.897
              ],
              [
                -141.025,
                4.407
              ],
              [
                -133.829,
                1.547
              ],
              [
                -133.827,
                1.546
              ],
              [
                -124.632,
                -2.096
              ],
              [
                -106.878,
                -9.142
              ],
              [
                -115.87,
                -32.949
              ],
              [
                -114.187,
                -33.585
              ],
              [
                -105.205,
                -9.806
              ],
              [
                -76.613,
                -21.142
              ],
              [
                -67.133,
                -24.908
              ],
              [
                -79.173,
                -58.264
              ],
              [
                -76.812,
                -59.116
              ],
              [
                -79.187,
                -58.303
              ],
              [
                -96.73,
                -109.508
              ],
              [
                -99.932,
                -108.424
              ],
              [
                -177.33,
                -82.037
              ],
              [
                -162.155,
                -36.394
              ],
              [
                -160.353,
                -31.011
              ],
              [
                -160.352,
                -31.009
              ],
              [
                -158.239,
                -24.664
              ]
            ],
            [
              [
                -181.251,
                -93.95
              ],
              [
                -180.875,
                -92.802
              ],
              [
                -177.895,
                -83.746
              ],
              [
                -101.371,
                -109.835
              ],
              [
                -104.341,
                -118.279
              ],
              [
                -107.737,
                -127.935
              ],
              [
                -148.765,
                -114.175
              ],
              [
                -183.571,
                -100.979
              ],
              [
                -181.252,
                -93.951
              ],
              [
                -181.251,
                -93.95
              ]
            ],
            [
              [
                -171.923,
                -114.445
              ],
              [
                -186.292,
                -109.285
              ],
              [
                -184.134,
                -102.691
              ],
              [
                -149.914,
                -115.664
              ],
              [
                -149.527,
                -120.015
              ],
              [
                -169.627,
                -113.173
              ],
              [
                -169.713,
                -113.149
              ],
              [
                -169.8,
                -113.133
              ],
              [
                -169.889,
                -113.126
              ],
              [
                -169.978,
                -113.127
              ],
              [
                -170.066,
                -113.138
              ],
              [
                -170.153,
                -113.157
              ],
              [
                -170.238,
                -113.184
              ],
              [
                -170.319,
                -113.22
              ],
              [
                -170.397,
                -113.264
              ],
              [
                -170.469,
                -113.315
              ],
              [
                -171.923,
                -114.445
              ]
            ],
            [
              [
                -190.581,
                -122.159
              ],
              [
                -186.856,
                -110.994
              ],
              [
                -173.127,
                -115.925
              ],
              [
                -180.742,
                -127.853
              ],
              [
                -190.581,
                -122.159
              ]
            ],
            [
              [
                -170.023,
                -132.559
              ],
              [
                -172.293,
                -133.183
              ],
              [
                -179.204,
                -128.788
              ],
              [
                -171.087,
                -116.074
              ],
              [
                -169.748,
                -115.034
              ],
              [
                -149.38,
                -121.967
              ],
              [
                -148.23,
                -148.466
              ],
              [
                -160.012,
                -140.98
              ],
              [
                -160.645,
                -138.474
              ],
              [
                -160.765,
                -136.903
              ],
              [
                -160.551,
                -135.823
              ],
              [
                -159.929,
                -134.811
              ],
              [
                -158.941,
                -134.084
              ],
              [
                -157.482,
                -133.919
              ],
              [
                -155.732,
                -133.836
              ],
              [
                -155.66,
                -133.83
              ],
              [
                -155.589,
                -133.818
              ],
              [
                -154.38,
                -133.562
              ],
              [
                -154.296,
                -133.541
              ],
              [
                -154.216,
                -133.511
              ],
              [
                -154.138,
                -133.474
              ],
              [
                -154.064,
                -133.429
              ],
              [
                -153.995,
                -133.378
              ],
              [
                -153.931,
                -133.32
              ],
              [
                -153.873,
                -133.257
              ],
              [
                -152.969,
                -132.169
              ],
              [
                -152.918,
                -132.101
              ],
              [
                -152.874,
                -132.029
              ],
              [
                -152.836,
                -131.953
              ],
              [
                -152.806,
                -131.873
              ],
              [
                -152.783,
                -131.791
              ],
              [
                -152.458,
                -130.344
              ],
              [
                -152.444,
                -130.263
              ],
              [
                -152.437,
                -130.181
              ],
              [
                -152.438,
                -130.098
              ],
              [
                -152.446,
                -130.016
              ],
              [
                -152.462,
                -129.935
              ],
              [
                -152.92,
                -128.049
              ],
              [
                -152.946,
                -127.961
              ],
              [
                -152.981,
                -127.877
              ],
              [
                -153.025,
                -127.796
              ],
              [
                -154.162,
                -125.916
              ],
              [
                -154.207,
                -125.849
              ],
              [
                -154.257,
                -125.786
              ],
              [
                -154.313,
                -125.728
              ],
              [
                -154.374,
                -125.675
              ],
              [
                -154.44,
                -125.628
              ],
              [
                -156.466,
                -124.305
              ],
              [
                -156.534,
                -124.265
              ],
              [
                -159.614,
                -122.622
              ],
              [
                -159.684,
                -122.589
              ],
              [
                -159.756,
                -122.562
              ],
              [
                -159.831,
                -122.541
              ],
              [
                -159.907,
                -122.526
              ],
              [
                -162.157,
                -122.197
              ],
              [
                -162.253,
                -122.188
              ],
              [
                -162.349,
                -122.19
              ],
              [
                -162.444,
                -122.201
              ],
              [
                -162.538,
                -122.223
              ],
              [
                -163.91,
                -122.621
              ],
              [
                -164.023,
                -122.662
              ],
              [
                -165.181,
                -123.172
              ],
              [
                -165.26,
                -123.212
              ],
              [
                -165.336,
                -123.26
              ],
              [
                -165.406,
                -123.315
              ],
              [
                -165.471,
                -123.376
              ],
              [
                -165.529,
                -123.444
              ],
              [
                -165.58,
                -123.517
              ],
              [
                -165.624,
                -123.595
              ],
              [
                -165.659,
                -123.677
              ],
              [
                -165.687,
                -123.762
              ],
              [
                -165.954,
                -124.755
              ],
              [
                -165.972,
                -124.836
              ],
              [
                -165.982,
                -124.917
              ],
              [
                -166.103,
                -126.421
              ],
              [
                -166.105,
                -126.485
              ],
              [
                -166.12,
                -128.145
              ],
              [
                -166.536,
                -129.602
              ],
              [
                -167.185,
                -130.57
              ],
              [
                -168.242,
                -131.473
              ],
              [
                -170.023,
                -132.559
              ]
            ],
            [
              [
                -105.449,
                -135.047
              ],
              [
                -147.663,
                -120.65
              ],
              [
                -148.049,
                -116.314
              ],
              [
                -107.467,
                -129.924
              ],
              [
                -104.074,
                -131.059
              ],
              [
                -105.449,
                -135.047
              ]
            ],
            [
              [
                -143.245,
                -151.636
              ],
              [
                -146.377,
                -149.644
              ],
              [
                -147.551,
                -122.59
              ],
              [
                -106.035,
                -136.75
              ],
              [
                -116.322,
                -166.757
              ],
              [
                -117.121,
                -169.09
              ],
              [
                -143.229,
                -151.647
              ],
              [
                -143.245,
                -151.636
              ]
            ],
            [
              [
                -142.065,
                -168.592
              ],
              [
                -142.746,
                -154.134
              ],
              [
                -117.725,
                -170.851
              ],
              [
                -119.589,
                -176.269
              ],
              [
                -142.065,
                -168.592
              ]
            ],
            [
              [
                -147.739,
                -150.911
              ],
              [
                -144.606,
                -152.903
              ],
              [
                -143.896,
                -167.966
              ],
              [
                -199.493,
                -148.967
              ],
              [
                -198.591,
                -146.26
              ],
              [
                -191.161,
                -123.904
              ],
              [
                -180.915,
                -129.833
              ],
              [
                -174.658,
                -133.811
              ],
              [
                -175.305,
                -133.982
              ],
              [
                -175.393,
                -134.01
              ],
              [
                -175.477,
                -134.047
              ],
              [
                -175.557,
                -134.092
              ],
              [
                -175.632,
                -134.145
              ],
              [
                -175.701,
                -134.205
              ],
              [
                -175.764,
                -134.272
              ],
              [
                -175.819,
                -134.346
              ],
              [
                -175.867,
                -134.424
              ],
              [
                -176.403,
                -135.415
              ],
              [
                -176.445,
                -135.504
              ],
              [
                -176.477,
                -135.596
              ],
              [
                -176.499,
                -135.691
              ],
              [
                -176.676,
                -136.72
              ],
              [
                -177.064,
                -137.225
              ],
              [
                -177.663,
                -137.3
              ],
              [
                -179.152,
                -136.872
              ],
              [
                -179.241,
                -136.851
              ],
              [
                -179.331,
                -136.84
              ],
              [
                -181.583,
                -136.665
              ],
              [
                -181.687,
                -136.663
              ],
              [
                -181.79,
                -136.673
              ],
              [
                -183.679,
                -136.967
              ],
              [
                -183.747,
                -136.98
              ],
              [
                -183.813,
                -136.999
              ],
              [
                -185.716,
                -137.602
              ],
              [
                -185.796,
                -137.632
              ],
              [
                -185.874,
                -137.67
              ],
              [
                -185.947,
                -137.714
              ],
              [
                -186.016,
                -137.766
              ],
              [
                -187.33,
                -138.85
              ],
              [
                -187.391,
                -138.906
              ],
              [
                -187.447,
                -138.966
              ],
              [
                -187.497,
                -139.032
              ],
              [
                -187.541,
                -139.102
              ],
              [
                -187.578,
                -139.176
              ],
              [
                -188.325,
                -140.84
              ],
              [
                -188.355,
                -140.914
              ],
              [
                -188.377,
                -140.99
              ],
              [
                -188.393,
                -141.068
              ],
              [
                -188.402,
                -141.147
              ],
              [
                -188.525,
                -142.916
              ],
              [
                -188.527,
                -142.996
              ],
              [
                -188.522,
                -143.076
              ],
              [
                -188.51,
                -143.155
              ],
              [
                -188.49,
                -143.233
              ],
              [
                -188.03,
                -144.797
              ],
              [
                -188.006,
                -144.867
              ],
              [
                -187.976,
                -144.935
              ],
              [
                -187.942,
                -145.0
              ],
              [
                -187.017,
                -146.568
              ],
              [
                -186.966,
                -146.645
              ],
              [
                -186.908,
                -146.717
              ],
              [
                -186.842,
                -146.782
              ],
              [
                -186.77,
                -146.84
              ],
              [
                -185.302,
                -147.904
              ],
              [
                -185.216,
                -147.959
              ],
              [
                -185.124,
                -148.004
              ],
              [
                -185.027,
                -148.039
              ],
              [
                -183.199,
                -148.574
              ],
              [
                -183.115,
                -148.595
              ],
              [
                -183.03,
                -148.607
              ],
              [
                -182.944,
                -148.611
              ],
              [
                -182.857,
                -148.606
              ],
              [
                -182.772,
                -148.594
              ],
              [
                -180.731,
                -148.191
              ],
              [
                -180.621,
                -148.162
              ],
              [
                -178.956,
                -147.608
              ],
              [
                -177.51,
                -147.755
              ],
              [
                -176.325,
                -148.268
              ],
              [
                -175.567,
                -148.991
              ],
              [
                -175.053,
                -150.079
              ],
              [
                -175.018,
                -151.505
              ],
              [
                -175.012,
                -151.589
              ],
              [
                -174.998,
                -151.672
              ],
              [
                -174.976,
                -151.754
              ],
              [
                -174.947,
                -151.833
              ],
              [
                -174.911,
                -151.909
              ],
              [
                -174.867,
                -151.981
              ],
              [
                -174.817,
                -152.049
              ],
              [
                -174.761,
                -152.112
              ],
              [
                -173.831,
                -153.061
              ],
              [
                -173.763,
                -153.124
              ],
              [
                -173.689,
                -153.179
              ],
              [
                -173.61,
                -153.226
              ],
              [
                -173.527,
                -153.265
              ],
              [
                -173.439,
                -153.295
              ],
              [
                -173.35,
                -153.317
              ],
              [
                -171.563,
                -153.642
              ],
              [
                -171.482,
                -153.653
              ],
              [
                -171.401,
                -153.656
              ],
              [
                -171.319,
                -153.652
              ],
              [
                -171.239,
                -153.641
              ],
              [
                -171.159,
                -153.623
              ],
              [
                -171.082,
                -153.597
              ],
              [
                -169.46,
                -152.981
              ],
              [
                -169.378,
                -152.945
              ],
              [
                -169.3,
                -152.901
              ],
              [
                -169.227,
                -152.849
              ],
              [
                -169.159,
                -152.791
              ],
              [
                -169.097,
                -152.726
              ],
              [
                -168.03,
                -151.485
              ],
              [
                -167.972,
                -151.41
              ],
              [
                -167.923,
                -151.329
              ],
              [
                -167.882,
                -151.244
              ],
              [
                -167.85,
                -151.155
              ],
              [
                -167.828,
                -151.063
              ],
              [
                -167.816,
                -150.969
              ],
              [
                -167.813,
                -150.875
              ],
              [
                -167.85,
                -149.445
              ],
              [
                -167.535,
                -148.277
              ],
              [
                -166.795,
                -147.762
              ],
              [
                -165.304,
                -147.819
              ],
              [
                -163.577,
                -148.081
              ],
              [
                -163.497,
                -148.09
              ],
              [
                -163.415,
                -148.091
              ],
              [
                -163.334,
                -148.085
              ],
              [
                -163.254,
                -148.072
              ],
              [
                -163.176,
                -148.051
              ],
              [
                -161.544,
                -147.545
              ],
              [
                -161.471,
                -147.519
              ],
              [
                -161.4,
                -147.487
              ],
              [
                -161.333,
                -147.448
              ],
              [
                -161.269,
                -147.404
              ],
              [
                -159.902,
                -146.376
              ],
              [
                -159.834,
                -146.319
              ],
              [
                -159.772,
                -146.256
              ],
              [
                -159.716,
                -146.187
              ],
              [
                -159.668,
                -146.113
              ],
              [
                -159.627,
                -146.035
              ],
              [
                -159.593,
                -145.953
              ],
              [
                -159.052,
                -144.397
              ],
              [
                -159.027,
                -144.314
              ],
              [
                -159.011,
                -144.229
              ],
              [
                -159.003,
                -144.143
              ],
              [
                -159.003,
                -144.057
              ],
              [
                -159.011,
                -143.971
              ],
              [
                -159.028,
                -143.886
              ],
              [
                -159.052,
                -143.803
              ],
              [
                -159.088,
                -143.7
              ],
              [
                -147.739,
                -150.911
              ]
            ],
            [
              [
                -202.593,
                -158.285
              ],
              [
                -201.202,
                -154.106
              ],
              [
                -200.061,
                -150.674
              ],
              [
                -143.226,
                -170.097
              ],
              [
                -118.66,
                -178.489
              ],
              [
                -120.015,
                -182.448
              ],
              [
                -121.528,
                -181.929
              ],
              [
                -122.924,
                -185.999
              ],
              [
                -202.593,
                -158.285
              ]
            ],
            [
              [
                -204.634,
                -161.557
              ],
              [
                -203.78,
                -161.843
              ],
              [
                -203.162,
                -159.993
              ],
              [
                -123.508,
                -187.702
              ],
              [
                -137.218,
                -227.58
              ],
              [
                -217.112,
                -201.259
              ],
              [
                -203.781,
                -161.846
              ],
              [
                -204.634,
                -161.557
              ]
            ],
            [
              [
                -291.24,
                91.182
              ],
              [
                -325.126,
                101.686
              ],
              [
                -320.224,
                119.81
              ],
              [
                -301.634,
                174.082
              ],
              [
                -276.95,
                165.358
              ],
              [
                -260.748,
                159.499
              ],
              [
                -260.727,
                159.492
              ],
              [
                -249.334,
                155.687
              ],
              [
                -249.251,
                155.664
              ],
              [
                -249.167,
                155.649
              ],
              [
                -249.081,
                155.642
              ],
              [
                -230.418,
                154.962
              ],
              [
                -214.972,
                154.392
              ],
              [
                -223.079,
                131.732
              ],
              [
                -223.077,
                131.731
              ],
              [
                -223.103,
                131.663
              ],
              [
                -239.571,
                81.004
              ],
              [
                -241.688,
                76.183
              ],
              [
                -251.773,
                79.063
              ],
              [
                -272.68,
                85.282
              ],
              [
                -291.222,
                91.177
              ],
              [
                -291.24,
                91.182
              ]
            ],
            [
              [
                -259.005,
                57.554
              ],
              [
                -259.042,
                57.633
              ],
              [
                -270.57,
                79.438
              ],
              [
                -253.364,
                74.32
              ],
              [
                -253.403,
                51.385
              ],
              [
                -253.397,
                51.279
              ],
              [
                -253.379,
                51.174
              ],
              [
                -251.433,
                43.06
              ],
              [
                -251.667,
                42.327
              ],
              [
                -253.047,
                43.053
              ],
              [
                -253.386,
                43.878
              ],
              [
                -253.146,
                44.833
              ],
              [
                -253.851,
                45.01
              ],
              [
                -259.005,
                57.554
              ]
            ],
            [
              [
                -292.483,
                86.331
              ],
              [
                -274.172,
                80.51
              ],
              [
                -274.127,
                80.496
              ],
              [
                -272.986,
                80.157
              ],
              [
                -261.917,
                59.221
              ],
              [
                -285.905,
                70.853
              ],
              [
                -285.991,
                70.889
              ],
              [
                -286.08,
                70.917
              ],
              [
                -286.171,
                70.934
              ],
              [
                -286.264,
                70.943
              ],
              [
                -286.357,
                70.942
              ],
              [
                -286.45,
                70.931
              ],
              [
                -286.54,
                70.91
              ],
              [
                -286.629,
                70.881
              ],
              [
                -294.308,
                67.848
              ],
              [
                -294.389,
                67.811
              ],
              [
                -309.11,
                60.243
              ],
              [
                -292.483,
                86.331
              ]
            ],
            [
              [
                -288.88,
                53.806
              ],
              [
                -292.867,
                66.481
              ],
              [
                -286.335,
                69.061
              ],
              [
                -260.539,
                56.552
              ],
              [
                -256.021,
                45.555
              ],
              [
                -288.416,
                53.69
              ],
              [
                -288.88,
                53.806
              ]
            ],
            [
              [
                -250.885,
                28.329
              ],
              [
                -247.839,
                37.875
              ],
              [
                -247.388,
                39.214
              ],
              [
                -246.197,
                42.611
              ],
              [
                -218.529,
                37.638
              ],
              [
                -217.15,
                32.583
              ],
              [
                -217.054,
                32.609
              ],
              [
                -216.324,
                29.899
              ],
              [
                -241.212,
                36.138
              ],
              [
                -241.65,
                34.392
              ],
              [
                -215.786,
                27.909
              ],
              [
                -213.784,
                20.584
              ],
              [
                -250.885,
                28.329
              ]
            ],
            [
              [
                -260.926,
                -2.811
              ],
              [
                -261.022,
                -2.78
              ],
              [
                -255.905,
                13.221
              ],
              [
                -253.123,
                21.916
              ],
              [
                -250.435,
                21.066
              ],
              [
                -248.927,
                25.834
              ],
              [
                -251.227,
                26.561
              ],
              [
                -213.256,
                18.636
              ],
              [
                -212.218,
                14.703
              ],
              [
                -211.402,
                14.918
              ],
              [
                -212.216,
                14.696
              ],
              [
                -210.403,
                8.055
              ],
              [
                -211.468,
                4.454
              ],
              [
                -219.956,
                -22.172
              ],
              [
                -262.584,
                -8.013
              ],
              [
                -260.926,
                -2.811
              ]
            ],
            [
              [
                -219.206,
                -22.781
              ],
              [
                -218.348,
                -23.054
              ],
              [
                -209.753,
                3.907
              ],
              [
                -210.617,
                4.183
              ],
              [
                -209.747,
                3.925
              ],
              [
                -208.823,
                7.05
              ],
              [
                -171.759,
                2.084
              ],
              [
                -178.508,
                -17.813
              ],
              [
                -182.466,
                -29.519
              ],
              [
                -198.141,
                -75.25
              ],
              [
                -240.201,
                -61.369
              ],
              [
                -252.352,
                -54.268
              ],
              [
                -268.352,
                -42.101
              ],
              [
                -273.36,
                -38.29
              ],
              [
                -271.86,
                -36.463
              ],
              [
                -272.557,
                -35.891
              ],
              [
                -271.604,
                -36.196
              ],
              [
                -265.501,
                -17.104
              ],
              [
                -265.596,
                -17.073
              ],
              [
                -264.367,
                -13.234
              ],
              [
                -263.228,
                -9.695
              ],
              [
                -219.666,
                -24.165
              ],
              [
                -219.581,
                -24.188
              ],
              [
                -219.494,
                -24.204
              ],
              [
                -219.406,
                -24.21
              ],
              [
                -219.318,
                -24.208
              ],
              [
                -219.231,
                -24.198
              ],
              [
                -219.145,
                -24.179
              ],
              [
                -219.061,
                -24.151
              ],
              [
                -218.98,
                -24.116
              ],
              [
                -218.903,
                -24.072
              ],
              [
                -218.831,
                -24.022
              ],
              [
                -218.764,
                -23.964
              ],
              [
                -218.703,
                -23.901
              ],
              [
                -218.648,
                -23.831
              ],
              [
                -218.601,
                -23.757
              ],
              [
                -218.561,
                -23.678
              ],
              [
                -218.529,
                -23.596
              ],
              [
                -218.352,
                -23.066
              ],
              [
                -219.206,
                -22.781
              ]
            ],
            [
              [
                -267.31,
                -16.525
              ],
              [
                -265.596,
                -17.073
              ],
              [
                -267.406,
                -16.495
              ],
              [
                -273.509,
                -35.587
              ],
              [
                -273.478,
                -35.597
              ],
              [
                -274.792,
                -37.2
              ],
              [
                -278.781,
                -34.165
              ],
              [
                -277.162,
                -32.056
              ],
              [
                -277.876,
                -31.508
              ],
              [
                -276.925,
                -31.818
              ],
              [
                -271.446,
                -15.023
              ],
              [
                -270.02,
                -15.49
              ],
              [
                -268.825,
                -11.837
              ],
              [
                -268.824,
                -11.834
              ],
              [
                -266.232,
                -3.884
              ],
              [
                -265.846,
                -4.008
              ],
              [
                -265.76,
                -4.03
              ],
              [
                -265.673,
                -4.045
              ],
              [
                -265.584,
                -4.05
              ],
              [
                -265.496,
                -4.047
              ],
              [
                -265.408,
                -4.036
              ],
              [
                -265.321,
                -4.015
              ],
              [
                -265.237,
                -3.986
              ],
              [
                -265.156,
                -3.949
              ],
              [
                -265.08,
                -3.905
              ],
              [
                -265.008,
                -3.853
              ],
              [
                -264.941,
                -3.794
              ],
              [
                -264.881,
                -3.728
              ],
              [
                -264.828,
                -3.658
              ],
              [
                -264.781,
                -3.582
              ],
              [
                -264.743,
                -3.502
              ],
              [
                -264.712,
                -3.419
              ],
              [
                -259.487,
                13.328
              ],
              [
                -257.903,
                12.882
              ],
              [
                -262.736,
                -2.233
              ],
              [
                -262.832,
                -2.203
              ],
              [
                -264.759,
                -8.251
              ],
              [
                -264.664,
                -8.281
              ],
              [
                -266.081,
                -12.683
              ],
              [
                -266.081,
                -12.684
              ],
              [
                -267.31,
                -16.525
              ]
            ],
            [
              [
                -241.027,
                -62.971
              ],
              [
                -240.943,
                -63.014
              ],
              [
                -240.855,
                -63.049
              ],
              [
                -198.714,
                -76.957
              ],
              [
                -201.587,
                -85.692
              ],
              [
                -202.085,
                -87.204
              ],
              [
                -204.372,
                -94.125
              ],
              [
                -248.622,
                -78.014
              ],
              [
                -255.707,
                -73.905
              ],
              [
                -262.775,
                -68.972
              ],
              [
                -261.931,
                -67.852
              ],
              [
                -258.61,
                -63.811
              ],
              [
                -258.598,
                -63.797
              ],
              [
                -257.629,
                -62.566
              ],
              [
                -257.627,
                -62.564
              ],
              [
                -252.63,
                -56.19
              ],
              [
                -241.027,
                -62.971
              ]
            ],
            [
              [
                -200.012,
                -144.829
              ],
              [
                -209.341,
                -141.618
              ],
              [
                -217.607,
                -138.767
              ],
              [
                -203.241,
                -96.419
              ],
              [
                -194.81,
                -99.166
              ],
              [
                -185.831,
                -102.092
              ],
              [
                -188.274,
                -109.554
              ],
              [
                -192.521,
                -122.286
              ],
              [
                -192.521,
                -122.287
              ],
              [
                -200.012,
                -144.829
              ]
            ],
            [
              [
                -214.619,
                -157.209
              ],
              [
                -214.722,
                -157.181
              ],
              [
                -224.235,
                -155.156
              ],
              [
                -218.236,
                -140.455
              ],
              [
                -209.927,
                -143.32
              ],
              [
                -200.581,
                -146.537
              ],
              [
                -201.483,
                -149.245
              ],
              [
                -202.91,
                -153.538
              ],
              [
                -204.581,
                -158.558
              ],
              [
                -205.201,
                -160.413
              ],
              [
                -214.619,
                -157.209
              ]
            ],
            [
              [
                -310.386,
                54.082
              ],
              [
                -310.182,
                54.001
              ],
              [
                -309.972,
                53.939
              ],
              [
                -289.633,
                48.84
              ],
              [
                -256.963,
                40.637
              ],
              [
                -260.623,
                29.422
              ],
              [
                -263.498,
                30.285
              ],
              [
                -264.935,
                25.496
              ],
              [
                -262.175,
                24.668
              ],
              [
                -270.711,
                -1.489
              ],
              [
                -273.577,
                -10.283
              ],
              [
                -274.772,
                -13.934
              ],
              [
                -272.27,
                -14.753
              ],
              [
                -273.347,
                -14.402
              ],
              [
                -278.826,
                -31.198
              ],
              [
                -278.783,
                -31.212
              ],
              [
                -280.213,
                -33.075
              ],
              [
                -300.801,
                -17.411
              ],
              [
                -300.856,
                -17.372
              ],
              [
                -300.914,
                -17.337
              ],
              [
                -307.663,
                -13.65
              ],
              [
                -307.724,
                -13.619
              ],
              [
                -307.787,
                -13.594
              ],
              [
                -323.905,
                -7.723
              ],
              [
                -355.385,
                3.748
              ],
              [
                -357.559,
                6.146
              ],
              [
                -335.564,
                70.422
              ],
              [
                -314.076,
                56.509
              ],
              [
                -317.005,
                53.153
              ],
              [
                -317.057,
                53.088
              ],
              [
                -317.102,
                53.019
              ],
              [
                -317.141,
                52.947
              ],
              [
                -317.172,
                52.871
              ],
              [
                -327.878,
                23.67
              ],
              [
                -327.905,
                23.585
              ],
              [
                -327.923,
                23.498
              ],
              [
                -327.932,
                23.409
              ],
              [
                -327.932,
                23.321
              ],
              [
                -327.924,
                23.232
              ],
              [
                -327.907,
                23.145
              ],
              [
                -327.882,
                23.06
              ],
              [
                -327.848,
                22.978
              ],
              [
                -327.806,
                22.899
              ],
              [
                -327.757,
                22.825
              ],
              [
                -327.701,
                22.756
              ],
              [
                -327.638,
                22.693
              ],
              [
                -327.57,
                22.637
              ],
              [
                -327.496,
                22.588
              ],
              [
                -327.417,
                22.546
              ],
              [
                -327.335,
                22.512
              ],
              [
                -315.944,
                18.453
              ],
              [
                -315.641,
                19.303
              ],
              [
                -315.894,
                18.436
              ],
              [
                -314.841,
                18.129
              ],
              [
                -314.336,
                19.856
              ],
              [
                -315.362,
                20.156
              ],
              [
                -325.876,
                23.903
              ],
              [
                -315.54,
                52.095
              ],
              [
                -312.558,
                55.511
              ],
              [
                -310.769,
                54.296
              ],
              [
                -310.582,
                54.18
              ],
              [
                -310.386,
                54.082
              ]
            ],
            [
              [
                -307.691,
                -15.685
              ],
              [
                -301.837,
                -18.884
              ],
              [
                -280.59,
                -35.05
              ],
              [
                -275.192,
                -39.158
              ],
              [
                -269.441,
                -43.534
              ],
              [
                -254.126,
                -55.181
              ],
              [
                -259.043,
                -61.453
              ],
              [
                -260.007,
                -62.676
              ],
              [
                -263.334,
                -66.723
              ],
              [
                -263.357,
                -66.753
              ],
              [
                -264.228,
                -67.908
              ],
              [
                -303.966,
                -37.416
              ],
              [
                -304.042,
                -37.364
              ],
              [
                -307.823,
                -35.039
              ],
              [
                -312.256,
                -32.067
              ],
              [
                -312.327,
                -32.024
              ],
              [
                -314.847,
                -30.651
              ],
              [
                -311.909,
                -24.333
              ],
              [
                -311.123,
                -22.881
              ],
              [
                -311.102,
                -22.839
              ],
              [
                -307.691,
                -15.685
              ]
            ],
            [
              [
                -333.895,
                75.298
              ],
              [
                -329.971,
                86.763
              ],
              [
                -327.46,
                85.719
              ],
              [
                -315.628,
                63.47
              ],
              [
                -333.895,
                75.298
              ]
            ],
            [
              [
                -324.521,
                -9.415
              ],
              [
                -309.333,
                -14.946
              ],
              [
                -312.717,
                -22.044
              ],
              [
                -313.505,
                -23.5
              ],
              [
                -313.53,
                -23.549
              ],
              [
                -316.5,
                -29.937
              ],
              [
                -364.69,
                -14.335
              ],
              [
                -361.556,
                -5.318
              ],
              [
                -358.231,
                4.207
              ],
              [
                -356.569,
                2.374
              ],
              [
                -356.507,
                2.313
              ],
              [
                -356.44,
                2.257
              ],
              [
                -356.367,
                2.209
              ],
              [
                -356.29,
                2.167
              ],
              [
                -356.21,
                2.133
              ],
              [
                -324.521,
                -9.415
              ]
            ],
            [
              [
                -294.515,
                65.722
              ],
              [
                -290.929,
                54.32
              ],
              [
                -308.249,
                58.662
              ],
              [
                -294.515,
                65.722
              ]
            ],
            [
              [
                -294.264,
                86.885
              ],
              [
                -311.069,
                60.519
              ],
              [
                -312.518,
                61.457
              ],
              [
                -326.022,
                86.848
              ],
              [
                -326.817,
                86.425
              ],
              [
                -326.471,
                87.257
              ],
              [
                -329.392,
                88.471
              ],
              [
                -326.573,
                96.9
              ],
              [
                -294.264,
                86.885
              ]
            ],
            [
              [
                -259.925,
                15.317
              ],
              [
                -259.965,
                15.322
              ],
              [
                -257.384,
                23.23
              ],
              [
                -255.295,
                22.603
              ],
              [
                -254.839,
                22.459
              ],
              [
                -257.354,
                14.598
              ],
              [
                -259.841,
                15.298
              ],
              [
                -259.925,
                15.317
              ]
            ],
            [
              [
                -216.185,
                32.847
              ],
              [
                -215.221,
                33.11
              ],
              [
                -216.736,
                38.667
              ],
              [
                -216.832,
                38.641
              ],
              [
                -219.27,
                47.63
              ],
              [
                -202.938,
                67.426
              ],
              [
                -201.226,
                68.603
              ],
              [
                -201.173,
                68.52
              ],
              [
                -195.776,
                71.948
              ],
              [
                -196.26,
                72.71
              ],
              [
                -196.257,
                72.71
              ],
              [
                -195.814,
                72.043
              ],
              [
                -195.027,
                72.566
              ],
              [
                -193.48,
                72.385
              ],
              [
                -190.124,
                71.993
              ],
              [
                -189.232,
                44.713
              ],
              [
                -212.076,
                21.161
              ],
              [
                -214.071,
                28.459
              ],
              [
                -196.141,
                51.753
              ],
              [
                -196.854,
                52.302
              ],
              [
                -196.253,
                53.101
              ],
              [
                -200.484,
                56.28
              ],
              [
                -201.685,
                54.681
              ],
              [
                -198.184,
                52.05
              ],
              [
                -214.661,
                30.644
              ],
              [
                -215.316,
                33.08
              ],
              [
                -216.185,
                32.847
              ]
            ],
            [
              [
                -180.027,
                19.741
              ],
              [
                -180.039,
                19.839
              ],
              [
                -210.705,
                16.021
              ],
              [
                -211.528,
                19.141
              ],
              [
                -187.674,
                43.734
              ],
              [
                -187.614,
                43.802
              ],
              [
                -187.562,
                43.875
              ],
              [
                -187.517,
                43.954
              ],
              [
                -187.48,
                44.036
              ],
              [
                -187.452,
                44.122
              ],
              [
                -187.433,
                44.21
              ],
              [
                -187.422,
                44.3
              ],
              [
                -187.42,
                44.39
              ],
              [
                -188.319,
                71.875
              ],
              [
                -186.099,
                71.791
              ],
              [
                -175.566,
                20.514
              ],
              [
                -180.027,
                19.741
              ]
            ],
            [
              [
                -212.001,
                156.083
              ],
              [
                -229.528,
                156.731
              ],
              [
                -229.992,
                165.959
              ],
              [
                -229.996,
                167.961
              ],
              [
                -229.875,
                172.565
              ],
              [
                -181.702,
                172.835
              ],
              [
                -182.146,
                165.488
              ],
              [
                -182.147,
                165.457
              ],
              [
                -182.41,
                155.535
              ],
              [
                -204.383,
                155.797
              ],
              [
                -212.001,
                156.083
              ]
            ],
            [
              [
                -168.559,
                165.303
              ],
              [
                -168.584,
                165.21
              ],
              [
                -168.598,
                165.115
              ],
              [
                -169.526,
                155.276
              ],
              [
                -180.61,
                155.505
              ],
              [
                -180.348,
                165.394
              ],
              [
                -179.898,
                172.845
              ],
              [
                -172.069,
                172.888
              ],
              [
                -167.736,
                172.851
              ],
              [
                -168.062,
                166.86
              ],
              [
                -168.559,
                165.303
              ]
            ],
            [
              [
                -204.439,
                153.998
              ],
              [
                -204.416,
                153.997
              ],
              [
                -181.549,
                153.724
              ],
              [
                -168.849,
                153.462
              ],
              [
                -124.909,
                140.408
              ],
              [
                -140.157,
                95.39
              ],
              [
                -143.773,
                84.709
              ],
              [
                -143.774,
                84.705
              ],
              [
                -156.877,
                45.451
              ],
              [
                -163.927,
                54.013
              ],
              [
                -163.848,
                54.066
              ],
              [
                -175.534,
                71.496
              ],
              [
                -176.365,
                70.939
              ],
              [
                -176.012,
                71.767
              ],
              [
                -181.467,
                74.093
              ],
              [
                -181.595,
                74.718
              ],
              [
                -182.497,
                74.533
              ],
              [
                -183.691,
                75.042
              ],
              [
                -184.044,
                74.215
              ],
              [
                -183.949,
                76.713
              ],
              [
                -188.314,
                76.879
              ],
              [
                -188.137,
                81.869
              ],
              [
                -179.935,
                109.442
              ],
              [
                -180.797,
                109.699
              ],
              [
                -179.899,
                109.748
              ],
              [
                -180.328,
                117.576
              ],
              [
                -182.125,
                117.477
              ],
              [
                -181.705,
                109.806
              ],
              [
                -189.895,
                82.271
              ],
              [
                -189.034,
                82.015
              ],
              [
                -189.932,
                82.047
              ],
              [
                -190.11,
                77.026
              ],
              [
                -192.9,
                77.351
              ],
              [
                -228.41,
                81.505
              ],
              [
                -233.701,
                82.183
              ],
              [
                -231.359,
                89.521
              ],
              [
                -231.335,
                89.513
              ],
              [
                -229.84,
                94.284
              ],
              [
                -229.982,
                94.329
              ],
              [
                -219.119,
                127.744
              ],
              [
                -214.281,
                126.181
              ],
              [
                -212.744,
                130.939
              ],
              [
                -217.502,
                132.476
              ],
              [
                -209.732,
                154.197
              ],
              [
                -204.439,
                153.998
              ]
            ],
            [
              [
                -201.705,
                69.357
              ],
              [
                -202.219,
                70.105
              ],
              [
                -203.693,
                69.091
              ],
              [
                -224.364,
                75.997
              ],
              [
                -197.988,
                72.912
              ],
              [
                -202.245,
                70.208
              ],
              [
                -201.705,
                69.357
              ]
            ],
            [
              [
                -250.376,
                46.372
              ],
              [
                -251.603,
                51.489
              ],
              [
                -251.565,
                73.803
              ],
              [
                -242.453,
                71.202
              ],
              [
                -250.376,
                46.372
              ]
            ],
            [
              [
                -235.246,
                77.34
              ],
              [
                -230.006,
                76.669
              ],
              [
                -235.932,
                75.191
              ],
              [
                -235.246,
                77.34
              ]
            ],
            [
              [
                -237.62,
                69.899
              ],
              [
                -236.575,
                73.175
              ],
              [
                -231.891,
                74.343
              ],
              [
                -237.62,
                69.899
              ]
            ],
            [
              [
                -218.943,
                39.542
              ],
              [
                -241.399,
                43.577
              ],
              [
                -220.918,
                46.827
              ],
              [
                -218.943,
                39.542
              ]
            ],
            [
              [
                -226.654,
                74.864
              ],
              [
                -205.081,
                67.657
              ],
              [
                -219.848,
                49.759
              ],
              [
                -226.654,
                74.864
              ]
            ],
            [
              [
                -228.478,
                74.712
              ],
              [
                -221.392,
                48.575
              ],
              [
                -245.473,
                44.753
              ],
              [
                -237.991,
                67.334
              ],
              [
                -228.478,
                74.712
              ]
            ],
            [
              [
                -231.792,
                165.934
              ],
              [
                -231.791,
                165.891
              ],
              [
                -231.333,
                156.797
              ],
              [
                -247.989,
                157.403
              ],
              [
                -246.152,
                168.203
              ],
              [
                -246.147,
                168.241
              ],
              [
                -245.964,
                169.681
              ],
              [
                -245.027,
                175.218
              ],
              [
                -238.288,
                174.077
              ],
              [
                -231.672,
                172.729
              ],
              [
                -231.796,
                167.996
              ],
              [
                -231.796,
                167.97
              ],
              [
                -231.792,
                165.934
              ]
            ],
            [
              [
                -182.586,
                -92.241
              ],
              [
                -182.962,
                -93.388
              ],
              [
                -185.27,
                -100.382
              ],
              [
                -194.253,
                -97.455
              ],
              [
                -202.67,
                -94.712
              ],
              [
                -200.375,
                -87.767
              ],
              [
                -199.877,
                -86.255
              ],
              [
                -197.003,
                -77.517
              ],
              [
                -188.343,
                -80.331
              ],
              [
                -179.603,
                -83.177
              ],
              [
                -182.585,
                -92.24
              ],
              [
                -182.586,
                -92.241
              ]
            ],
            [
              [
                -162.555,
                -136.673
              ],
              [
                -162.567,
                -136.754
              ],
              [
                -162.572,
                -136.835
              ],
              [
                -162.57,
                -136.917
              ],
              [
                -162.434,
                -138.689
              ],
              [
                -162.425,
                -138.765
              ],
              [
                -162.409,
                -138.841
              ],
              [
                -162.223,
                -139.576
              ],
              [
                -170.24,
                -134.486
              ],
              [
                -169.424,
                -134.262
              ],
              [
                -169.344,
                -134.236
              ],
              [
                -169.267,
                -134.202
              ],
              [
                -169.194,
                -134.162
              ],
              [
                -167.243,
                -132.973
              ],
              [
                -167.184,
                -132.933
              ],
              [
                -167.127,
                -132.888
              ],
              [
                -165.922,
                -131.858
              ],
              [
                -165.862,
                -131.803
              ],
              [
                -165.808,
                -131.741
              ],
              [
                -165.759,
                -131.676
              ],
              [
                -164.962,
                -130.487
              ],
              [
                -164.914,
                -130.407
              ],
              [
                -164.875,
                -130.322
              ],
              [
                -164.844,
                -130.233
              ],
              [
                -164.355,
                -128.522
              ],
              [
                -164.337,
                -128.443
              ],
              [
                -164.325,
                -128.363
              ],
              [
                -164.321,
                -128.282
              ],
              [
                -164.306,
                -126.533
              ],
              [
                -164.194,
                -125.143
              ],
              [
                -164.06,
                -124.645
              ],
              [
                -163.352,
                -124.333
              ],
              [
                -162.225,
                -124.006
              ],
              [
                -160.323,
                -124.284
              ],
              [
                -157.417,
                -125.834
              ],
              [
                -155.596,
                -127.023
              ],
              [
                -154.636,
                -128.609
              ],
              [
                -154.261,
                -130.155
              ],
              [
                -154.492,
                -131.185
              ],
              [
                -155.058,
                -131.866
              ],
              [
                -155.89,
                -132.042
              ],
              [
                -157.597,
                -132.122
              ],
              [
                -157.655,
                -132.127
              ],
              [
                -159.382,
                -132.323
              ],
              [
                -159.474,
                -132.338
              ],
              [
                -159.565,
                -132.363
              ],
              [
                -159.652,
                -132.397
              ],
              [
                -159.735,
                -132.44
              ],
              [
                -159.814,
                -132.492
              ],
              [
                -161.137,
                -133.466
              ],
              [
                -161.205,
                -133.52
              ],
              [
                -161.266,
                -133.581
              ],
              [
                -161.322,
                -133.648
              ],
              [
                -161.371,
                -133.719
              ],
              [
                -162.169,
                -135.018
              ],
              [
                -162.207,
                -135.088
              ],
              [
                -162.24,
                -135.161
              ],
              [
                -162.266,
                -135.237
              ],
              [
                -162.285,
                -135.314
              ],
              [
                -162.555,
                -136.673
              ]
            ],
            [
              [
                -175.064,
                -137.569
              ],
              [
                -175.022,
                -137.493
              ],
              [
                -174.987,
                -137.413
              ],
              [
                -174.959,
                -137.331
              ],
              [
                -174.941,
                -137.246
              ],
              [
                -174.75,
                -136.142
              ],
              [
                -174.469,
                -135.623
              ],
              [
                -172.589,
                -135.126
              ],
              [
                -161.543,
                -142.141
              ],
              [
                -160.855,
                -144.102
              ],
              [
                -161.203,
                -145.102
              ],
              [
                -162.226,
                -145.872
              ],
              [
                -163.511,
                -146.271
              ],
              [
                -165.083,
                -146.032
              ],
              [
                -165.184,
                -146.022
              ],
              [
                -167.026,
                -145.951
              ],
              [
                -167.11,
                -145.952
              ],
              [
                -167.192,
                -145.96
              ],
              [
                -167.274,
                -145.976
              ],
              [
                -167.353,
                -145.999
              ],
              [
                -167.431,
                -146.03
              ],
              [
                -167.505,
                -146.067
              ],
              [
                -167.575,
                -146.112
              ],
              [
                -168.833,
                -146.986
              ],
              [
                -168.904,
                -147.041
              ],
              [
                -168.969,
                -147.103
              ],
              [
                -169.028,
                -147.171
              ],
              [
                -169.08,
                -147.245
              ],
              [
                -169.124,
                -147.323
              ],
              [
                -169.16,
                -147.406
              ],
              [
                -169.188,
                -147.491
              ],
              [
                -169.622,
                -149.103
              ],
              [
                -169.641,
                -149.188
              ],
              [
                -169.651,
                -149.274
              ],
              [
                -169.653,
                -149.361
              ],
              [
                -169.621,
                -150.574
              ],
              [
                -170.313,
                -151.379
              ],
              [
                -171.487,
                -151.826
              ],
              [
                -172.746,
                -151.597
              ],
              [
                -173.227,
                -151.106
              ],
              [
                -173.258,
                -149.844
              ],
              [
                -173.266,
                -149.751
              ],
              [
                -173.283,
                -149.658
              ],
              [
                -173.309,
                -149.569
              ],
              [
                -173.344,
                -149.482
              ],
              [
                -174.011,
                -148.071
              ],
              [
                -174.05,
                -147.998
              ],
              [
                -174.095,
                -147.929
              ],
              [
                -174.147,
                -147.864
              ],
              [
                -174.204,
                -147.804
              ],
              [
                -175.198,
                -146.855
              ],
              [
                -175.258,
                -146.803
              ],
              [
                -175.322,
                -146.756
              ],
              [
                -175.39,
                -146.715
              ],
              [
                -175.462,
                -146.68
              ],
              [
                -176.923,
                -146.048
              ],
              [
                -177.009,
                -146.016
              ],
              [
                -177.098,
                -145.993
              ],
              [
                -177.189,
                -145.979
              ],
              [
                -178.966,
                -145.797
              ],
              [
                -179.061,
                -145.793
              ],
              [
                -179.156,
                -145.798
              ],
              [
                -179.25,
                -145.813
              ],
              [
                -179.341,
                -145.839
              ],
              [
                -181.136,
                -146.436
              ],
              [
                -182.905,
                -146.785
              ],
              [
                -184.372,
                -146.355
              ],
              [
                -185.562,
                -145.492
              ],
              [
                -186.334,
                -144.182
              ],
              [
                -186.718,
                -142.879
              ],
              [
                -186.617,
                -141.431
              ],
              [
                -186.022,
                -140.105
              ],
              [
                -185.005,
                -139.265
              ],
              [
                -183.335,
                -138.735
              ],
              [
                -181.617,
                -138.468
              ],
              [
                -179.562,
                -138.627
              ],
              [
                -177.983,
                -139.081
              ],
              [
                -177.894,
                -139.102
              ],
              [
                -177.804,
                -139.113
              ],
              [
                -177.713,
                -139.116
              ],
              [
                -177.622,
                -139.109
              ],
              [
                -176.467,
                -138.964
              ],
              [
                -176.38,
                -138.949
              ],
              [
                -176.294,
                -138.925
              ],
              [
                -176.211,
                -138.892
              ],
              [
                -176.132,
                -138.852
              ],
              [
                -176.057,
                -138.804
              ],
              [
                -175.988,
                -138.749
              ],
              [
                -175.924,
                -138.687
              ],
              [
                -175.866,
                -138.619
              ],
              [
                -175.114,
                -137.641
              ],
              [
                -175.064,
                -137.569
              ]
            ],
            [
              [
                -172.919,
                20.06
              ],
              [
                -172.92,
                20.058
              ],
              [
                -172.92,
                20.06
              ],
              [
                -172.919,
                20.06
              ]
            ],
            [
              [
                -165.509,
                52.953
              ],
              [
                -164.678,
                53.51
              ],
              [
                -165.373,
                52.937
              ],
              [
                -157.554,
                43.442
              ],
              [
                -165.612,
                20.322
              ],
              [
                -170.764,
                21.989
              ],
              [
                -181.026,
                71.949
              ],
              [
                -177.132,
                70.288
              ],
              [
                -165.509,
                52.953
              ]
            ],
            [
              [
                -139.373,
                36.822
              ],
              [
                -143.991,
                23.587
              ],
              [
                -143.994,
                23.58
              ],
              [
                -147.93,
                11.98
              ],
              [
                -156.364,
                15.152
              ],
              [
                -164.44,
                18.214
              ],
              [
                -155.983,
                42.484
              ],
              [
                -147.855,
                39.718
              ],
              [
                -139.373,
                36.822
              ]
            ],
            [
              [
                -140.581,
                9.579
              ],
              [
                -146.138,
                11.661
              ],
              [
                -142.561,
                22.201
              ],
              [
                -138.677,
                21.15
              ],
              [
                -140.581,
                9.579
              ]
            ],
            [
              [
                -136.655,
                39.53
              ],
              [
                -135.835,
                39.215
              ],
              [
                -138.391,
                22.936
              ],
              [
                -141.974,
                23.907
              ],
              [
                -137.375,
                37.084
              ],
              [
                -137.361,
                37.127
              ],
              [
                -136.655,
                39.53
              ]
            ],
            [
              [
                -148.467,
                10.259
              ],
              [
                -148.582,
                9.85
              ],
              [
                -159.66,
                -23.237
              ],
              [
                -168.328,
                -20.303
              ],
              [
                -176.514,
                -17.537
              ],
              [
                -169.703,
                2.542
              ],
              [
                -170.555,
                2.831
              ],
              [
                -169.702,
                2.545
              ],
              [
                -165.022,
                16.51
              ],
              [
                -157.001,
                13.468
              ],
              [
                -156.998,
                13.468
              ],
              [
                -148.467,
                10.259
              ]
            ],
            [
              [
                -179.791,
                17.854
              ],
              [
                -179.915,
                18.848
              ],
              [
                -179.761,
                17.96
              ],
              [
                -173.232,
                19.092
              ],
              [
                -173.689,
                17.681
              ],
              [
                -167.229,
                15.59
              ],
              [
                -171.173,
                3.822
              ],
              [
                -208.756,
                8.857
              ],
              [
                -210.18,
                14.07
              ],
              [
                -179.791,
                17.854
              ]
            ],
            [
              [
                -177.091,
                -19.242
              ],
              [
                -168.904,
                -22.008
              ],
              [
                -160.23,
                -24.945
              ],
              [
                -162.06,
                -30.44
              ],
              [
                -163.576,
                -34.968
              ],
              [
                -172.19,
                -32.056
              ],
              [
                -180.474,
                -29.246
              ],
              [
                -177.091,
                -19.242
              ]
            ],
            [
              [
                -196.429,
                -75.811
              ],
              [
                -181.054,
                -30.949
              ],
              [
                -172.767,
                -33.761
              ],
              [
                -164.146,
                -36.676
              ],
              [
                -179.038,
                -81.468
              ],
              [
                -187.786,
                -78.619
              ],
              [
                -196.429,
                -75.811
              ]
            ],
            [
              [
                -71.727,
                158.746
              ],
              [
                -70.073,
                160.209
              ],
              [
                -66.487,
                161.906
              ],
              [
                -65.886,
                162.081
              ],
              [
                -67.014,
                160.824
              ],
              [
                -67.073,
                160.752
              ],
              [
                -67.123,
                160.673
              ],
              [
                -68.797,
                157.777
              ],
              [
                -68.835,
                157.704
              ],
              [
                -68.866,
                157.628
              ],
              [
                -68.89,
                157.55
              ],
              [
                -68.907,
                157.469
              ],
              [
                -69.385,
                154.486
              ],
              [
                -69.395,
                154.393
              ],
              [
                -69.395,
                154.3
              ],
              [
                -69.386,
                154.207
              ],
              [
                -69.367,
                154.116
              ],
              [
                -69.339,
                154.027
              ],
              [
                -68.417,
                151.572
              ],
              [
                -69.464,
                152.145
              ],
              [
                -71.508,
                154.3
              ],
              [
                -72.406,
                156.655
              ],
              [
                -71.727,
                158.746
              ]
            ],
            [
              [
                -18.658,
                128.608
              ],
              [
                -18.368,
                129.46
              ],
              [
                -64.237,
                145.088
              ],
              [
                -63.591,
                147.067
              ],
              [
                -56.989,
                144.761
              ],
              [
                -56.905,
                144.736
              ],
              [
                -56.818,
                144.719
              ],
              [
                -48.506,
                143.552
              ],
              [
                -48.418,
                143.544
              ],
              [
                -40.447,
                143.213
              ],
              [
                -30.868,
                141.394
              ],
              [
                -30.766,
                141.381
              ],
              [
                -25.157,
                140.971
              ],
              [
                -17.756,
                139.473
              ],
              [
                -11.425,
                137.866
              ],
              [
                -14.614,
                128.16
              ],
              [
                -18.364,
                129.458
              ],
              [
                -18.658,
                128.608
              ]
            ],
            [
              [
                -97.57,
                153.582
              ],
              [
                -97.304,
                154.371
              ],
              [
                -65.657,
                143.67
              ],
              [
                -19.79,
                128.042
              ],
              [
                -23.1,
                117.907
              ],
              [
                -23.101,
                117.905
              ],
              [
                -25.931,
                109.191
              ],
              [
                -103.924,
                135.443
              ],
              [
                -100.877,
                144.16
              ],
              [
                -97.574,
                153.571
              ],
              [
                -98.423,
                153.869
              ],
              [
                -97.57,
                153.582
              ]
            ],
            [
              [
                -120.089,
                89.342
              ],
              [
                -104.519,
                133.743
              ],
              [
                -25.643,
                107.195
              ],
              [
                -25.356,
                108.048
              ],
              [
                -25.631,
                107.191
              ],
              [
                -21.867,
                105.982
              ],
              [
                -37.14,
                61.086
              ],
              [
                -120.089,
                89.342
              ]
            ],
            [
              [
                -13.814,
                103.397
              ],
              [
                64.324,
                76.545
              ],
              [
                49.142,
                31.703
              ],
              [
                -32.406,
                59.474
              ],
              [
                -17.105,
                104.453
              ],
              [
                -13.814,
                103.397
              ]
            ],
            [
              [
                -37.528,
                49.351
              ],
              [
                -35.958,
                53.986
              ],
              [
                -34.5,
                58.286
              ],
              [
                48.565,
                29.999
              ],
              [
                47.138,
                25.772
              ],
              [
                45.169,
                19.924
              ],
              [
                34.537,
                -11.604
              ],
              [
                23.589,
                -7.731
              ],
              [
                8.597,
                -2.424
              ],
              [
                -7.468,
                3.263
              ],
              [
                -3.522,
                14.321
              ],
              [
                0.519,
                25.595
              ],
              [
                -1.176,
                26.202
              ],
              [
                -5.217,
                14.927
              ],
              [
                -4.37,
                14.623
              ],
              [
                -5.218,
                14.925
              ],
              [
                -9.156,
                3.885
              ],
              [
                -11.259,
                4.686
              ],
              [
                -11.262,
                4.688
              ],
              [
                -46.452,
                18.051
              ],
              [
                -36.013,
                48.838
              ],
              [
                -37.528,
                49.351
              ]
            ],
            [
              [
                -41.581,
                10.399
              ],
              [
                -41.633,
                10.462
              ],
              [
                -41.69,
                10.519
              ],
              [
                -42.385,
                11.158
              ],
              [
                -13.993,
                0.376
              ],
              [
                -28.686,
                -33.287
              ],
              [
                -27.036,
                -34.007
              ],
              [
                -12.309,
                -0.264
              ],
              [
                -10.791,
                -0.842
              ],
              [
                -22.806,
                -35.004
              ],
              [
                -21.957,
                -35.302
              ],
              [
                -22.814,
                -35.028
              ],
              [
                -31.209,
                -61.205
              ],
              [
                -29.495,
                -61.755
              ],
              [
                -21.105,
                -35.591
              ],
              [
                -9.101,
                -1.463
              ],
              [
                6.367,
                -6.938
              ],
              [
                4.664,
                -14.684
              ],
              [
                4.625,
                -14.863
              ],
              [
                1.339,
                -14.818
              ],
              [
                -2.933,
                -15.258
              ],
              [
                -5.872,
                -16.129
              ],
              [
                -8.116,
                -17.615
              ],
              [
                -9.513,
                -19.595
              ],
              [
                -9.846,
                -22.004
              ],
              [
                -9.401,
                -24.089
              ],
              [
                -7.838,
                -26.658
              ],
              [
                -4.701,
                -29.142
              ],
              [
                -0.563,
                -31.767
              ],
              [
                0.808,
                -32.256
              ],
              [
                0.783,
                -32.368
              ],
              [
                -1.113,
                -40.994
              ],
              [
                0.645,
                -41.38
              ],
              [
                2.516,
                -32.869
              ],
              [
                4.359,
                -33.535
              ],
              [
                10.696,
                -34.585
              ],
              [
                6.904,
                -42.976
              ],
              [
                8.545,
                -43.717
              ],
              [
                12.434,
                -35.108
              ],
              [
                12.607,
                -34.724
              ],
              [
                17.295,
                -34.664
              ],
              [
                21.0,
                -33.788
              ],
              [
                22.981,
                -32.831
              ],
              [
                24.229,
                -31.78
              ],
              [
                26.357,
                -24.992
              ],
              [
                24.311,
                -22.219
              ],
              [
                21.024,
                -19.59
              ],
              [
                19.756,
                -18.898
              ],
              [
                19.784,
                -18.837
              ],
              [
                22.572,
                -12.675
              ],
              [
                32.936,
                -16.341
              ],
              [
                22.455,
                -47.286
              ],
              [
                23.307,
                -47.574
              ],
              [
                22.453,
                -47.293
              ],
              [
                21.744,
                -49.445
              ],
              [
                21.743,
                -49.448
              ],
              [
                17.16,
                -63.53
              ],
              [
                11.514,
                -80.912
              ],
              [
                9.175,
                -87.762
              ],
              [
                9.174,
                -87.764
              ],
              [
                7.283,
                -93.336
              ],
              [
                8.135,
                -93.625
              ],
              [
                7.282,
                -93.339
              ],
              [
                -8.214,
                -139.47
              ],
              [
                -89.142,
                -112.08
              ],
              [
                -91.995,
                -111.113
              ],
              [
                -74.47,
                -59.962
              ],
              [
                -61.608,
                -24.327
              ],
              [
                -62.594,
                -23.971
              ],
              [
                -60.753,
                -23.357
              ],
              [
                -53.302,
                -21.838
              ],
              [
                -53.196,
                -21.81
              ],
              [
                -44.634,
                -18.939
              ],
              [
                -44.561,
                -18.911
              ],
              [
                -44.491,
                -18.877
              ],
              [
                -44.424,
                -18.836
              ],
              [
                -39.784,
                -15.766
              ],
              [
                -39.713,
                -15.714
              ],
              [
                -39.647,
                -15.655
              ],
              [
                -39.588,
                -15.59
              ],
              [
                -36.984,
                -12.447
              ],
              [
                -36.939,
                -12.387
              ],
              [
                -36.899,
                -12.324
              ],
              [
                -36.864,
                -12.257
              ],
              [
                -35.48,
                -9.325
              ],
              [
                -35.451,
                -9.256
              ],
              [
                -35.428,
                -9.184
              ],
              [
                -35.41,
                -9.11
              ],
              [
                -34.643,
                -5.088
              ],
              [
                -34.629,
                -4.983
              ],
              [
                -34.628,
                -4.877
              ],
              [
                -34.819,
                -0.792
              ],
              [
                -34.827,
                -0.711
              ],
              [
                -34.842,
                -0.631
              ],
              [
                -34.864,
                -0.553
              ],
              [
                -34.892,
                -0.477
              ],
              [
                -36.901,
                4.166
              ],
              [
                -36.949,
                4.262
              ],
              [
                -37.009,
                4.351
              ],
              [
                -41.581,
                10.399
              ]
            ],
            [
              [
                42.711,
                -51.418
              ],
              [
                33.934,
                -48.486
              ],
              [
                24.963,
                -45.491
              ],
              [
                34.635,
                -16.934
              ],
              [
                43.541,
                -20.006
              ],
              [
                44.353,
                -17.652
              ],
              [
                43.66,
                -20.044
              ],
              [
                45.317,
                -20.524
              ],
              [
                52.326,
                -23.032
              ],
              [
                43.436,
                -49.28
              ],
              [
                42.711,
                -51.418
              ]
            ],
            [
              [
                51.249,
                -181.783
              ],
              [
                6.668,
                -166.361
              ],
              [
                9.926,
                -156.849
              ],
              [
                12.794,
                -148.5
              ],
              [
                91.225,
                -175.543
              ],
              [
                88.357,
                -183.862
              ],
              [
                88.352,
                -183.877
              ],
              [
                85.194,
                -193.589
              ],
              [
                82.363,
                -192.607
              ],
              [
                70.09,
                -188.352
              ],
              [
                51.251,
                -181.784
              ],
              [
                51.249,
                -181.783
              ]
            ],
            [
              [
                -57.324,
                -144.82
              ],
              [
                -94.991,
                -132.205
              ],
              [
                -91.729,
                -122.566
              ],
              [
                -88.865,
                -114.074
              ],
              [
                -8.78,
                -141.179
              ],
              [
                -11.488,
                -149.48
              ],
              [
                -14.909,
                -159.041
              ],
              [
                -57.324,
                -144.82
              ]
            ],
            [
              [
                -45.55,
                -155.687
              ],
              [
                -45.627,
                -155.657
              ],
              [
                -59.976,
                -150.708
              ],
              [
                -57.252,
                -146.743
              ],
              [
                -15.506,
                -160.739
              ],
              [
                -20.676,
                -175.699
              ],
              [
                -22.227,
                -175.177
              ],
              [
                -22.333,
                -175.148
              ],
              [
                -22.441,
                -175.133
              ],
              [
                -43.812,
                -173.406
              ],
              [
                -43.588,
                -159.146
              ],
              [
                -43.591,
                -159.053
              ],
              [
                -43.604,
                -158.961
              ],
              [
                -43.627,
                -158.871
              ],
              [
                -43.658,
                -158.784
              ],
              [
                -43.698,
                -158.7
              ],
              [
                -45.131,
                -156.076
              ],
              [
                -45.174,
                -156.005
              ],
              [
                -45.224,
                -155.938
              ],
              [
                -45.279,
                -155.877
              ],
              [
                -45.34,
                -155.82
              ],
              [
                -45.406,
                -155.769
              ],
              [
                -45.476,
                -155.725
              ],
              [
                -45.55,
                -155.687
              ]
            ],
            [
              [
                -75.64,
                -172.511
              ],
              [
                -44.801,
                -175.132
              ],
              [
                -44.797,
                -175.132
              ],
              [
                -22.696,
                -176.918
              ],
              [
                -21.263,
                -177.4
              ],
              [
                -31.285,
                -206.424
              ],
              [
                -114.857,
                -177.886
              ],
              [
                -112.908,
                -172.221
              ],
              [
                -112.907,
                -172.218
              ],
              [
                -111.706,
                -168.71
              ],
              [
                -75.658,
                -172.509
              ],
              [
                -75.64,
                -172.511
              ]
            ],
            [
              [
                -116.799,
                -183.55
              ],
              [
                -118.312,
                -183.031
              ],
              [
                -116.956,
                -179.071
              ],
              [
                -31.873,
                -208.125
              ],
              [
                -33.203,
                -211.972
              ],
              [
                -34.821,
                -216.648
              ],
              [
                -118.202,
                -187.642
              ],
              [
                -116.799,
                -183.55
              ]
            ],
            [
              [
                -100.72,
                -136.669
              ],
              [
                -99.333,
                -132.647
              ],
              [
                -96.418,
                -133.626
              ],
              [
                -59.028,
                -146.148
              ],
              [
                -61.74,
                -150.1
              ],
              [
                -100.72,
                -136.669
              ]
            ],
            [
              [
                -75.999,
                -170.663
              ],
              [
                -111.107,
                -166.963
              ],
              [
                -101.306,
                -138.371
              ],
              [
                -62.803,
                -151.638
              ],
              [
                -75.999,
                -170.663
              ]
            ],
            [
              [
                -73.938,
                -170.849
              ],
              [
                -61.036,
                -152.247
              ],
              [
                -46.544,
                -157.245
              ],
              [
                -45.392,
                -159.355
              ],
              [
                -45.61,
                -173.257
              ],
              [
                -73.938,
                -170.849
              ]
            ],
            [
              [
                -106.029,
                -128.507
              ],
              [
                -102.642,
                -118.876
              ],
              [
                -99.667,
                -110.414
              ],
              [
                -94.943,
                -112.013
              ],
              [
                -90.57,
                -113.496
              ],
              [
                -93.435,
                -121.99
              ],
              [
                -96.697,
                -131.633
              ],
              [
                -101.123,
                -130.147
              ],
              [
                -101.124,
                -130.147
              ],
              [
                -106.029,
                -128.507
              ]
            ],
            [
              [
                -126.624,
                18.017
              ],
              [
                -116.8,
                15.452
              ],
              [
                -123.392,
                2.79
              ],
              [
                -131.189,
                5.879
              ],
              [
                -126.624,
                18.017
              ]
            ],
            [
              [
                -115.014,
                14.984
              ],
              [
                -100.063,
                11.053
              ],
              [
                -105.206,
                -4.426
              ],
              [
                -121.709,
                2.123
              ],
              [
                -115.014,
                14.984
              ]
            ],
            [
              [
                -114.155,
                16.62
              ],
              [
                -106.805,
                30.543
              ],
              [
                -94.809,
                26.995
              ],
              [
                -99.497,
                12.766
              ],
              [
                -114.155,
                16.62
              ]
            ],
            [
              [
                -59.789,
                16.905
              ],
              [
                -65.888,
                4.009
              ],
              [
                -97.752,
                12.309
              ],
              [
                -93.08,
                26.49
              ],
              [
                -59.789,
                16.905
              ]
            ],
            [
              [
                -66.671,
                2.353
              ],
              [
                -75.458,
                -16.222
              ],
              [
                -103.53,
                -5.091
              ],
              [
                -98.318,
                10.597
              ],
              [
                -66.671,
                2.353
              ]
            ],
            [
              [
                -63.524,
                -22.385
              ],
              [
                -63.036,
                -21.155
              ],
              [
                -73.782,
                -16.887
              ],
              [
                -64.899,
                1.891
              ],
              [
                -62.232,
                1.197
              ],
              [
                -61.779,
                2.939
              ],
              [
                -64.115,
                3.547
              ],
              [
                -58.036,
                16.4
              ],
              [
                -50.388,
                14.198
              ],
              [
                -46.91,
                12.877
              ],
              [
                -42.968,
                9.249
              ],
              [
                -38.51,
                3.352
              ],
              [
                -36.61,
                -1.041
              ],
              [
                -36.431,
                -4.855
              ],
              [
                -37.157,
                -8.66
              ],
              [
                -38.443,
                -11.386
              ],
              [
                -40.889,
                -14.339
              ],
              [
                -45.319,
                -17.27
              ],
              [
                -53.716,
                -20.085
              ],
              [
                -61.166,
                -21.604
              ],
              [
                -61.272,
                -21.632
              ],
              [
                -63.524,
                -22.385
              ]
            ],
            [
              [
                -125.989,
                19.712
              ],
              [
                -120.423,
                34.57
              ],
              [
                -108.566,
                31.064
              ],
              [
                -115.943,
                17.089
              ],
              [
                -125.989,
                19.712
              ]
            ],
            [
              [
                -108.605,
                156.286
              ],
              [
                -99.576,
                153.302
              ],
              [
                -102.576,
                144.755
              ],
              [
                -102.576,
                144.754
              ],
              [
                -105.632,
                136.011
              ],
              [
                -114.5,
                138.928
              ],
              [
                -114.501,
                138.928
              ],
              [
                -122.609,
                141.577
              ],
              [
                -119.533,
                150.556
              ],
              [
                -116.6,
                159.118
              ],
              [
                -108.623,
                156.292
              ],
              [
                -108.605,
                156.286
              ]
            ],
            [
              [
                1.467,
                -144.654
              ],
              [
                11.091,
                -147.917
              ],
              [
                8.223,
                -156.266
              ],
              [
                4.965,
                -165.777
              ],
              [
                -4.547,
                -162.547
              ],
              [
                -13.203,
                -159.616
              ],
              [
                -9.789,
                -150.074
              ],
              [
                -9.781,
                -150.05
              ],
              [
                -7.074,
                -141.757
              ],
              [
                1.467,
                -144.654
              ]
            ],
            [
              [
                23.38,
                -50.234
              ],
              [
                32.35,
                -53.228
              ],
              [
                41.121,
                -56.158
              ],
              [
                31.04,
                -86.521
              ],
              [
                22.105,
                -83.516
              ],
              [
                13.501,
                -80.621
              ],
              [
                18.872,
                -64.087
              ],
              [
                23.38,
                -50.234
              ]
            ],
            [
              [
                -6.509,
                -140.047
              ],
              [
                8.702,
                -94.766
              ],
              [
                17.329,
                -97.669
              ],
              [
                26.247,
                -100.668
              ],
              [
                11.658,
                -146.208
              ],
              [
                2.045,
                -142.949
              ],
              [
                -6.509,
                -140.047
              ]
            ],
            [
              [
                9.278,
                -93.06
              ],
              [
                10.878,
                -88.343
              ],
              [
                12.932,
                -82.329
              ],
              [
                21.531,
                -85.222
              ],
              [
                30.466,
                -88.227
              ],
              [
                28.436,
                -94.202
              ],
              [
                26.812,
                -98.959
              ],
              [
                17.902,
                -95.963
              ],
              [
                9.278,
                -93.06
              ]
            ],
            [
              [
                12.745,
                -15.967
              ],
              [
                6.911,
                -14.888
              ],
              [
                6.463,
                -14.884
              ],
              [
                8.077,
                -7.543
              ],
              [
                20.869,
                -12.073
              ],
              [
                18.173,
                -18.032
              ],
              [
                17.344,
                -17.578
              ],
              [
                12.745,
                -15.967
              ]
            ],
            [
              [
                46.93,
                -15.791
              ],
              [
                46.783,
                -15.743
              ],
              [
                45.113,
                -15.26
              ],
              [
                36.237,
                -12.197
              ],
              [
                46.59,
                18.503
              ],
              [
                55.596,
                15.539
              ],
              [
                56.928,
                14.9
              ],
              [
                56.992,
                14.872
              ],
              [
                57.057,
                14.85
              ],
              [
                64.381,
                12.636
              ],
              [
                53.928,
                -18.296
              ],
              [
                46.93,
                -15.791
              ]
            ],
            [
              [
                10.659,
                158.504
              ],
              [
                2.469,
                160.938
              ],
              [
                1.575,
                161.235
              ],
              [
                4.64,
                170.505
              ],
              [
                86.787,
                143.133
              ],
              [
                86.079,
                141.092
              ],
              [
                86.93,
                140.797
              ],
              [
                86.076,
                141.082
              ],
              [
                71.598,
                97.753
              ],
              [
                15.072,
                117.578
              ],
              [
                16.034,
                120.566
              ],
              [
                21.322,
                119.881
              ],
              [
                21.424,
                119.873
              ],
              [
                21.526,
                119.877
              ],
              [
                27.449,
                120.463
              ],
              [
                33.1,
                120.328
              ],
              [
                38.628,
                118.79
              ],
              [
                41.568,
                117.122
              ],
              [
                44.723,
                114.713
              ],
              [
                46.514,
                112.876
              ],
              [
                46.589,
                112.807
              ],
              [
                46.671,
                112.748
              ],
              [
                46.759,
                112.698
              ],
              [
                49.753,
                111.211
              ],
              [
                49.826,
                111.179
              ],
              [
                49.901,
                111.154
              ],
              [
                53.094,
                110.219
              ],
              [
                53.18,
                110.198
              ],
              [
                53.268,
                110.186
              ],
              [
                53.356,
                110.183
              ],
              [
                53.445,
                110.188
              ],
              [
                57.286,
                110.609
              ],
              [
                57.364,
                110.621
              ],
              [
                57.442,
                110.64
              ],
              [
                57.517,
                110.666
              ],
              [
                57.589,
                110.698
              ],
              [
                61.54,
                112.667
              ],
              [
                61.584,
                112.691
              ],
              [
                65.993,
                115.198
              ],
              [
                66.064,
                115.243
              ],
              [
                66.131,
                115.295
              ],
              [
                66.193,
                115.353
              ],
              [
                66.249,
                115.416
              ],
              [
                68.929,
                118.746
              ],
              [
                68.989,
                118.831
              ],
              [
                69.039,
                118.922
              ],
              [
                70.905,
                122.812
              ],
              [
                70.946,
                122.913
              ],
              [
                70.974,
                123.017
              ],
              [
                71.514,
                125.602
              ],
              [
                71.515,
                125.607
              ],
              [
                71.729,
                126.656
              ],
              [
                71.743,
                126.76
              ],
              [
                71.746,
                126.864
              ],
              [
                71.61,
                131.126
              ],
              [
                71.6,
                131.235
              ],
              [
                71.079,
                134.604
              ],
              [
                71.06,
                134.694
              ],
              [
                71.033,
                134.781
              ],
              [
                70.996,
                134.866
              ],
              [
                70.951,
                134.946
              ],
              [
                70.898,
                135.021
              ],
              [
                68.819,
                137.673
              ],
              [
                68.771,
                137.729
              ],
              [
                68.718,
                137.781
              ],
              [
                66.838,
                139.502
              ],
              [
                62.615,
                143.655
              ],
              [
                62.559,
                143.705
              ],
              [
                62.499,
                143.751
              ],
              [
                62.435,
                143.792
              ],
              [
                57.351,
                146.735
              ],
              [
                57.311,
                146.757
              ],
              [
                52.481,
                149.233
              ],
              [
                52.437,
                149.254
              ],
              [
                47.293,
                151.544
              ],
              [
                47.198,
                151.581
              ],
              [
                42.36,
                153.105
              ],
              [
                42.273,
                153.128
              ],
              [
                42.184,
                153.142
              ],
              [
                35.837,
                153.812
              ],
              [
                27.51,
                155.49
              ],
              [
                27.388,
                155.506
              ],
              [
                17.694,
                156.113
              ],
              [
                10.692,
                158.493
              ],
              [
                10.659,
                158.504
              ]
            ],
            [
              [
                46.747,
                148.345
              ],
              [
                46.671,
                148.397
              ],
              [
                43.219,
                150.518
              ],
              [
                43.117,
                150.572
              ],
              [
                41.198,
                151.436
              ],
              [
                41.905,
                151.361
              ],
              [
                46.608,
                149.879
              ],
              [
                51.682,
                147.62
              ],
              [
                56.469,
                145.166
              ],
              [
                61.435,
                142.291
              ],
              [
                63.495,
                140.266
              ],
              [
                62.708,
                140.408
              ],
              [
                62.616,
                140.42
              ],
              [
                62.524,
                140.422
              ],
              [
                62.432,
                140.415
              ],
              [
                57.857,
                139.823
              ],
              [
                57.761,
                139.806
              ],
              [
                57.668,
                139.778
              ],
              [
                57.578,
                139.74
              ],
              [
                53.173,
                137.598
              ],
              [
                53.114,
                137.566
              ],
              [
                53.057,
                137.53
              ],
              [
                49.664,
                135.202
              ],
              [
                49.601,
                135.155
              ],
              [
                49.543,
                135.103
              ],
              [
                49.437,
                135.0
              ],
              [
                49.575,
                135.197
              ],
              [
                49.62,
                135.269
              ],
              [
                49.658,
                135.345
              ],
              [
                49.689,
                135.424
              ],
              [
                50.817,
                138.779
              ],
              [
                50.841,
                138.862
              ],
              [
                50.857,
                138.948
              ],
              [
                50.864,
                139.035
              ],
              [
                50.979,
                142.398
              ],
              [
                50.978,
                142.479
              ],
              [
                50.97,
                142.559
              ],
              [
                50.955,
                142.638
              ],
              [
                50.932,
                142.716
              ],
              [
                50.903,
                142.791
              ],
              [
                49.74,
                145.435
              ],
              [
                49.7,
                145.516
              ],
              [
                49.651,
                145.592
              ],
              [
                49.596,
                145.663
              ],
              [
                49.533,
                145.728
              ],
              [
                46.817,
                148.285
              ],
              [
                46.747,
                148.345
              ]
            ],
            [
              [
                38.506,
                124.126
              ],
              [
                38.596,
                124.187
              ],
              [
                43.196,
                127.689
              ],
              [
                43.27,
                127.751
              ],
              [
                44.995,
                129.386
              ],
              [
                44.969,
                129.319
              ],
              [
                44.949,
                129.243
              ],
              [
                43.907,
                124.715
              ],
              [
                43.893,
                124.636
              ],
              [
                43.886,
                124.556
              ],
              [
                43.663,
                119.921
              ],
              [
                43.663,
                119.824
              ],
              [
                43.674,
                119.728
              ],
              [
                44.053,
                117.489
              ],
              [
                42.611,
                118.59
              ],
              [
                42.509,
                118.657
              ],
              [
                39.42,
                120.41
              ],
              [
                39.321,
                120.458
              ],
              [
                39.217,
                120.494
              ],
              [
                33.706,
                122.029
              ],
              [
                38.41,
                124.078
              ],
              [
                38.506,
                124.126
              ]
            ],
            [
              [
                -12.4,
                104.814
              ],
              [
                -9.609,
                113.374
              ],
              [
                -6.345,
                123.342
              ],
              [
                13.642,
                116.172
              ],
              [
                13.946,
                117.019
              ],
              [
                13.648,
                116.17
              ],
              [
                71.025,
                96.047
              ],
              [
                68.026,
                87.162
              ],
              [
                64.909,
                78.247
              ],
              [
                -12.4,
                104.814
              ]
            ],
            [
              [
                14.276,
                120.976
              ],
              [
                13.375,
                118.18
              ],
              [
                -6.608,
                125.349
              ],
              [
                -6.912,
                124.502
              ],
              [
                -6.612,
                125.35
              ],
              [
                -9.893,
                126.509
              ],
              [
                -6.739,
                136.107
              ],
              [
                -2.344,
                133.9
              ],
              [
                0.202,
                132.078
              ],
              [
                0.834,
                130.493
              ],
              [
                0.737,
                128.331
              ],
              [
                0.737,
                128.246
              ],
              [
                0.745,
                128.162
              ],
              [
                0.761,
                128.079
              ],
              [
                0.785,
                127.997
              ],
              [
                0.816,
                127.919
              ],
              [
                0.855,
                127.843
              ],
              [
                1.747,
                126.286
              ],
              [
                1.799,
                126.206
              ],
              [
                1.858,
                126.132
              ],
              [
                1.926,
                126.065
              ],
              [
                1.999,
                126.005
              ],
              [
                2.079,
                125.953
              ],
              [
                2.164,
                125.91
              ],
              [
                6.292,
                124.085
              ],
              [
                9.269,
                122.612
              ],
              [
                9.39,
                122.563
              ],
              [
                14.276,
                120.976
              ]
            ],
            [
              [
                -18.087,
                127.457
              ],
              [
                -12.83,
                125.637
              ],
              [
                -8.041,
                123.946
              ],
              [
                -11.32,
                113.934
              ],
              [
                -11.321,
                113.932
              ],
              [
                -14.109,
                105.382
              ],
              [
                -18.921,
                106.927
              ],
              [
                -24.221,
                108.629
              ],
              [
                -21.389,
                117.349
              ],
              [
                -18.087,
                127.457
              ]
            ],
            [
              [
                -3.736,
                161.101
              ],
              [
                -4.437,
                158.984
              ],
              [
                -5.446,
                159.278
              ],
              [
                -10.462,
                161.552
              ],
              [
                -15.915,
                164.46
              ],
              [
                -21.39,
                168.731
              ],
              [
                -21.445,
                168.771
              ],
              [
                -24.098,
                170.534
              ],
              [
                -22.257,
                170.309
              ],
              [
                -16.858,
                168.051
              ],
              [
                -11.092,
                164.764
              ],
              [
                -11.073,
                164.753
              ],
              [
                -5.247,
                161.616
              ],
              [
                -5.176,
                161.582
              ],
              [
                -5.103,
                161.554
              ],
              [
                -3.736,
                161.101
              ]
            ],
            [
              [
                1.915,
                159.226
              ],
              [
                1.942,
                159.217
              ],
              [
                10.129,
                156.783
              ],
              [
                12.388,
                156.015
              ],
              [
                8.996,
                155.944
              ],
              [
                0.742,
                157.44
              ],
              [
                0.357,
                157.557
              ],
              [
                1.01,
                159.527
              ],
              [
                1.915,
                159.226
              ]
            ],
            [
              [
                -18.523,
                142.84
              ],
              [
                -10.942,
                141.518
              ],
              [
                -10.288,
                141.325
              ],
              [
                -10.861,
                139.58
              ],
              [
                -17.334,
                141.223
              ],
              [
                -17.377,
                141.233
              ],
              [
                -24.856,
                142.747
              ],
              [
                -24.969,
                142.762
              ],
              [
                -30.583,
                143.172
              ],
              [
                -31.995,
                143.44
              ],
              [
                -27.837,
                143.555
              ],
              [
                -18.523,
                142.84
              ]
            ],
            [
              [
                1.698,
                133.142
              ],
              [
                1.649,
                133.212
              ],
              [
                1.593,
                133.276
              ],
              [
                1.531,
                133.336
              ],
              [
                1.464,
                133.389
              ],
              [
                -1.354,
                135.405
              ],
              [
                -1.412,
                135.443
              ],
              [
                -1.474,
                135.477
              ],
              [
                -6.171,
                137.837
              ],
              [
                -5.497,
                139.887
              ],
              [
                -5.095,
                139.764
              ],
              [
                1.879,
                137.273
              ],
              [
                6.392,
                135.373
              ],
              [
                8.532,
                133.756
              ],
              [
                8.644,
                132.479
              ],
              [
                7.797,
                130.546
              ],
              [
                5.968,
                129.167
              ],
              [
                5.895,
                129.106
              ],
              [
                5.829,
                129.037
              ],
              [
                5.771,
                128.962
              ],
              [
                5.721,
                128.881
              ],
              [
                5.679,
                128.796
              ],
              [
                4.843,
                126.8
              ],
              [
                4.813,
                126.718
              ],
              [
                4.811,
                126.708
              ],
              [
                3.162,
                127.437
              ],
              [
                2.547,
                128.511
              ],
              [
                2.641,
                130.606
              ],
              [
                2.641,
                130.702
              ],
              [
                2.63,
                130.797
              ],
              [
                2.609,
                130.89
              ],
              [
                2.578,
                130.98
              ],
              [
                1.776,
                132.99
              ],
              [
                1.741,
                133.068
              ],
              [
                1.698,
                133.142
              ]
            ],
            [
              [
                42.326,
                148.954
              ],
              [
                45.65,
                146.911
              ],
              [
                48.166,
                144.543
              ],
              [
                49.173,
                142.254
              ],
              [
                49.069,
                139.228
              ],
              [
                48.024,
                136.12
              ],
              [
                45.193,
                132.054
              ],
              [
                42.067,
                129.091
              ],
              [
                37.592,
                125.684
              ],
              [
                32.264,
                123.364
              ],
              [
                27.272,
                122.254
              ],
              [
                21.451,
                121.679
              ],
              [
                15.606,
                122.437
              ],
              [
                10.008,
                124.255
              ],
              [
                7.286,
                125.601
              ],
              [
                6.685,
                126.54
              ],
              [
                7.245,
                127.876
              ],
              [
                9.069,
                129.25
              ],
              [
                9.14,
                129.309
              ],
              [
                9.204,
                129.376
              ],
              [
                9.261,
                129.448
              ],
              [
                9.31,
                129.526
              ],
              [
                9.352,
                129.608
              ],
              [
                10.385,
                131.967
              ],
              [
                10.417,
                132.051
              ],
              [
                10.44,
                132.138
              ],
              [
                10.455,
                132.227
              ],
              [
                10.461,
                132.317
              ],
              [
                10.457,
                132.407
              ],
              [
                10.29,
                134.312
              ],
              [
                10.279,
                134.395
              ],
              [
                10.26,
                134.476
              ],
              [
                10.234,
                134.556
              ],
              [
                10.2,
                134.632
              ],
              [
                10.16,
                134.705
              ],
              [
                10.113,
                134.774
              ],
              [
                10.06,
                134.839
              ],
              [
                10.0,
                134.898
              ],
              [
                9.936,
                134.951
              ],
              [
                7.387,
                136.877
              ],
              [
                7.326,
                136.919
              ],
              [
                7.261,
                136.956
              ],
              [
                7.194,
                136.988
              ],
              [
                2.554,
                138.942
              ],
              [
                2.508,
                138.96
              ],
              [
                -4.51,
                141.466
              ],
              [
                -4.549,
                141.479
              ],
              [
                -4.933,
                141.596
              ],
              [
                -0.209,
                155.848
              ],
              [
                0.269,
                155.703
              ],
              [
                0.37,
                155.678
              ],
              [
                8.764,
                154.157
              ],
              [
                8.854,
                154.145
              ],
              [
                8.944,
                154.142
              ],
              [
                17.499,
                154.323
              ],
              [
                27.214,
                153.714
              ],
              [
                35.426,
                152.059
              ],
              [
                42.326,
                148.954
              ]
            ],
            [
              [
                -22.47,
                167.291
              ],
              [
                -16.961,
                162.993
              ],
              [
                -16.898,
                162.948
              ],
              [
                -16.831,
                162.908
              ],
              [
                -11.283,
                159.95
              ],
              [
                -11.231,
                159.925
              ],
              [
                -6.131,
                157.613
              ],
              [
                -6.012,
                157.568
              ],
              [
                -5.004,
                157.274
              ],
              [
                -9.724,
                143.035
              ],
              [
                -10.482,
                143.259
              ],
              [
                -10.582,
                143.282
              ],
              [
                -18.256,
                144.62
              ],
              [
                -18.342,
                144.631
              ],
              [
                -27.746,
                145.353
              ],
              [
                -27.839,
                145.356
              ],
              [
                -40.336,
                145.01
              ],
              [
                -48.3,
                145.341
              ],
              [
                -56.48,
                146.489
              ],
              [
                -63.705,
                149.013
              ],
              [
                -66.397,
                151.313
              ],
              [
                -67.57,
                154.436
              ],
              [
                -67.156,
                157.02
              ],
              [
                -65.612,
                159.692
              ],
              [
                -62.532,
                163.124
              ],
              [
                -59.073,
                165.203
              ],
              [
                -59.07,
                165.205
              ],
              [
                -53.076,
                168.838
              ],
              [
                -47.434,
                170.92
              ],
              [
                -40.902,
                172.464
              ],
              [
                -33.895,
                172.49
              ],
              [
                -28.132,
                171.054
              ],
              [
                -22.47,
                167.291
              ]
            ],
            [
              [
                44.402,
                -52.036
              ],
              [
                44.874,
                -50.645
              ],
              [
                55.308,
                -53.279
              ],
              [
                54.886,
                -56.244
              ],
              [
                44.402,
                -52.036
              ]
            ],
            [
              [
                68.64,
                -61.111
              ],
              [
                68.687,
                -61.192
              ],
              [
                68.743,
                -61.268
              ],
              [
                69.41,
                -62.077
              ],
              [
                56.606,
                -56.934
              ],
              [
                57.063,
                -53.723
              ],
              [
                59.835,
                -54.427
              ],
              [
                66.761,
                -56.18
              ],
              [
                67.233,
                -58.342
              ],
              [
                67.253,
                -58.419
              ],
              [
                67.28,
                -58.494
              ],
              [
                67.314,
                -58.566
              ],
              [
                68.64,
                -61.111
              ]
            ],
            [
              [
                92.514,
                -62.706
              ],
              [
                90.274,
                -70.152
              ],
              [
                84.806,
                -68.088
              ],
              [
                75.494,
                -64.521
              ],
              [
                72.921,
                -63.488
              ],
              [
                72.241,
                -62.682
              ],
              [
                70.192,
                -60.196
              ],
              [
                68.966,
                -57.841
              ],
              [
                68.711,
                -56.674
              ],
              [
                92.514,
                -62.706
              ]
            ],
            [
              [
                109.189,
                -41.016
              ],
              [
                109.253,
                -41.036
              ],
              [
                114.125,
                -42.43
              ],
              [
                98.006,
                -73.062
              ],
              [
                91.962,
                -70.788
              ],
              [
                94.248,
                -63.191
              ],
              [
                97.564,
                -64.211
              ],
              [
                98.094,
                -62.49
              ],
              [
                94.78,
                -61.471
              ],
              [
                101.481,
                -40.386
              ],
              [
                105.811,
                -39.951
              ],
              [
                109.189,
                -41.016
              ]
            ],
            [
              [
                68.626,
                25.081
              ],
              [
                61.735,
                27.266
              ],
              [
                59.951,
                28.038
              ],
              [
                59.882,
                28.064
              ],
              [
                50.847,
                31.125
              ],
              [
                66.029,
                75.967
              ],
              [
                74.963,
                72.986
              ],
              [
                76.664,
                72.337
              ],
              [
                76.707,
                72.321
              ],
              [
                83.521,
                70.111
              ],
              [
                68.626,
                25.081
              ]
            ],
            [
              [
                54.032,
                -23.607
              ],
              [
                59.275,
                -25.261
              ],
              [
                55.562,
                -51.487
              ],
              [
                45.454,
                -48.935
              ],
              [
                54.032,
                -23.607
              ]
            ],
            [
              [
                61.016,
                -25.81
              ],
              [
                69.981,
                -28.64
              ],
              [
                59.538,
                -52.494
              ],
              [
                57.317,
                -51.931
              ],
              [
                61.016,
                -25.81
              ]
            ],
            [
              [
                69.044,
                -49.393
              ],
              [
                67.339,
                -52.167
              ],
              [
                67.301,
                -52.235
              ],
              [
                67.269,
                -52.306
              ],
              [
                67.243,
                -52.38
              ],
              [
                67.224,
                -52.455
              ],
              [
                66.831,
                -54.341
              ],
              [
                61.307,
                -52.943
              ],
              [
                71.707,
                -29.185
              ],
              [
                94.947,
                -36.527
              ],
              [
                94.001,
                -39.399
              ],
              [
                86.545,
                -41.12
              ],
              [
                86.491,
                -41.135
              ],
              [
                78.019,
                -43.652
              ],
              [
                77.941,
                -43.678
              ],
              [
                77.867,
                -43.712
              ],
              [
                73.071,
                -46.15
              ],
              [
                72.993,
                -46.195
              ],
              [
                72.919,
                -46.247
              ],
              [
                69.251,
                -49.16
              ],
              [
                69.192,
                -49.211
              ],
              [
                69.137,
                -49.267
              ],
              [
                69.088,
                -49.328
              ],
              [
                69.044,
                -49.393
              ]
            ],
            [
              [
                101.457,
                -38.579
              ],
              [
                100.713,
                -38.654
              ],
              [
                95.985,
                -39.128
              ],
              [
                96.664,
                -37.069
              ],
              [
                101.457,
                -38.579
              ]
            ],
            [
              [
                68.954,
                -52.976
              ],
              [
                70.494,
                -50.471
              ],
              [
                73.968,
                -47.713
              ],
              [
                78.61,
                -45.354
              ],
              [
                86.977,
                -42.868
              ],
              [
                94.843,
                -41.052
              ],
              [
                99.53,
                -40.582
              ],
              [
                93.046,
                -60.984
              ],
              [
                68.578,
                -54.784
              ],
              [
                68.954,
                -52.976
              ]
            ],
            [
              [
                68.042,
                23.378
              ],
              [
                66.531,
                19.125
              ],
              [
                66.525,
                19.106
              ],
              [
                64.952,
                14.344
              ],
              [
                57.644,
                16.553
              ],
              [
                56.322,
                17.187
              ],
              [
                56.214,
                17.231
              ],
              [
                47.164,
                20.209
              ],
              [
                48.844,
                25.198
              ],
              [
                50.27,
                29.42
              ],
              [
                59.27,
                26.371
              ],
              [
                61.061,
                25.596
              ],
              [
                61.147,
                25.564
              ],
              [
                68.042,
                23.378
              ]
            ],
            [
              [
                104.925,
                133.708
              ],
              [
                90.951,
                91.765
              ],
              [
                83.703,
                94.076
              ],
              [
                83.62,
                94.098
              ],
              [
                82.121,
                94.424
              ],
              [
                73.307,
                97.187
              ],
              [
                87.496,
                139.654
              ],
              [
                96.409,
                136.619
              ],
              [
                96.411,
                136.618
              ],
              [
                98.086,
                136.051
              ],
              [
                104.925,
                133.708
              ]
            ],
            [
              [
                90.369,
                90.061
              ],
              [
                87.073,
                80.663
              ],
              [
                87.07,
                80.653
              ],
              [
                84.091,
                71.818
              ],
              [
                77.284,
                74.026
              ],
              [
                75.587,
                74.675
              ],
              [
                75.551,
                74.688
              ],
              [
                66.614,
                77.669
              ],
              [
                69.727,
                86.572
              ],
              [
                69.73,
                86.582
              ],
              [
                72.733,
                95.48
              ],
              [
                81.622,
                92.694
              ],
              [
                81.7,
                92.673
              ],
              [
                83.197,
                92.348
              ],
              [
                90.369,
                90.061
              ]
            ],
            [
              [
                101.731,
                152.074
              ],
              [
                103.296,
                151.636
              ],
              [
                110.165,
                149.25
              ],
              [
                105.497,
                135.415
              ],
              [
                98.668,
                137.755
              ],
              [
                98.665,
                137.756
              ],
              [
                96.989,
                138.323
              ],
              [
                88.077,
                141.357
              ],
              [
                88.786,
                143.404
              ],
              [
                88.786,
                143.406
              ],
              [
                90.267,
                147.708
              ],
              [
                92.826,
                155.103
              ],
              [
                101.683,
                152.089
              ],
              [
                101.731,
                152.074
              ]
            ],
            [
              [
                69.944,
                126.912
              ],
              [
                69.751,
                125.968
              ],
              [
                69.235,
                123.492
              ],
              [
                67.461,
                119.794
              ],
              [
                64.954,
                116.678
              ],
              [
                60.715,
                114.267
              ],
              [
                56.93,
                112.381
              ],
              [
                53.427,
                111.997
              ],
              [
                50.483,
                112.859
              ],
              [
                47.696,
                114.242
              ],
              [
                46.161,
                115.817
              ],
              [
                45.465,
                119.932
              ],
              [
                45.68,
                124.39
              ],
              [
                46.667,
                128.686
              ],
              [
                48.57,
                131.627
              ],
              [
                50.747,
                133.762
              ],
              [
                54.02,
                136.008
              ],
              [
                58.233,
                138.057
              ],
              [
                62.524,
                138.612
              ],
              [
                65.791,
                138.021
              ],
              [
                67.448,
                136.504
              ],
              [
                69.336,
                134.096
              ],
              [
                69.813,
                131.014
              ],
              [
                69.944,
                126.912
              ]
            ],
            [
              [
                67.406,
                -211.275
              ],
              [
                67.374,
                -211.349
              ],
              [
                67.348,
                -211.426
              ],
              [
                64.793,
                -220.268
              ],
              [
                64.768,
                -220.382
              ],
              [
                64.165,
                -224.319
              ],
              [
                58.784,
                -224.911
              ],
              [
                70.359,
                -190.35
              ],
              [
                80.396,
                -193.83
              ],
              [
                76.668,
                -197.464
              ],
              [
                76.644,
                -197.489
              ],
              [
                71.738,
                -202.659
              ],
              [
                71.68,
                -202.727
              ],
              [
                71.629,
                -202.8
              ],
              [
                71.585,
                -202.878
              ],
              [
                67.406,
                -211.275
              ]
            ],
            [
              [
                78.186,
                -222.072
              ],
              [
                78.259,
                -227.947
              ],
              [
                76.929,
                -227.458
              ],
              [
                76.899,
                -227.448
              ],
              [
                71.514,
                -225.676
              ],
              [
                71.428,
                -225.652
              ],
              [
                65.966,
                -224.441
              ],
              [
                66.538,
                -220.712
              ],
              [
                69.054,
                -212.004
              ],
              [
                73.137,
                -203.8
              ],
              [
                77.937,
                -198.741
              ],
              [
                82.298,
                -194.489
              ],
              [
                85.47,
                -195.589
              ],
              [
                85.471,
                -195.59
              ],
              [
                87.879,
                -196.422
              ],
              [
                87.7,
                -216.242
              ],
              [
                78.649,
                -221.274
              ],
              [
                78.574,
                -221.32
              ],
              [
                78.504,
                -221.374
              ],
              [
                78.44,
                -221.434
              ],
              [
                78.382,
                -221.5
              ],
              [
                78.33,
                -221.571
              ],
              [
                78.286,
                -221.647
              ],
              [
                78.25,
                -221.728
              ],
              [
                78.221,
                -221.811
              ],
              [
                78.201,
                -221.896
              ],
              [
                78.189,
                -221.984
              ],
              [
                78.186,
                -222.072
              ]
            ],
            [
              [
                103.39,
                -201.798
              ],
              [
                91.718,
                -236.14
              ],
              [
                87.221,
                -232.173
              ],
              [
                87.157,
                -232.122
              ],
              [
                87.089,
                -232.077
              ],
              [
                87.017,
                -232.038
              ],
              [
                80.068,
                -228.675
              ],
              [
                79.993,
                -222.586
              ],
              [
                89.033,
                -217.561
              ],
              [
                89.106,
                -217.516
              ],
              [
                89.174,
                -217.463
              ],
              [
                89.238,
                -217.405
              ],
              [
                89.295,
                -217.34
              ],
              [
                89.346,
                -217.271
              ],
              [
                89.39,
                -217.197
              ],
              [
                89.427,
                -217.119
              ],
              [
                89.456,
                -217.037
              ],
              [
                89.477,
                -216.954
              ],
              [
                89.49,
                -216.869
              ],
              [
                89.495,
                -216.783
              ],
              [
                89.674,
                -197.043
              ],
              [
                103.39,
                -201.798
              ]
            ]
          ],
          [
            [
              [
                -285.091,
                106.516
              ],
              [
                -285.071,
                106.51
              ],
              [
                -280.836,
                105.19
              ],
              [
                -280.568,
                106.049
              ],
              [
                -279.724,
                105.736
              ],
              [
                -265.082,
                145.24
              ],
              [
                -265.926,
                145.552
              ],
              [
                -265.634,
                146.404
              ],
              [
                -269.45,
                147.709
              ],
              [
                -269.456,
                147.711
              ],
              [
                -272.388,
                148.692
              ],
              [
                -271.52,
                150.862
              ],
              [
                -271.517,
                150.869
              ],
              [
                -270.592,
                153.24
              ],
              [
                -272.268,
                153.895
              ],
              [
                -273.193,
                151.527
              ],
              [
                -274.098,
                149.265
              ],
              [
                -277.763,
                150.494
              ],
              [
                -277.851,
                150.518
              ],
              [
                -277.941,
                150.534
              ],
              [
                -278.032,
                150.54
              ],
              [
                -278.123,
                150.537
              ],
              [
                -278.214,
                150.525
              ],
              [
                -278.302,
                150.504
              ],
              [
                -278.389,
                150.474
              ],
              [
                -278.471,
                150.435
              ],
              [
                -278.55,
                150.389
              ],
              [
                -278.623,
                150.334
              ],
              [
                -278.69,
                150.273
              ],
              [
                -278.751,
                150.205
              ],
              [
                -278.804,
                150.131
              ],
              [
                -278.85,
                150.052
              ],
              [
                -278.888,
                149.969
              ],
              [
                -294.304,
                110.615
              ],
              [
                -294.332,
                110.534
              ],
              [
                -294.351,
                110.451
              ],
              [
                -294.363,
                110.366
              ],
              [
                -294.366,
                110.28
              ],
              [
                -294.362,
                110.195
              ],
              [
                -294.349,
                110.11
              ],
              [
                -294.328,
                110.027
              ],
              [
                -294.299,
                109.946
              ],
              [
                -294.263,
                109.868
              ],
              [
                -294.219,
                109.794
              ],
              [
                -294.169,
                109.725
              ],
              [
                -294.112,
                109.661
              ],
              [
                -294.05,
                109.602
              ],
              [
                -293.982,
                109.55
              ],
              [
                -293.91,
                109.504
              ],
              [
                -293.833,
                109.465
              ],
              [
                -293.753,
                109.434
              ],
              [
                -289.293,
                107.935
              ],
              [
                -285.091,
                106.516
              ]
            ],
            [
              [
                -289.532,
                109.914
              ],
              [
                -292.284,
                110.839
              ],
              [
                -277.524,
                148.515
              ],
              [
                -274.761,
                147.589
              ],
              [
                -275.705,
                145.172
              ],
              [
                -275.799,
                145.209
              ],
              [
                -279.622,
                135.459
              ],
              [
                -279.529,
                135.422
              ],
              [
                -285.249,
                120.841
              ],
              [
                -285.342,
                120.877
              ],
              [
                -288.493,
                112.837
              ],
              [
                -288.4,
                112.8
              ],
              [
                -289.532,
                109.914
              ]
            ],
            [
              [
                -277.854,
                134.765
              ],
              [
                -277.761,
                134.728
              ],
              [
                -273.937,
                144.478
              ],
              [
                -274.965,
                144.882
              ],
              [
                -274.029,
                144.516
              ],
              [
                -273.051,
                147.016
              ],
              [
                -270.917,
                146.302
              ],
              [
                -271.729,
                144.179
              ],
              [
                -271.822,
                144.214
              ],
              [
                -275.538,
                134.463
              ],
              [
                -275.445,
                134.428
              ],
              [
                -281.057,
                119.724
              ],
              [
                -280.216,
                119.403
              ],
              [
                -281.151,
                119.759
              ],
              [
                -284.084,
                112.06
              ],
              [
                -283.99,
                112.024
              ],
              [
                -285.336,
                108.498
              ],
              [
                -287.824,
                109.339
              ],
              [
                -286.724,
                112.144
              ],
              [
                -286.631,
                112.107
              ],
              [
                -283.48,
                120.148
              ],
              [
                -283.573,
                120.184
              ],
              [
                -277.854,
                134.765
              ]
            ],
            [
              [
                -279.282,
                119.047
              ],
              [
                -279.376,
                119.083
              ],
              [
                -273.763,
                133.786
              ],
              [
                -274.863,
                134.206
              ],
              [
                -273.669,
                133.751
              ],
              [
                -269.953,
                143.502
              ],
              [
                -270.046,
                143.538
              ],
              [
                -269.21,
                145.725
              ],
              [
                -267.091,
                145.0
              ],
              [
                -281.115,
                107.162
              ],
              [
                -283.621,
                107.943
              ],
              [
                -282.309,
                111.383
              ],
              [
                -283.15,
                111.704
              ],
              [
                -282.215,
                111.348
              ],
              [
                -279.282,
                119.047
              ]
            ]
          ]
        ]
      }
    }
  ]
}
