{
  "type": "FeatureCollection",
  "name": "pilot-pois",
  "schema_version": 2,
  "dataset_id": "pilot-pois",
  "source_id": "source:osm",
  "source_sha256": "09dc9d5aea72e11ad8d84d1c8d2e88132c0a5556e7a2f601824a0a7a74d4adcd",
  "source_retrieved_at": "2026-09-10T13:46:35.844894+00:00",
  "source_crs": "EPSG:4326",
  "projected_crs": "EPSG:32651",
  "local_frame": {
    "origin_wgs84": {
      "longitude": 121.050972,
      "latitude": 14.550806
    },
    "origin_projected": {
      "easting": 289998.297,
      "northing": 1609541.742
    },
    "axes": {
      "x": "east",
      "y": "north",
      "z": "up"
    },
    "units": "metres",
    "transform_library": "pyproj"
  },
  "features": [
    {
      "type": "Feature",
      "id": "osm:node:10104800921",
      "properties": {
        "id": "osm:node:10104800921",
        "source_ids": [
          "osm:node:10104800921",
          "source:osm"
        ],
        "name": "Shinagawa Lasik BGC",
        "category": "clinic",
        "geometry_status": "VERIFIED_GEOGRAPHIC",
        "tags": {
          "amenity": "clinic",
          "name": "Shinagawa Lasik BGC"
        }
      },
      "geometry": {
        "type": "Point",
        "coordinates": [
          73.597,
          168.643
        ]
      }
    },
    {
      "type": "Feature",
      "id": "osm:node:11142917824",
      "properties": {
        "id": "osm:node:11142917824",
        "source_ids": [
          "osm:node:11142917824",
          "source:osm"
        ],
        "name": null,
        "category": "bicycle_parking",
        "geometry_status": "VERIFIED_GEOGRAPHIC",
        "tags": {
          "amenity": "bicycle_parking"
        }
      },
      "geometry": {
        "type": "Point",
        "coordinates": [
          85.566,
          -176.478
        ]
      }
    },
    {
      "type": "Feature",
      "id": "osm:node:11428058351",
      "properties": {
        "id": "osm:node:11428058351",
        "source_ids": [
          "osm:node:11428058351",
          "source:osm"
        ],
        "name": "KOI Thé",
        "category": "cafe",
        "geometry_status": "VERIFIED_GEOGRAPHIC",
        "tags": {
          "addr:city": "Taguig",
          "addr:district": "Bonifacio Global City",
          "addr:floor": "G/F",
          "addr:housename": "B:2, Bonifacio High Street",
          "addr:postcode": "1635",
          "addr:street": "9th Avenue",
          "amenity": "cafe",
          "name": "KOI Thé"
        }
      },
      "geometry": {
        "type": "Point",
        "coordinates": [
          -29.011,
          -42.114
        ]
      }
    },
    {
      "type": "Feature",
      "id": "osm:node:11545049088",
      "properties": {
        "id": "osm:node:11545049088",
        "source_ids": [
          "osm:node:11545049088",
          "source:osm"
        ],
        "name": "Power Up",
        "category": "sports_centre",
        "geometry_status": "VERIFIED_GEOGRAPHIC",
        "tags": {
          "leisure": "sports_centre",
          "name": "Power Up",
          "operator": "Power Up Climbing Gyms"
        }
      },
      "geometry": {
        "type": "Point",
        "coordinates": [
          -142.012,
          -7.163
        ]
      }
    },
    {
      "type": "Feature",
      "id": "osm:node:11873110902",
      "properties": {
        "id": "osm:node:11873110902",
        "source_ids": [
          "osm:node:11873110902",
          "source:osm"
        ],
        "name": null,
        "category": "parking",
        "geometry_status": "VERIFIED_GEOGRAPHIC",
        "tags": {
          "amenity": "parking"
        }
      },
      "geometry": {
        "type": "Point",
        "coordinates": [
          77.759,
          -102.365
        ]
      }
    },
    {
      "type": "Feature",
      "id": "osm:node:11873110903",
      "properties": {
        "id": "osm:node:11873110903",
        "source_ids": [
          "osm:node:11873110903",
          "source:osm"
        ],
        "name": null,
        "category": "kerb",
        "geometry_status": "VERIFIED_GEOGRAPHIC",
        "tags": {
          "barrier": "kerb"
        }
      },
      "geometry": {
        "type": "Point",
        "coordinates": [
          109.629,
          -124.328
        ]
      }
    },
    {
      "type": "Feature",
      "id": "osm:node:11873110904",
      "properties": {
        "id": "osm:node:11873110904",
        "source_ids": [
          "osm:node:11873110904",
          "source:osm"
        ],
        "name": null,
        "category": "kerb",
        "geometry_status": "VERIFIED_GEOGRAPHIC",
        "tags": {
          "barrier": "kerb"
        }
      },
      "geometry": {
        "type": "Point",
        "coordinates": [
          111.376,
          -119.186
        ]
      }
    },
    {
      "type": "Feature",
      "id": "osm:node:11873110905",
      "properties": {
        "id": "osm:node:11873110905",
        "source_ids": [
          "osm:node:11873110905",
          "source:osm"
        ],
        "name": null,
        "category": "kerb",
        "geometry_status": "VERIFIED_GEOGRAPHIC",
        "tags": {
          "barrier": "kerb"
        }
      },
      "geometry": {
        "type": "Point",
        "coordinates": [
          75.799,
          -94.547
        ]
      }
    },
    {
      "type": "Feature",
      "id": "osm:node:11873110906",
      "properties": {
        "id": "osm:node:11873110906",
        "source_ids": [
          "osm:node:11873110906",
          "source:osm"
        ],
        "name": null,
        "category": "traffic_cones",
        "geometry_status": "VERIFIED_GEOGRAPHIC",
        "tags": {
          "barrier": "traffic_cones"
        }
      },
      "geometry": {
        "type": "Point",
        "coordinates": [
          67.711,
          -102.556
        ]
      }
    },
    {
      "type": "Feature",
      "id": "osm:node:11873110908",
      "properties": {
        "id": "osm:node:11873110908",
        "source_ids": [
          "osm:node:11873110908",
          "source:osm"
        ],
        "name": null,
        "category": "parking_entrance",
        "geometry_status": "VERIFIED_GEOGRAPHIC",
        "tags": {
          "amenity": "parking_entrance"
        }
      },
      "geometry": {
        "type": "Point",
        "coordinates": [
          64.881,
          -112.082
        ]
      }
    },
    {
      "type": "Feature",
      "id": "osm:node:11873422380",
      "properties": {
        "id": "osm:node:11873422380",
        "source_ids": [
          "osm:node:11873422380",
          "source:osm"
        ],
        "name": null,
        "category": "bicycle_rental",
        "geometry_status": "VERIFIED_GEOGRAPHIC",
        "tags": {
          "amenity": "bicycle_rental",
          "operator": "Moovr"
        }
      },
      "geometry": {
        "type": "Point",
        "coordinates": [
          -267.5,
          -229.786
        ]
      }
    },
    {
      "type": "Feature",
      "id": "osm:node:11875839785",
      "properties": {
        "id": "osm:node:11875839785",
        "source_ids": [
          "osm:node:11875839785",
          "source:osm"
        ],
        "name": null,
        "category": "kerb",
        "geometry_status": "VERIFIED_GEOGRAPHIC",
        "tags": {
          "barrier": "kerb"
        }
      },
      "geometry": {
        "type": "Point",
        "coordinates": [
          105.087,
          -8.678
        ]
      }
    },
    {
      "type": "Feature",
      "id": "osm:node:11875846580",
      "properties": {
        "id": "osm:node:11875846580",
        "source_ids": [
          "osm:node:11875846580",
          "source:osm"
        ],
        "name": null,
        "category": "bicycle_parking",
        "geometry_status": "VERIFIED_GEOGRAPHIC",
        "tags": {
          "amenity": "bicycle_parking"
        }
      },
      "geometry": {
        "type": "Point",
        "coordinates": [
          -167.463,
          30.382
        ]
      }
    },
    {
      "type": "Feature",
      "id": "osm:node:11875846581",
      "properties": {
        "id": "osm:node:11875846581",
        "source_ids": [
          "osm:node:11875846581",
          "source:osm"
        ],
        "name": null,
        "category": "bicycle_rental",
        "geometry_status": "VERIFIED_GEOGRAPHIC",
        "tags": {
          "amenity": "bicycle_rental",
          "operator": "Moovr"
        }
      },
      "geometry": {
        "type": "Point",
        "coordinates": [
          -167.878,
          32.311
        ]
      }
    },
    {
      "type": "Feature",
      "id": "osm:node:11875846582",
      "properties": {
        "id": "osm:node:11875846582",
        "source_ids": [
          "osm:node:11875846582",
          "source:osm"
        ],
        "name": null,
        "category": "bicycle_rental",
        "geometry_status": "VERIFIED_GEOGRAPHIC",
        "tags": {
          "amenity": "bicycle_rental",
          "operator": "Moovr"
        }
      },
      "geometry": {
        "type": "Point",
        "coordinates": [
          -132.443,
          34.044
        ]
      }
    },
    {
      "type": "Feature",
      "id": "osm:node:11876248543",
      "properties": {
        "id": "osm:node:11876248543",
        "source_ids": [
          "osm:node:11876248543",
          "source:osm"
        ],
        "name": null,
        "category": "bicycle_parking",
        "geometry_status": "VERIFIED_GEOGRAPHIC",
        "tags": {
          "amenity": "bicycle_parking"
        }
      },
      "geometry": {
        "type": "Point",
        "coordinates": [
          -4.444,
          128.276
        ]
      }
    },
    {
      "type": "Feature",
      "id": "osm:node:11876248544",
      "properties": {
        "id": "osm:node:11876248544",
        "source_ids": [
          "osm:node:11876248544",
          "source:osm"
        ],
        "name": null,
        "category": "bicycle_rental",
        "geometry_status": "VERIFIED_GEOGRAPHIC",
        "tags": {
          "amenity": "bicycle_rental",
          "operator": "Moovr"
        }
      },
      "geometry": {
        "type": "Point",
        "coordinates": [
          -17.499,
          131.84
        ]
      }
    },
    {
      "type": "Feature",
      "id": "osm:node:11876325919",
      "properties": {
        "id": "osm:node:11876325919",
        "source_ids": [
          "osm:node:11876325919",
          "source:osm"
        ],
        "name": null,
        "category": "lift_gate",
        "geometry_status": "VERIFIED_GEOGRAPHIC",
        "tags": {
          "barrier": "lift_gate"
        }
      },
      "geometry": {
        "type": "Point",
        "coordinates": [
          -315.865,
          15.927
        ]
      }
    },
    {
      "type": "Feature",
      "id": "osm:node:11955988333",
      "properties": {
        "id": "osm:node:11955988333",
        "source_ids": [
          "osm:node:11955988333",
          "source:osm"
        ],
        "name": "% Arabica",
        "category": "cafe",
        "geometry_status": "VERIFIED_GEOGRAPHIC",
        "tags": {
          "addr:city": "Taguig",
          "addr:floor": "G/F",
          "addr:housename": "Shangri-La at the Fort",
          "addr:street": "5th Avenue",
          "amenity": "cafe",
          "name": "% Arabica"
        }
      },
      "geometry": {
        "type": "Point",
        "coordinates": [
          -354.626,
          127.986
        ]
      }
    },
    {
      "type": "Feature",
      "id": "osm:node:11955988334",
      "properties": {
        "id": "osm:node:11955988334",
        "source_ids": [
          "osm:node:11955988334",
          "source:osm"
        ],
        "name": "The Alley by Vikings",
        "category": "restaurant",
        "geometry_status": "VERIFIED_GEOGRAPHIC",
        "tags": {
          "addr:city": "Taguig",
          "addr:district": "Bonifacio Global City",
          "addr:floor": "UG/F",
          "addr:housename": "C1, Bonifacio High Street Central",
          "addr:street": "5th Avenue",
          "amenity": "restaurant",
          "name": "The Alley by Vikings"
        }
      },
      "geometry": {
        "type": "Point",
        "coordinates": [
          -310.954,
          43.175
        ]
      }
    },
    {
      "type": "Feature",
      "id": "osm:node:12105632153",
      "properties": {
        "id": "osm:node:12105632153",
        "source_ids": [
          "osm:node:12105632153",
          "source:osm"
        ],
        "name": null,
        "category": "block",
        "geometry_status": "VERIFIED_GEOGRAPHIC",
        "tags": {
          "barrier": "block"
        }
      },
      "geometry": {
        "type": "Point",
        "coordinates": [
          -210.493,
          -150.872
        ]
      }
    },
    {
      "type": "Feature",
      "id": "osm:node:12105638419",
      "properties": {
        "id": "osm:node:12105638419",
        "source_ids": [
          "osm:node:12105638419",
          "source:osm"
        ],
        "name": null,
        "category": "block",
        "geometry_status": "VERIFIED_GEOGRAPHIC",
        "tags": {
          "barrier": "block"
        }
      },
      "geometry": {
        "type": "Point",
        "coordinates": [
          -26.333,
          -214.32
        ]
      }
    },
    {
      "type": "Feature",
      "id": "osm:node:12507184542",
      "properties": {
        "id": "osm:node:12507184542",
        "source_ids": [
          "osm:node:12507184542",
          "source:osm"
        ],
        "name": "Denny’s",
        "category": "fast_food",
        "geometry_status": "VERIFIED_GEOGRAPHIC",
        "tags": {
          "addr:housename": "One Maridien",
          "amenity": "fast_food",
          "name": "Denny’s"
        }
      },
      "geometry": {
        "type": "Point",
        "coordinates": [
          -111.579,
          -227.303
        ]
      }
    },
    {
      "type": "Feature",
      "id": "osm:node:12507184543",
      "properties": {
        "id": "osm:node:12507184543",
        "source_ids": [
          "osm:node:12507184543",
          "source:osm"
        ],
        "name": "A1 Premium Shabu Shabu",
        "category": "restaurant",
        "geometry_status": "VERIFIED_GEOGRAPHIC",
        "tags": {
          "amenity": "restaurant",
          "name": "A1 Premium Shabu Shabu"
        }
      },
      "geometry": {
        "type": "Point",
        "coordinates": [
          -158.228,
          -230.644
        ]
      }
    },
    {
      "type": "Feature",
      "id": "osm:node:12507184544",
      "properties": {
        "id": "osm:node:12507184544",
        "source_ids": [
          "osm:node:12507184544",
          "source:osm"
        ],
        "name": "Kiji Bakehouse",
        "category": "cafe",
        "geometry_status": "VERIFIED_GEOGRAPHIC",
        "tags": {
          "amenity": "cafe",
          "name": "Kiji Bakehouse"
        }
      },
      "geometry": {
        "type": "Point",
        "coordinates": [
          -179.548,
          -225.482
        ]
      }
    },
    {
      "type": "Feature",
      "id": "osm:node:1259777552",
      "properties": {
        "id": "osm:node:1259777552",
        "source_ids": [
          "osm:node:1259777552",
          "source:osm"
        ],
        "name": null,
        "category": "toilets",
        "geometry_status": "VERIFIED_GEOGRAPHIC",
        "tags": {
          "amenity": "toilets"
        }
      },
      "geometry": {
        "type": "Point",
        "coordinates": [
          -43.387,
          -44.227
        ]
      }
    },
    {
      "type": "Feature",
      "id": "osm:node:1259777569",
      "properties": {
        "id": "osm:node:1259777569",
        "source_ids": [
          "osm:node:1259777569",
          "source:osm"
        ],
        "name": null,
        "category": "toilets",
        "geometry_status": "VERIFIED_GEOGRAPHIC",
        "tags": {
          "amenity": "toilets"
        }
      },
      "geometry": {
        "type": "Point",
        "coordinates": [
          -65.746,
          39.848
        ]
      }
    },
    {
      "type": "Feature",
      "id": "osm:node:12862848460",
      "properties": {
        "id": "osm:node:12862848460",
        "source_ids": [
          "osm:node:12862848460",
          "source:osm"
        ],
        "name": null,
        "category": "charging_station",
        "geometry_status": "VERIFIED_GEOGRAPHIC",
        "tags": {
          "amenity": "charging_station",
          "operator": "AC Mobility Holdings Incorporated"
        }
      },
      "geometry": {
        "type": "Point",
        "coordinates": [
          93.936,
          -98.818
        ]
      }
    },
    {
      "type": "Feature",
      "id": "osm:node:13118489077",
      "properties": {
        "id": "osm:node:13118489077",
        "source_ids": [
          "osm:node:13118489077",
          "source:osm"
        ],
        "name": null,
        "category": "parking",
        "geometry_status": "VERIFIED_GEOGRAPHIC",
        "tags": {
          "amenity": "parking"
        }
      },
      "geometry": {
        "type": "Point",
        "coordinates": [
          -224.339,
          -219.609
        ]
      }
    },
    {
      "type": "Feature",
      "id": "osm:node:13118652224",
      "properties": {
        "id": "osm:node:13118652224",
        "source_ids": [
          "osm:node:13118652224",
          "source:osm"
        ],
        "name": null,
        "category": "lift_gate",
        "geometry_status": "VERIFIED_GEOGRAPHIC",
        "tags": {
          "barrier": "lift_gate"
        }
      },
      "geometry": {
        "type": "Point",
        "coordinates": [
          49.07,
          -188.826
        ]
      }
    },
    {
      "type": "Feature",
      "id": "osm:node:13172334546",
      "properties": {
        "id": "osm:node:13172334546",
        "source_ids": [
          "osm:node:13172334546",
          "source:osm"
        ],
        "name": null,
        "category": "chain",
        "geometry_status": "VERIFIED_GEOGRAPHIC",
        "tags": {
          "barrier": "chain"
        }
      },
      "geometry": {
        "type": "Point",
        "coordinates": [
          107.789,
          -0.291
        ]
      }
    },
    {
      "type": "Feature",
      "id": "osm:node:13172334547",
      "properties": {
        "id": "osm:node:13172334547",
        "source_ids": [
          "osm:node:13172334547",
          "source:osm"
        ],
        "name": null,
        "category": "chain",
        "geometry_status": "VERIFIED_GEOGRAPHIC",
        "tags": {
          "barrier": "chain"
        }
      },
      "geometry": {
        "type": "Point",
        "coordinates": [
          2.638,
          34.947
        ]
      }
    },
    {
      "type": "Feature",
      "id": "osm:node:13172334548",
      "properties": {
        "id": "osm:node:13172334548",
        "source_ids": [
          "osm:node:13172334548",
          "source:osm"
        ],
        "name": null,
        "category": "chain",
        "geometry_status": "VERIFIED_GEOGRAPHIC",
        "tags": {
          "barrier": "chain"
        }
      },
      "geometry": {
        "type": "Point",
        "coordinates": [
          -16.902,
          41.511
        ]
      }
    },
    {
      "type": "Feature",
      "id": "osm:node:13172334549",
      "properties": {
        "id": "osm:node:13172334549",
        "source_ids": [
          "osm:node:13172334549",
          "source:osm"
        ],
        "name": null,
        "category": "chain",
        "geometry_status": "VERIFIED_GEOGRAPHIC",
        "tags": {
          "barrier": "chain"
        }
      },
      "geometry": {
        "type": "Point",
        "coordinates": [
          -64.321,
          57.786
        ]
      }
    },
    {
      "type": "Feature",
      "id": "osm:node:13172334550",
      "properties": {
        "id": "osm:node:13172334550",
        "source_ids": [
          "osm:node:13172334550",
          "source:osm"
        ],
        "name": null,
        "category": "chain",
        "geometry_status": "VERIFIED_GEOGRAPHIC",
        "tags": {
          "barrier": "chain"
        }
      },
      "geometry": {
        "type": "Point",
        "coordinates": [
          -88.535,
          66.038
        ]
      }
    },
    {
      "type": "Feature",
      "id": "osm:node:13172334551",
      "properties": {
        "id": "osm:node:13172334551",
        "source_ids": [
          "osm:node:13172334551",
          "source:osm"
        ],
        "name": null,
        "category": "chain",
        "geometry_status": "VERIFIED_GEOGRAPHIC",
        "tags": {
          "barrier": "chain"
        }
      },
      "geometry": {
        "type": "Point",
        "coordinates": [
          -94.561,
          -47.397
        ]
      }
    },
    {
      "type": "Feature",
      "id": "osm:node:13172334552",
      "properties": {
        "id": "osm:node:13172334552",
        "source_ids": [
          "osm:node:13172334552",
          "source:osm"
        ],
        "name": null,
        "category": "chain",
        "geometry_status": "VERIFIED_GEOGRAPHIC",
        "tags": {
          "barrier": "chain"
        }
      },
      "geometry": {
        "type": "Point",
        "coordinates": [
          -117.489,
          -39.875
        ]
      }
    },
    {
      "type": "Feature",
      "id": "osm:node:13172334553",
      "properties": {
        "id": "osm:node:13172334553",
        "source_ids": [
          "osm:node:13172334553",
          "source:osm"
        ],
        "name": null,
        "category": "chain",
        "geometry_status": "VERIFIED_GEOGRAPHIC",
        "tags": {
          "barrier": "chain"
        }
      },
      "geometry": {
        "type": "Point",
        "coordinates": [
          -25.349,
          -71.439
        ]
      }
    },
    {
      "type": "Feature",
      "id": "osm:node:13172334554",
      "properties": {
        "id": "osm:node:13172334554",
        "source_ids": [
          "osm:node:13172334554",
          "source:osm"
        ],
        "name": null,
        "category": "chain",
        "geometry_status": "VERIFIED_GEOGRAPHIC",
        "tags": {
          "barrier": "chain"
        }
      },
      "geometry": {
        "type": "Point",
        "coordinates": [
          -47.008,
          -64.326
        ]
      }
    },
    {
      "type": "Feature",
      "id": "osm:node:13333050601",
      "properties": {
        "id": "osm:node:13333050601",
        "source_ids": [
          "osm:node:13333050601",
          "source:osm"
        ],
        "name": "Cochi",
        "category": "restaurant",
        "geometry_status": "VERIFIED_GEOGRAPHIC",
        "tags": {
          "amenity": "restaurant",
          "name": "Cochi"
        }
      },
      "geometry": {
        "type": "Point",
        "coordinates": [
          -140.357,
          -190.493
        ]
      }
    },
    {
      "type": "Feature",
      "id": "osm:node:13575302301",
      "properties": {
        "id": "osm:node:13575302301",
        "source_ids": [
          "osm:node:13575302301",
          "source:osm"
        ],
        "name": "Auro Chocolate Café",
        "category": "cafe",
        "geometry_status": "VERIFIED_GEOGRAPHIC",
        "tags": {
          "addr:street": "27th Street",
          "amenity": "cafe",
          "name": "Auro Chocolate Café"
        }
      },
      "geometry": {
        "type": "Point",
        "coordinates": [
          -102.47,
          -199.537
        ]
      }
    },
    {
      "type": "Feature",
      "id": "osm:node:13717777655",
      "properties": {
        "id": "osm:node:13717777655",
        "source_ids": [
          "osm:node:13717777655",
          "source:osm"
        ],
        "name": null,
        "category": "bench",
        "geometry_status": "VERIFIED_GEOGRAPHIC",
        "tags": {
          "amenity": "bench"
        }
      },
      "geometry": {
        "type": "Point",
        "coordinates": [
          -300.822,
          116.138
        ]
      }
    },
    {
      "type": "Feature",
      "id": "osm:node:13717777671",
      "properties": {
        "id": "osm:node:13717777671",
        "source_ids": [
          "osm:node:13717777671",
          "source:osm"
        ],
        "name": null,
        "category": "bench",
        "geometry_status": "VERIFIED_GEOGRAPHIC",
        "tags": {
          "amenity": "bench"
        }
      },
      "geometry": {
        "type": "Point",
        "coordinates": [
          -298.74,
          112.49
        ]
      }
    },
    {
      "type": "Feature",
      "id": "osm:node:13717777672",
      "properties": {
        "id": "osm:node:13717777672",
        "source_ids": [
          "osm:node:13717777672",
          "source:osm"
        ],
        "name": null,
        "category": "waste_basket",
        "geometry_status": "VERIFIED_GEOGRAPHIC",
        "tags": {
          "amenity": "waste_basket"
        }
      },
      "geometry": {
        "type": "Point",
        "coordinates": [
          -300.277,
          114.318
        ]
      }
    },
    {
      "type": "Feature",
      "id": "osm:node:13722624897",
      "properties": {
        "id": "osm:node:13722624897",
        "source_ids": [
          "osm:node:13722624897",
          "source:osm"
        ],
        "name": null,
        "category": "tree",
        "geometry_status": "VERIFIED_GEOGRAPHIC",
        "tags": {
          "natural": "tree"
        }
      },
      "geometry": {
        "type": "Point",
        "coordinates": [
          -245.341,
          78.402
        ]
      }
    },
    {
      "type": "Feature",
      "id": "osm:node:13956925384",
      "properties": {
        "id": "osm:node:13956925384",
        "source_ids": [
          "osm:node:13956925384",
          "source:osm"
        ],
        "name": null,
        "category": "tree",
        "geometry_status": "VERIFIED_GEOGRAPHIC",
        "tags": {
          "natural": "tree"
        }
      },
      "geometry": {
        "type": "Point",
        "coordinates": [
          -305.9,
          63.073
        ]
      }
    },
    {
      "type": "Feature",
      "id": "osm:node:13956925385",
      "properties": {
        "id": "osm:node:13956925385",
        "source_ids": [
          "osm:node:13956925385",
          "source:osm"
        ],
        "name": null,
        "category": "tree",
        "geometry_status": "VERIFIED_GEOGRAPHIC",
        "tags": {
          "natural": "tree"
        }
      },
      "geometry": {
        "type": "Point",
        "coordinates": [
          -308.675,
          58.759
        ]
      }
    },
    {
      "type": "Feature",
      "id": "osm:node:13956925386",
      "properties": {
        "id": "osm:node:13956925386",
        "source_ids": [
          "osm:node:13956925386",
          "source:osm"
        ],
        "name": null,
        "category": "tree",
        "geometry_status": "VERIFIED_GEOGRAPHIC",
        "tags": {
          "natural": "tree"
        }
      },
      "geometry": {
        "type": "Point",
        "coordinates": [
          -305.378,
          59.904
        ]
      }
    },
    {
      "type": "Feature",
      "id": "osm:node:13956925387",
      "properties": {
        "id": "osm:node:13956925387",
        "source_ids": [
          "osm:node:13956925387",
          "source:osm"
        ],
        "name": null,
        "category": "tree",
        "geometry_status": "VERIFIED_GEOGRAPHIC",
        "tags": {
          "natural": "tree"
        }
      },
      "geometry": {
        "type": "Point",
        "coordinates": [
          -326.396,
          76.418
        ]
      }
    },
    {
      "type": "Feature",
      "id": "osm:node:13956925388",
      "properties": {
        "id": "osm:node:13956925388",
        "source_ids": [
          "osm:node:13956925388",
          "source:osm"
        ],
        "name": null,
        "category": "tree",
        "geometry_status": "VERIFIED_GEOGRAPHIC",
        "tags": {
          "natural": "tree"
        }
      },
      "geometry": {
        "type": "Point",
        "coordinates": [
          -327.209,
          69.52
        ]
      }
    },
    {
      "type": "Feature",
      "id": "osm:node:13956925389",
      "properties": {
        "id": "osm:node:13956925389",
        "source_ids": [
          "osm:node:13956925389",
          "source:osm"
        ],
        "name": null,
        "category": "tree",
        "geometry_status": "VERIFIED_GEOGRAPHIC",
        "tags": {
          "natural": "tree"
        }
      },
      "geometry": {
        "type": "Point",
        "coordinates": [
          -324.157,
          72.205
        ]
      }
    },
    {
      "type": "Feature",
      "id": "osm:node:14003826670",
      "properties": {
        "id": "osm:node:14003826670",
        "source_ids": [
          "osm:node:14003826670",
          "source:osm"
        ],
        "name": "Jinjoo",
        "category": "restaurant",
        "geometry_status": "VERIFIED_GEOGRAPHIC",
        "tags": {
          "addr:city": "Taguig",
          "addr:district": "Bonifacio Global City",
          "addr:floor": "G/F",
          "addr:housename": "B:2, Bonifacio High Street",
          "addr:street": "9th Avenue",
          "amenity": "restaurant",
          "name": "Jinjoo"
        }
      },
      "geometry": {
        "type": "Point",
        "coordinates": [
          -60.368,
          -32.019
        ]
      }
    },
    {
      "type": "Feature",
      "id": "osm:node:14003826671",
      "properties": {
        "id": "osm:node:14003826671",
        "source_ids": [
          "osm:node:14003826671",
          "source:osm"
        ],
        "name": "City Hotpot",
        "category": "restaurant",
        "geometry_status": "VERIFIED_GEOGRAPHIC",
        "tags": {
          "addr:city": "Taguig",
          "addr:district": "Bonifacio Global City",
          "addr:floor": "G/F",
          "addr:housename": "B:2, Bonifacio High Street",
          "addr:street": "9th Avenue",
          "amenity": "restaurant",
          "name": "City Hotpot"
        }
      },
      "geometry": {
        "type": "Point",
        "coordinates": [
          -54.281,
          -33.665
        ]
      }
    },
    {
      "type": "Feature",
      "id": "osm:node:14113835405",
      "properties": {
        "id": "osm:node:14113835405",
        "source_ids": [
          "osm:node:14113835405",
          "source:osm"
        ],
        "name": null,
        "category": "kerb",
        "geometry_status": "VERIFIED_GEOGRAPHIC",
        "tags": {
          "barrier": "kerb"
        }
      },
      "geometry": {
        "type": "Point",
        "coordinates": [
          22.599,
          -49.727
        ]
      }
    },
    {
      "type": "Feature",
      "id": "osm:node:14113835406",
      "properties": {
        "id": "osm:node:14113835406",
        "source_ids": [
          "osm:node:14113835406",
          "source:osm"
        ],
        "name": null,
        "category": "kerb",
        "geometry_status": "VERIFIED_GEOGRAPHIC",
        "tags": {
          "barrier": "kerb"
        }
      },
      "geometry": {
        "type": "Point",
        "coordinates": [
          10.607,
          -44.135
        ]
      }
    },
    {
      "type": "Feature",
      "id": "osm:node:14113835407",
      "properties": {
        "id": "osm:node:14113835407",
        "source_ids": [
          "osm:node:14113835407",
          "source:osm"
        ],
        "name": null,
        "category": "kerb",
        "geometry_status": "VERIFIED_GEOGRAPHIC",
        "tags": {
          "barrier": "kerb"
        }
      },
      "geometry": {
        "type": "Point",
        "coordinates": [
          -3.223,
          -40.376
        ]
      }
    },
    {
      "type": "Feature",
      "id": "osm:node:14113835408",
      "properties": {
        "id": "osm:node:14113835408",
        "source_ids": [
          "osm:node:14113835408",
          "source:osm"
        ],
        "name": null,
        "category": "kerb",
        "geometry_status": "VERIFIED_GEOGRAPHIC",
        "tags": {
          "barrier": "kerb"
        }
      },
      "geometry": {
        "type": "Point",
        "coordinates": [
          -22.946,
          -35.028
        ]
      }
    },
    {
      "type": "Feature",
      "id": "osm:node:14113835409",
      "properties": {
        "id": "osm:node:14113835409",
        "source_ids": [
          "osm:node:14113835409",
          "source:osm"
        ],
        "name": null,
        "category": "kerb",
        "geometry_status": "VERIFIED_GEOGRAPHIC",
        "tags": {
          "barrier": "kerb"
        }
      },
      "geometry": {
        "type": "Point",
        "coordinates": [
          -39.334,
          -30.417
        ]
      }
    },
    {
      "type": "Feature",
      "id": "osm:node:14113835410",
      "properties": {
        "id": "osm:node:14113835410",
        "source_ids": [
          "osm:node:14113835410",
          "source:osm"
        ],
        "name": null,
        "category": "kerb",
        "geometry_status": "VERIFIED_GEOGRAPHIC",
        "tags": {
          "barrier": "kerb"
        }
      },
      "geometry": {
        "type": "Point",
        "coordinates": [
          18.016,
          -63.808
        ]
      }
    },
    {
      "type": "Feature",
      "id": "osm:node:2080597296",
      "properties": {
        "id": "osm:node:2080597296",
        "source_ids": [
          "osm:node:2080597296",
          "source:osm"
        ],
        "name": "Burnt Bean",
        "category": "restaurant",
        "geometry_status": "VERIFIED_GEOGRAPHIC",
        "tags": {
          "addr:city": "Taguig",
          "addr:district": "Bonifacio Global City",
          "addr:floor": "0",
          "addr:housename": "C2, Bonifacio High Street Central",
          "addr:street": "7th Avenue",
          "addr:street:corner": "28th Street",
          "amenity": "restaurant",
          "name": "Burnt Bean"
        }
      },
      "geometry": {
        "type": "Point",
        "coordinates": [
          -227.264,
          5.386
        ]
      }
    },
    {
      "type": "Feature",
      "id": "osm:node:2080597297",
      "properties": {
        "id": "osm:node:2080597297",
        "source_ids": [
          "osm:node:2080597297",
          "source:osm"
        ],
        "name": "Botan Black Cafe",
        "category": "restaurant",
        "geometry_status": "VERIFIED_GEOGRAPHIC",
        "tags": {
          "addr:city": "Taguig",
          "addr:housename": "B:3, Bonifacio High Street",
          "addr:street": "9th Avenue",
          "amenity": "restaurant",
          "name": "Botan Black Cafe"
        }
      },
      "geometry": {
        "type": "Point",
        "coordinates": [
          37.051,
          16.726
        ]
      }
    },
    {
      "type": "Feature",
      "id": "osm:node:2139050637",
      "properties": {
        "id": "osm:node:2139050637",
        "source_ids": [
          "osm:node:2139050637",
          "source:osm"
        ],
        "name": "Ooma",
        "category": "restaurant",
        "geometry_status": "VERIFIED_GEOGRAPHIC",
        "tags": {
          "addr:city": "Taguig",
          "addr:floor": "1",
          "addr:housename": "C3, Bonifacio High Street Central",
          "addr:street": "7th Avenue",
          "amenity": "restaurant",
          "name": "Ooma"
        }
      },
      "geometry": {
        "type": "Point",
        "coordinates": [
          -199.637,
          92.331
        ]
      }
    },
    {
      "type": "Feature",
      "id": "osm:node:2139050642",
      "properties": {
        "id": "osm:node:2139050642",
        "source_ids": [
          "osm:node:2139050642",
          "source:osm"
        ],
        "name": "Bonchon Chicken",
        "category": "restaurant",
        "geometry_status": "VERIFIED_GEOGRAPHIC",
        "tags": {
          "addr:city": "Taguig",
          "addr:housename": "One Parkade",
          "addr:street": "7th Avenue",
          "addr:street:corner": "28th Street",
          "amenity": "restaurant",
          "name": "Bonchon Chicken"
        }
      },
      "geometry": {
        "type": "Point",
        "coordinates": [
          -160.475,
          -52.311
        ]
      }
    },
    {
      "type": "Feature",
      "id": "osm:node:2139050668",
      "properties": {
        "id": "osm:node:2139050668",
        "source_ids": [
          "osm:node:2139050668",
          "source:osm"
        ],
        "name": "Elias",
        "category": "restaurant",
        "geometry_status": "VERIFIED_GEOGRAPHIC",
        "tags": {
          "addr:city": "Taguig",
          "addr:floor": "1",
          "addr:housename": "C3, Bonifacio High Street Central",
          "addr:street": "7th Avenue",
          "amenity": "restaurant",
          "name": "Elias"
        }
      },
      "geometry": {
        "type": "Point",
        "coordinates": [
          -183.651,
          88.631
        ]
      }
    },
    {
      "type": "Feature",
      "id": "osm:node:2139050673",
      "properties": {
        "id": "osm:node:2139050673",
        "source_ids": [
          "osm:node:2139050673",
          "source:osm"
        ],
        "name": "Mango Tree",
        "category": "restaurant",
        "geometry_status": "VERIFIED_GEOGRAPHIC",
        "tags": {
          "addr:city": "Taguig",
          "addr:floor": "1",
          "addr:housename": "C3, Bonifacio High Street Central",
          "addr:street": "7th Avenue",
          "amenity": "restaurant",
          "name": "Mango Tree"
        }
      },
      "geometry": {
        "type": "Point",
        "coordinates": [
          -162.588,
          77.428
        ]
      }
    },
    {
      "type": "Feature",
      "id": "osm:node:2139050678",
      "properties": {
        "id": "osm:node:2139050678",
        "source_ids": [
          "osm:node:2139050678",
          "source:osm"
        ],
        "name": "Maybank",
        "category": "bank",
        "geometry_status": "VERIFIED_GEOGRAPHIC",
        "tags": {
          "addr:city": "Taguig",
          "addr:housename": "Maybank Corporate Center",
          "addr:street": "7th Avenue",
          "addr:street:corner": "28th Street",
          "amenity": "bank",
          "name": "Maybank"
        }
      },
      "geometry": {
        "type": "Point",
        "coordinates": [
          -203.619,
          -63.086
        ]
      }
    },
    {
      "type": "Feature",
      "id": "osm:node:2139050687",
      "properties": {
        "id": "osm:node:2139050687",
        "source_ids": [
          "osm:node:2139050687",
          "source:osm"
        ],
        "name": "Nanbantei of Tokyo",
        "category": "restaurant",
        "geometry_status": "VERIFIED_GEOGRAPHIC",
        "tags": {
          "addr:city": "Taguig",
          "addr:floor": "1",
          "addr:housename": "C3, Bonifacio High Street Central",
          "addr:street": "7th Avenue",
          "amenity": "restaurant",
          "name": "Nanbantei of Tokyo"
        }
      },
      "geometry": {
        "type": "Point",
        "coordinates": [
          -203.136,
          101.668
        ]
      }
    },
    {
      "type": "Feature",
      "id": "osm:node:2139050698",
      "properties": {
        "id": "osm:node:2139050698",
        "source_ids": [
          "osm:node:2139050698",
          "source:osm"
        ],
        "name": "Poco Deli",
        "category": "restaurant",
        "geometry_status": "VERIFIED_GEOGRAPHIC",
        "tags": {
          "addr:city": "Taguig",
          "addr:housename": "One Parkade",
          "addr:street": "7th Avenue",
          "addr:street:corner": "28th Street",
          "amenity": "restaurant",
          "name": "Poco Deli"
        }
      },
      "geometry": {
        "type": "Point",
        "coordinates": [
          -157.659,
          -44.511
        ]
      }
    },
    {
      "type": "Feature",
      "id": "osm:node:2139050704",
      "properties": {
        "id": "osm:node:2139050704",
        "source_ids": [
          "osm:node:2139050704",
          "source:osm"
        ],
        "name": "The Coconut Club",
        "category": "bar",
        "geometry_status": "VERIFIED_GEOGRAPHIC",
        "tags": {
          "addr:city": "Taguig",
          "addr:floor": "0",
          "addr:housename": "C3, Bonifacio High Street Central",
          "addr:street": "7th Avenue",
          "amenity": "bar",
          "name": "The Coconut Club"
        }
      },
      "geometry": {
        "type": "Point",
        "coordinates": [
          -218.56,
          96.742
        ]
      }
    },
    {
      "type": "Feature",
      "id": "osm:node:2139050722",
      "properties": {
        "id": "osm:node:2139050722",
        "source_ids": [
          "osm:node:2139050722",
          "source:osm"
        ],
        "name": "Stella",
        "category": "restaurant",
        "geometry_status": "VERIFIED_GEOGRAPHIC",
        "tags": {
          "addr:city": "Taguig",
          "addr:floor": "0",
          "addr:housename": "C3, Bonifacio High Street Central",
          "addr:street": "7th Avenue",
          "amenity": "restaurant",
          "name": "Stella"
        }
      },
      "geometry": {
        "type": "Point",
        "coordinates": [
          -210.09,
          105.291
        ]
      }
    },
    {
      "type": "Feature",
      "id": "osm:node:2139050732",
      "properties": {
        "id": "osm:node:2139050732",
        "source_ids": [
          "osm:node:2139050732",
          "source:osm"
        ],
        "name": "Village Tavern",
        "category": "pub",
        "geometry_status": "VERIFIED_GEOGRAPHIC",
        "tags": {
          "addr:city": "Taguig",
          "addr:floor": "1",
          "addr:housename": "C3, Bonifacio High Street Central",
          "addr:street": "7th Avenue",
          "amenity": "pub",
          "name": "Village Tavern"
        }
      },
      "geometry": {
        "type": "Point",
        "coordinates": [
          -217.111,
          104.775
        ]
      }
    },
    {
      "type": "Feature",
      "id": "osm:node:2139051023",
      "properties": {
        "id": "osm:node:2139051023",
        "source_ids": [
          "osm:node:2139051023",
          "source:osm"
        ],
        "name": null,
        "category": "tree",
        "geometry_status": "VERIFIED_GEOGRAPHIC",
        "tags": {
          "natural": "tree"
        }
      },
      "geometry": {
        "type": "Point",
        "coordinates": [
          86.278,
          -106.975
        ]
      }
    },
    {
      "type": "Feature",
      "id": "osm:node:2139051058",
      "properties": {
        "id": "osm:node:2139051058",
        "source_ids": [
          "osm:node:2139051058",
          "source:osm"
        ],
        "name": null,
        "category": "tree",
        "geometry_status": "VERIFIED_GEOGRAPHIC",
        "tags": {
          "natural": "tree"
        }
      },
      "geometry": {
        "type": "Point",
        "coordinates": [
          107.037,
          -69.294
        ]
      }
    },
    {
      "type": "Feature",
      "id": "osm:node:2139051061",
      "properties": {
        "id": "osm:node:2139051061",
        "source_ids": [
          "osm:node:2139051061",
          "source:osm"
        ],
        "name": null,
        "category": "tree",
        "geometry_status": "VERIFIED_GEOGRAPHIC",
        "tags": {
          "natural": "tree"
        }
      },
      "geometry": {
        "type": "Point",
        "coordinates": [
          100.81,
          -67.659
        ]
      }
    },
    {
      "type": "Feature",
      "id": "osm:node:2139051063",
      "properties": {
        "id": "osm:node:2139051063",
        "source_ids": [
          "osm:node:2139051063",
          "source:osm"
        ],
        "name": null,
        "category": "tree",
        "geometry_status": "VERIFIED_GEOGRAPHIC",
        "tags": {
          "natural": "tree"
        }
      },
      "geometry": {
        "type": "Point",
        "coordinates": [
          -33.281,
          -66.28
        ]
      }
    },
    {
      "type": "Feature",
      "id": "osm:node:2139051067",
      "properties": {
        "id": "osm:node:2139051067",
        "source_ids": [
          "osm:node:2139051067",
          "source:osm"
        ],
        "name": null,
        "category": "tree",
        "geometry_status": "VERIFIED_GEOGRAPHIC",
        "tags": {
          "natural": "tree"
        }
      },
      "geometry": {
        "type": "Point",
        "coordinates": [
          95.379,
          -66.24
        ]
      }
    },
    {
      "type": "Feature",
      "id": "osm:node:2139051075",
      "properties": {
        "id": "osm:node:2139051075",
        "source_ids": [
          "osm:node:2139051075",
          "source:osm"
        ],
        "name": null,
        "category": "tree",
        "geometry_status": "VERIFIED_GEOGRAPHIC",
        "tags": {
          "natural": "tree"
        }
      },
      "geometry": {
        "type": "Point",
        "coordinates": [
          109.962,
          -63.897
        ]
      }
    },
    {
      "type": "Feature",
      "id": "osm:node:2139051079",
      "properties": {
        "id": "osm:node:2139051079",
        "source_ids": [
          "osm:node:2139051079",
          "source:osm"
        ],
        "name": null,
        "category": "tree",
        "geometry_status": "VERIFIED_GEOGRAPHIC",
        "tags": {
          "natural": "tree"
        }
      },
      "geometry": {
        "type": "Point",
        "coordinates": [
          -102.421,
          -42.582
        ]
      }
    },
    {
      "type": "Feature",
      "id": "osm:node:2139051120",
      "properties": {
        "id": "osm:node:2139051120",
        "source_ids": [
          "osm:node:2139051120",
          "source:osm"
        ],
        "name": null,
        "category": "tree",
        "geometry_status": "VERIFIED_GEOGRAPHIC",
        "tags": {
          "natural": "tree"
        }
      },
      "geometry": {
        "type": "Point",
        "coordinates": [
          112.481,
          -6.218
        ]
      }
    },
    {
      "type": "Feature",
      "id": "osm:node:2139051134",
      "properties": {
        "id": "osm:node:2139051134",
        "source_ids": [
          "osm:node:2139051134",
          "source:osm"
        ],
        "name": null,
        "category": "tree",
        "geometry_status": "VERIFIED_GEOGRAPHIC",
        "tags": {
          "natural": "tree"
        }
      },
      "geometry": {
        "type": "Point",
        "coordinates": [
          -104.779,
          9.362
        ]
      }
    },
    {
      "type": "Feature",
      "id": "osm:node:2139051137",
      "properties": {
        "id": "osm:node:2139051137",
        "source_ids": [
          "osm:node:2139051137",
          "source:osm"
        ],
        "name": null,
        "category": "tree",
        "geometry_status": "VERIFIED_GEOGRAPHIC",
        "tags": {
          "natural": "tree"
        }
      },
      "geometry": {
        "type": "Point",
        "coordinates": [
          -110.231,
          10.936
        ]
      }
    },
    {
      "type": "Feature",
      "id": "osm:node:2139051143",
      "properties": {
        "id": "osm:node:2139051143",
        "source_ids": [
          "osm:node:2139051143",
          "source:osm"
        ],
        "name": null,
        "category": "tree",
        "geometry_status": "VERIFIED_GEOGRAPHIC",
        "tags": {
          "natural": "tree"
        }
      },
      "geometry": {
        "type": "Point",
        "coordinates": [
          -101.37,
          14.755
        ]
      }
    },
    {
      "type": "Feature",
      "id": "osm:node:2139051150",
      "properties": {
        "id": "osm:node:2139051150",
        "source_ids": [
          "osm:node:2139051150",
          "source:osm"
        ],
        "name": null,
        "category": "tree",
        "geometry_status": "VERIFIED_GEOGRAPHIC",
        "tags": {
          "natural": "tree"
        }
      },
      "geometry": {
        "type": "Point",
        "coordinates": [
          -106.401,
          16.337
        ]
      }
    },
    {
      "type": "Feature",
      "id": "osm:node:2139051154",
      "properties": {
        "id": "osm:node:2139051154",
        "source_ids": [
          "osm:node:2139051154",
          "source:osm"
        ],
        "name": null,
        "category": "tree",
        "geometry_status": "VERIFIED_GEOGRAPHIC",
        "tags": {
          "natural": "tree"
        }
      },
      "geometry": {
        "type": "Point",
        "coordinates": [
          -185.036,
          18.769
        ]
      }
    },
    {
      "type": "Feature",
      "id": "osm:node:2139051158",
      "properties": {
        "id": "osm:node:2139051158",
        "source_ids": [
          "osm:node:2139051158",
          "source:osm"
        ],
        "name": null,
        "category": "tree",
        "geometry_status": "VERIFIED_GEOGRAPHIC",
        "tags": {
          "natural": "tree"
        }
      },
      "geometry": {
        "type": "Point",
        "coordinates": [
          -199.289,
          20.894
        ]
      }
    },
    {
      "type": "Feature",
      "id": "osm:node:2139051163",
      "properties": {
        "id": "osm:node:2139051163",
        "source_ids": [
          "osm:node:2139051163",
          "source:osm"
        ],
        "name": null,
        "category": "tree",
        "geometry_status": "VERIFIED_GEOGRAPHIC",
        "tags": {
          "natural": "tree"
        }
      },
      "geometry": {
        "type": "Point",
        "coordinates": [
          -190.25,
          21.635
        ]
      }
    },
    {
      "type": "Feature",
      "id": "osm:node:2139051167",
      "properties": {
        "id": "osm:node:2139051167",
        "source_ids": [
          "osm:node:2139051167",
          "source:osm"
        ],
        "name": null,
        "category": "tree",
        "geometry_status": "VERIFIED_GEOGRAPHIC",
        "tags": {
          "natural": "tree"
        }
      },
      "geometry": {
        "type": "Point",
        "coordinates": [
          -193.631,
          22.096
        ]
      }
    },
    {
      "type": "Feature",
      "id": "osm:node:2139051172",
      "properties": {
        "id": "osm:node:2139051172",
        "source_ids": [
          "osm:node:2139051172",
          "source:osm"
        ],
        "name": null,
        "category": "tree",
        "geometry_status": "VERIFIED_GEOGRAPHIC",
        "tags": {
          "natural": "tree"
        }
      },
      "geometry": {
        "type": "Point",
        "coordinates": [
          -6.242,
          21.301
        ]
      }
    },
    {
      "type": "Feature",
      "id": "osm:node:2139051174",
      "properties": {
        "id": "osm:node:2139051174",
        "source_ids": [
          "osm:node:2139051174",
          "source:osm"
        ],
        "name": null,
        "category": "tree",
        "geometry_status": "VERIFIED_GEOGRAPHIC",
        "tags": {
          "natural": "tree"
        }
      },
      "geometry": {
        "type": "Point",
        "coordinates": [
          -211.051,
          23.219
        ]
      }
    },
    {
      "type": "Feature",
      "id": "osm:node:2139051176",
      "properties": {
        "id": "osm:node:2139051176",
        "source_ids": [
          "osm:node:2139051176",
          "source:osm"
        ],
        "name": null,
        "category": "tree",
        "geometry_status": "VERIFIED_GEOGRAPHIC",
        "tags": {
          "natural": "tree"
        }
      },
      "geometry": {
        "type": "Point",
        "coordinates": [
          -206.05,
          23.176
        ]
      }
    },
    {
      "type": "Feature",
      "id": "osm:node:2139051179",
      "properties": {
        "id": "osm:node:2139051179",
        "source_ids": [
          "osm:node:2139051179",
          "source:osm"
        ],
        "name": null,
        "category": "tree",
        "geometry_status": "VERIFIED_GEOGRAPHIC",
        "tags": {
          "natural": "tree"
        }
      },
      "geometry": {
        "type": "Point",
        "coordinates": [
          -179.552,
          23.425
        ]
      }
    },
    {
      "type": "Feature",
      "id": "osm:node:2139051181",
      "properties": {
        "id": "osm:node:2139051181",
        "source_ids": [
          "osm:node:2139051181",
          "source:osm"
        ],
        "name": null,
        "category": "tree",
        "geometry_status": "VERIFIED_GEOGRAPHIC",
        "tags": {
          "natural": "tree"
        }
      },
      "geometry": {
        "type": "Point",
        "coordinates": [
          -218.721,
          27.556
        ]
      }
    },
    {
      "type": "Feature",
      "id": "osm:node:2139051183",
      "properties": {
        "id": "osm:node:2139051183",
        "source_ids": [
          "osm:node:2139051183",
          "source:osm"
        ],
        "name": null,
        "category": "tree",
        "geometry_status": "VERIFIED_GEOGRAPHIC",
        "tags": {
          "natural": "tree"
        }
      },
      "geometry": {
        "type": "Point",
        "coordinates": [
          -207.812,
          27.562
        ]
      }
    },
    {
      "type": "Feature",
      "id": "osm:node:2139051184",
      "properties": {
        "id": "osm:node:2139051184",
        "source_ids": [
          "osm:node:2139051184",
          "source:osm"
        ],
        "name": null,
        "category": "tree",
        "geometry_status": "VERIFIED_GEOGRAPHIC",
        "tags": {
          "natural": "tree"
        }
      },
      "geometry": {
        "type": "Point",
        "coordinates": [
          -167.77,
          27.297
        ]
      }
    },
    {
      "type": "Feature",
      "id": "osm:node:2139051187",
      "properties": {
        "id": "osm:node:2139051187",
        "source_ids": [
          "osm:node:2139051187",
          "source:osm"
        ],
        "name": null,
        "category": "tree",
        "geometry_status": "VERIFIED_GEOGRAPHIC",
        "tags": {
          "natural": "tree"
        }
      },
      "geometry": {
        "type": "Point",
        "coordinates": [
          -225.299,
          29.704
        ]
      }
    },
    {
      "type": "Feature",
      "id": "osm:node:2139051190",
      "properties": {
        "id": "osm:node:2139051190",
        "source_ids": [
          "osm:node:2139051190",
          "source:osm"
        ],
        "name": null,
        "category": "tree",
        "geometry_status": "VERIFIED_GEOGRAPHIC",
        "tags": {
          "natural": "tree"
        }
      },
      "geometry": {
        "type": "Point",
        "coordinates": [
          -211.458,
          31.024
        ]
      }
    },
    {
      "type": "Feature",
      "id": "osm:node:2139051194",
      "properties": {
        "id": "osm:node:2139051194",
        "source_ids": [
          "osm:node:2139051194",
          "source:osm"
        ],
        "name": null,
        "category": "tree",
        "geometry_status": "VERIFIED_GEOGRAPHIC",
        "tags": {
          "natural": "tree"
        }
      },
      "geometry": {
        "type": "Point",
        "coordinates": [
          -168.861,
          30.859
        ]
      }
    },
    {
      "type": "Feature",
      "id": "osm:node:2139051205",
      "properties": {
        "id": "osm:node:2139051205",
        "source_ids": [
          "osm:node:2139051205",
          "source:osm"
        ],
        "name": null,
        "category": "tree",
        "geometry_status": "VERIFIED_GEOGRAPHIC",
        "tags": {
          "natural": "tree"
        }
      },
      "geometry": {
        "type": "Point",
        "coordinates": [
          -220.681,
          31.546
        ]
      }
    },
    {
      "type": "Feature",
      "id": "osm:node:2139051208",
      "properties": {
        "id": "osm:node:2139051208",
        "source_ids": [
          "osm:node:2139051208",
          "source:osm"
        ],
        "name": null,
        "category": "tree",
        "geometry_status": "VERIFIED_GEOGRAPHIC",
        "tags": {
          "natural": "tree"
        }
      },
      "geometry": {
        "type": "Point",
        "coordinates": [
          -185.425,
          31.266
        ]
      }
    },
    {
      "type": "Feature",
      "id": "osm:node:2139051210",
      "properties": {
        "id": "osm:node:2139051210",
        "source_ids": [
          "osm:node:2139051210",
          "source:osm"
        ],
        "name": null,
        "category": "tree",
        "geometry_status": "VERIFIED_GEOGRAPHIC",
        "tags": {
          "natural": "tree"
        }
      },
      "geometry": {
        "type": "Point",
        "coordinates": [
          -233.276,
          32.251
        ]
      }
    },
    {
      "type": "Feature",
      "id": "osm:node:2139051213",
      "properties": {
        "id": "osm:node:2139051213",
        "source_ids": [
          "osm:node:2139051213",
          "source:osm"
        ],
        "name": null,
        "category": "tree",
        "geometry_status": "VERIFIED_GEOGRAPHIC",
        "tags": {
          "natural": "tree"
        }
      },
      "geometry": {
        "type": "Point",
        "coordinates": [
          -188.736,
          32.28
        ]
      }
    },
    {
      "type": "Feature",
      "id": "osm:node:2139051217",
      "properties": {
        "id": "osm:node:2139051217",
        "source_ids": [
          "osm:node:2139051217",
          "source:osm"
        ],
        "name": null,
        "category": "tree",
        "geometry_status": "VERIFIED_GEOGRAPHIC",
        "tags": {
          "natural": "tree"
        }
      },
      "geometry": {
        "type": "Point",
        "coordinates": [
          -229.267,
          33.412
        ]
      }
    },
    {
      "type": "Feature",
      "id": "osm:node:2139051222",
      "properties": {
        "id": "osm:node:2139051222",
        "source_ids": [
          "osm:node:2139051222",
          "source:osm"
        ],
        "name": null,
        "category": "tree",
        "geometry_status": "VERIFIED_GEOGRAPHIC",
        "tags": {
          "natural": "tree"
        }
      },
      "geometry": {
        "type": "Point",
        "coordinates": [
          -168.405,
          34.961
        ]
      }
    },
    {
      "type": "Feature",
      "id": "osm:node:2139051224",
      "properties": {
        "id": "osm:node:2139051224",
        "source_ids": [
          "osm:node:2139051224",
          "source:osm"
        ],
        "name": null,
        "category": "tree",
        "geometry_status": "VERIFIED_GEOGRAPHIC",
        "tags": {
          "natural": "tree"
        }
      },
      "geometry": {
        "type": "Point",
        "coordinates": [
          -210.544,
          35.841
        ]
      }
    },
    {
      "type": "Feature",
      "id": "osm:node:2139051227",
      "properties": {
        "id": "osm:node:2139051227",
        "source_ids": [
          "osm:node:2139051227",
          "source:osm"
        ],
        "name": "Flex Gym and Personal Training Inc.",
        "category": "fitness_centre",
        "geometry_status": "VERIFIED_GEOGRAPHIC",
        "tags": {
          "addr:city": "Taguig",
          "addr:district": "Bonifacio Global City",
          "addr:housenumber": "7th Avenue",
          "addr:postcode": "1635",
          "addr:province": "Metro Manila",
          "addr:street": "Bonifacio High Street",
          "addr:unit": "C2 Building",
          "leisure": "fitness_centre",
          "name": "Flex Gym and Personal Training Inc."
        }
      },
      "geometry": {
        "type": "Point",
        "coordinates": [
          -188.135,
          37.055
        ]
      }
    },
    {
      "type": "Feature",
      "id": "osm:node:2139051229",
      "properties": {
        "id": "osm:node:2139051229",
        "source_ids": [
          "osm:node:2139051229",
          "source:osm"
        ],
        "name": null,
        "category": "tree",
        "geometry_status": "VERIFIED_GEOGRAPHIC",
        "tags": {
          "natural": "tree"
        }
      },
      "geometry": {
        "type": "Point",
        "coordinates": [
          -164.96,
          36.956
        ]
      }
    },
    {
      "type": "Feature",
      "id": "osm:node:2139051234",
      "properties": {
        "id": "osm:node:2139051234",
        "source_ids": [
          "osm:node:2139051234",
          "source:osm"
        ],
        "name": null,
        "category": "tree",
        "geometry_status": "VERIFIED_GEOGRAPHIC",
        "tags": {
          "natural": "tree"
        }
      },
      "geometry": {
        "type": "Point",
        "coordinates": [
          -13.912,
          36.981
        ]
      }
    },
    {
      "type": "Feature",
      "id": "osm:node:2139051240",
      "properties": {
        "id": "osm:node:2139051240",
        "source_ids": [
          "osm:node:2139051240",
          "source:osm"
        ],
        "name": null,
        "category": "tree",
        "geometry_status": "VERIFIED_GEOGRAPHIC",
        "tags": {
          "natural": "tree"
        }
      },
      "geometry": {
        "type": "Point",
        "coordinates": [
          -181.296,
          40.073
        ]
      }
    },
    {
      "type": "Feature",
      "id": "osm:node:2139051245",
      "properties": {
        "id": "osm:node:2139051245",
        "source_ids": [
          "osm:node:2139051245",
          "source:osm"
        ],
        "name": null,
        "category": "tree",
        "geometry_status": "VERIFIED_GEOGRAPHIC",
        "tags": {
          "natural": "tree"
        }
      },
      "geometry": {
        "type": "Point",
        "coordinates": [
          -169.422,
          40.79
        ]
      }
    },
    {
      "type": "Feature",
      "id": "osm:node:2139051247",
      "properties": {
        "id": "osm:node:2139051247",
        "source_ids": [
          "osm:node:2139051247",
          "source:osm"
        ],
        "name": null,
        "category": "tree",
        "geometry_status": "VERIFIED_GEOGRAPHIC",
        "tags": {
          "natural": "tree"
        }
      },
      "geometry": {
        "type": "Point",
        "coordinates": [
          -164.752,
          41.182
        ]
      }
    },
    {
      "type": "Feature",
      "id": "osm:node:2139051251",
      "properties": {
        "id": "osm:node:2139051251",
        "source_ids": [
          "osm:node:2139051251",
          "source:osm"
        ],
        "name": null,
        "category": "tree",
        "geometry_status": "VERIFIED_GEOGRAPHIC",
        "tags": {
          "natural": "tree"
        }
      },
      "geometry": {
        "type": "Point",
        "coordinates": [
          -241.249,
          43.906
        ]
      }
    },
    {
      "type": "Feature",
      "id": "osm:node:2139051254",
      "properties": {
        "id": "osm:node:2139051254",
        "source_ids": [
          "osm:node:2139051254",
          "source:osm"
        ],
        "name": null,
        "category": "tree",
        "geometry_status": "VERIFIED_GEOGRAPHIC",
        "tags": {
          "natural": "tree"
        }
      },
      "geometry": {
        "type": "Point",
        "coordinates": [
          -167.274,
          43.727
        ]
      }
    },
    {
      "type": "Feature",
      "id": "osm:node:2139051256",
      "properties": {
        "id": "osm:node:2139051256",
        "source_ids": [
          "osm:node:2139051256",
          "source:osm"
        ],
        "name": null,
        "category": "tree",
        "geometry_status": "VERIFIED_GEOGRAPHIC",
        "tags": {
          "natural": "tree"
        }
      },
      "geometry": {
        "type": "Point",
        "coordinates": [
          -236.54,
          45.061
        ]
      }
    },
    {
      "type": "Feature",
      "id": "osm:node:2139051257",
      "properties": {
        "id": "osm:node:2139051257",
        "source_ids": [
          "osm:node:2139051257",
          "source:osm"
        ],
        "name": null,
        "category": "tree",
        "geometry_status": "VERIFIED_GEOGRAPHIC",
        "tags": {
          "natural": "tree"
        }
      },
      "geometry": {
        "type": "Point",
        "coordinates": [
          -195.175,
          45.67
        ]
      }
    },
    {
      "type": "Feature",
      "id": "osm:node:2139051258",
      "properties": {
        "id": "osm:node:2139051258",
        "source_ids": [
          "osm:node:2139051258",
          "source:osm"
        ],
        "name": null,
        "category": "tree",
        "geometry_status": "VERIFIED_GEOGRAPHIC",
        "tags": {
          "natural": "tree"
        }
      },
      "geometry": {
        "type": "Point",
        "coordinates": [
          -204.788,
          45.951
        ]
      }
    },
    {
      "type": "Feature",
      "id": "osm:node:2139051264",
      "properties": {
        "id": "osm:node:2139051264",
        "source_ids": [
          "osm:node:2139051264",
          "source:osm"
        ],
        "name": null,
        "category": "tree",
        "geometry_status": "VERIFIED_GEOGRAPHIC",
        "tags": {
          "natural": "tree"
        }
      },
      "geometry": {
        "type": "Point",
        "coordinates": [
          -183.982,
          48.717
        ]
      }
    },
    {
      "type": "Feature",
      "id": "osm:node:2139051266",
      "properties": {
        "id": "osm:node:2139051266",
        "source_ids": [
          "osm:node:2139051266",
          "source:osm"
        ],
        "name": null,
        "category": "tree",
        "geometry_status": "VERIFIED_GEOGRAPHIC",
        "tags": {
          "natural": "tree"
        }
      },
      "geometry": {
        "type": "Point",
        "coordinates": [
          -245.502,
          49.509
        ]
      }
    },
    {
      "type": "Feature",
      "id": "osm:node:2139051271",
      "properties": {
        "id": "osm:node:2139051271",
        "source_ids": [
          "osm:node:2139051271",
          "source:osm"
        ],
        "name": null,
        "category": "tree",
        "geometry_status": "VERIFIED_GEOGRAPHIC",
        "tags": {
          "natural": "tree"
        }
      },
      "geometry": {
        "type": "Point",
        "coordinates": [
          -241.096,
          50.467
        ]
      }
    },
    {
      "type": "Feature",
      "id": "osm:node:2139051275",
      "properties": {
        "id": "osm:node:2139051275",
        "source_ids": [
          "osm:node:2139051275",
          "source:osm"
        ],
        "name": null,
        "category": "tree",
        "geometry_status": "VERIFIED_GEOGRAPHIC",
        "tags": {
          "natural": "tree"
        }
      },
      "geometry": {
        "type": "Point",
        "coordinates": [
          -193.35,
          51.066
        ]
      }
    },
    {
      "type": "Feature",
      "id": "osm:node:2139051277",
      "properties": {
        "id": "osm:node:2139051277",
        "source_ids": [
          "osm:node:2139051277",
          "source:osm"
        ],
        "name": null,
        "category": "tree",
        "geometry_status": "VERIFIED_GEOGRAPHIC",
        "tags": {
          "natural": "tree"
        }
      },
      "geometry": {
        "type": "Point",
        "coordinates": [
          -188.574,
          51.224
        ]
      }
    },
    {
      "type": "Feature",
      "id": "osm:node:2139051296",
      "properties": {
        "id": "osm:node:2139051296",
        "source_ids": [
          "osm:node:2139051296",
          "source:osm"
        ],
        "name": null,
        "category": "tree",
        "geometry_status": "VERIFIED_GEOGRAPHIC",
        "tags": {
          "natural": "tree"
        }
      },
      "geometry": {
        "type": "Point",
        "coordinates": [
          -243.954,
          55.361
        ]
      }
    },
    {
      "type": "Feature",
      "id": "osm:node:2139051299",
      "properties": {
        "id": "osm:node:2139051299",
        "source_ids": [
          "osm:node:2139051299",
          "source:osm"
        ],
        "name": null,
        "category": "tree",
        "geometry_status": "VERIFIED_GEOGRAPHIC",
        "tags": {
          "natural": "tree"
        }
      },
      "geometry": {
        "type": "Point",
        "coordinates": [
          -246.547,
          55.881
        ]
      }
    },
    {
      "type": "Feature",
      "id": "osm:node:2139051301",
      "properties": {
        "id": "osm:node:2139051301",
        "source_ids": [
          "osm:node:2139051301",
          "source:osm"
        ],
        "name": null,
        "category": "tree",
        "geometry_status": "VERIFIED_GEOGRAPHIC",
        "tags": {
          "natural": "tree"
        }
      },
      "geometry": {
        "type": "Point",
        "coordinates": [
          -158.939,
          55.397
        ]
      }
    },
    {
      "type": "Feature",
      "id": "osm:node:2139051304",
      "properties": {
        "id": "osm:node:2139051304",
        "source_ids": [
          "osm:node:2139051304",
          "source:osm"
        ],
        "name": null,
        "category": "tree",
        "geometry_status": "VERIFIED_GEOGRAPHIC",
        "tags": {
          "natural": "tree"
        }
      },
      "geometry": {
        "type": "Point",
        "coordinates": [
          -205.484,
          56.581
        ]
      }
    },
    {
      "type": "Feature",
      "id": "osm:node:2139051310",
      "properties": {
        "id": "osm:node:2139051310",
        "source_ids": [
          "osm:node:2139051310",
          "source:osm"
        ],
        "name": null,
        "category": "tree",
        "geometry_status": "VERIFIED_GEOGRAPHIC",
        "tags": {
          "natural": "tree"
        }
      },
      "geometry": {
        "type": "Point",
        "coordinates": [
          -238.535,
          57.495
        ]
      }
    },
    {
      "type": "Feature",
      "id": "osm:node:2139051313",
      "properties": {
        "id": "osm:node:2139051313",
        "source_ids": [
          "osm:node:2139051313",
          "source:osm"
        ],
        "name": null,
        "category": "tree",
        "geometry_status": "VERIFIED_GEOGRAPHIC",
        "tags": {
          "natural": "tree"
        }
      },
      "geometry": {
        "type": "Point",
        "coordinates": [
          -183.96,
          57.57
        ]
      }
    },
    {
      "type": "Feature",
      "id": "osm:node:2139051317",
      "properties": {
        "id": "osm:node:2139051317",
        "source_ids": [
          "osm:node:2139051317",
          "source:osm"
        ],
        "name": null,
        "category": "tree",
        "geometry_status": "VERIFIED_GEOGRAPHIC",
        "tags": {
          "natural": "tree"
        }
      },
      "geometry": {
        "type": "Point",
        "coordinates": [
          -175.853,
          57.7
        ]
      }
    },
    {
      "type": "Feature",
      "id": "osm:node:2139051320",
      "properties": {
        "id": "osm:node:2139051320",
        "source_ids": [
          "osm:node:2139051320",
          "source:osm"
        ],
        "name": null,
        "category": "tree",
        "geometry_status": "VERIFIED_GEOGRAPHIC",
        "tags": {
          "natural": "tree"
        }
      },
      "geometry": {
        "type": "Point",
        "coordinates": [
          -244.132,
          58.539
        ]
      }
    },
    {
      "type": "Feature",
      "id": "osm:node:2139051326",
      "properties": {
        "id": "osm:node:2139051326",
        "source_ids": [
          "osm:node:2139051326",
          "source:osm"
        ],
        "name": null,
        "category": "tree",
        "geometry_status": "VERIFIED_GEOGRAPHIC",
        "tags": {
          "natural": "tree"
        }
      },
      "geometry": {
        "type": "Point",
        "coordinates": [
          -164.647,
          59.773
        ]
      }
    },
    {
      "type": "Feature",
      "id": "osm:node:2139051331",
      "properties": {
        "id": "osm:node:2139051331",
        "source_ids": [
          "osm:node:2139051331",
          "source:osm"
        ],
        "name": null,
        "category": "tree",
        "geometry_status": "VERIFIED_GEOGRAPHIC",
        "tags": {
          "natural": "tree"
        }
      },
      "geometry": {
        "type": "Point",
        "coordinates": [
          -161.462,
          61.616
        ]
      }
    },
    {
      "type": "Feature",
      "id": "osm:node:2139051333",
      "properties": {
        "id": "osm:node:2139051333",
        "source_ids": [
          "osm:node:2139051333",
          "source:osm"
        ],
        "name": null,
        "category": "tree",
        "geometry_status": "VERIFIED_GEOGRAPHIC",
        "tags": {
          "natural": "tree"
        }
      },
      "geometry": {
        "type": "Point",
        "coordinates": [
          -245.897,
          62.626
        ]
      }
    },
    {
      "type": "Feature",
      "id": "osm:node:2139051334",
      "properties": {
        "id": "osm:node:2139051334",
        "source_ids": [
          "osm:node:2139051334",
          "source:osm"
        ],
        "name": null,
        "category": "tree",
        "geometry_status": "VERIFIED_GEOGRAPHIC",
        "tags": {
          "natural": "tree"
        }
      },
      "geometry": {
        "type": "Point",
        "coordinates": [
          -83.175,
          61.378
        ]
      }
    },
    {
      "type": "Feature",
      "id": "osm:node:2139051337",
      "properties": {
        "id": "osm:node:2139051337",
        "source_ids": [
          "osm:node:2139051337",
          "source:osm"
        ],
        "name": null,
        "category": "tree",
        "geometry_status": "VERIFIED_GEOGRAPHIC",
        "tags": {
          "natural": "tree"
        }
      },
      "geometry": {
        "type": "Point",
        "coordinates": [
          -190.695,
          65.385
        ]
      }
    },
    {
      "type": "Feature",
      "id": "osm:node:2139051339",
      "properties": {
        "id": "osm:node:2139051339",
        "source_ids": [
          "osm:node:2139051339",
          "source:osm"
        ],
        "name": null,
        "category": "tree",
        "geometry_status": "VERIFIED_GEOGRAPHIC",
        "tags": {
          "natural": "tree"
        }
      },
      "geometry": {
        "type": "Point",
        "coordinates": [
          -242.058,
          66.577
        ]
      }
    },
    {
      "type": "Feature",
      "id": "osm:node:2139051349",
      "properties": {
        "id": "osm:node:2139051349",
        "source_ids": [
          "osm:node:2139051349",
          "source:osm"
        ],
        "name": null,
        "category": "tree",
        "geometry_status": "VERIFIED_GEOGRAPHIC",
        "tags": {
          "natural": "tree"
        }
      },
      "geometry": {
        "type": "Point",
        "coordinates": [
          -186.458,
          69.222
        ]
      }
    },
    {
      "type": "Feature",
      "id": "osm:node:2139051353",
      "properties": {
        "id": "osm:node:2139051353",
        "source_ids": [
          "osm:node:2139051353",
          "source:osm"
        ],
        "name": null,
        "category": "tree",
        "geometry_status": "VERIFIED_GEOGRAPHIC",
        "tags": {
          "natural": "tree"
        }
      },
      "geometry": {
        "type": "Point",
        "coordinates": [
          -212.891,
          70.134
        ]
      }
    },
    {
      "type": "Feature",
      "id": "osm:node:2139051359",
      "properties": {
        "id": "osm:node:2139051359",
        "source_ids": [
          "osm:node:2139051359",
          "source:osm"
        ],
        "name": null,
        "category": "tree",
        "geometry_status": "VERIFIED_GEOGRAPHIC",
        "tags": {
          "natural": "tree"
        }
      },
      "geometry": {
        "type": "Point",
        "coordinates": [
          -208.589,
          70.297
        ]
      }
    },
    {
      "type": "Feature",
      "id": "osm:node:2139051362",
      "properties": {
        "id": "osm:node:2139051362",
        "source_ids": [
          "osm:node:2139051362",
          "source:osm"
        ],
        "name": null,
        "category": "tree",
        "geometry_status": "VERIFIED_GEOGRAPHIC",
        "tags": {
          "natural": "tree"
        }
      },
      "geometry": {
        "type": "Point",
        "coordinates": [
          -204.039,
          70.501
        ]
      }
    },
    {
      "type": "Feature",
      "id": "osm:node:2139051374",
      "properties": {
        "id": "osm:node:2139051374",
        "source_ids": [
          "osm:node:2139051374",
          "source:osm"
        ],
        "name": null,
        "category": "tree",
        "geometry_status": "VERIFIED_GEOGRAPHIC",
        "tags": {
          "natural": "tree"
        }
      },
      "geometry": {
        "type": "Point",
        "coordinates": [
          -253.518,
          75.163
        ]
      }
    },
    {
      "type": "Feature",
      "id": "osm:node:2139051393",
      "properties": {
        "id": "osm:node:2139051393",
        "source_ids": [
          "osm:node:2139051393",
          "source:osm"
        ],
        "name": null,
        "category": "tree",
        "geometry_status": "VERIFIED_GEOGRAPHIC",
        "tags": {
          "natural": "tree"
        }
      },
      "geometry": {
        "type": "Point",
        "coordinates": [
          -260.792,
          77.915
        ]
      }
    },
    {
      "type": "Feature",
      "id": "osm:node:2139051395",
      "properties": {
        "id": "osm:node:2139051395",
        "source_ids": [
          "osm:node:2139051395",
          "source:osm"
        ],
        "name": null,
        "category": "tree",
        "geometry_status": "VERIFIED_GEOGRAPHIC",
        "tags": {
          "natural": "tree"
        }
      },
      "geometry": {
        "type": "Point",
        "coordinates": [
          -188.186,
          77.692
        ]
      }
    },
    {
      "type": "Feature",
      "id": "osm:node:2139051400",
      "properties": {
        "id": "osm:node:2139051400",
        "source_ids": [
          "osm:node:2139051400",
          "source:osm"
        ],
        "name": null,
        "category": "tree",
        "geometry_status": "VERIFIED_GEOGRAPHIC",
        "tags": {
          "natural": "tree"
        }
      },
      "geometry": {
        "type": "Point",
        "coordinates": [
          -267.979,
          79.459
        ]
      }
    },
    {
      "type": "Feature",
      "id": "osm:node:2139051402",
      "properties": {
        "id": "osm:node:2139051402",
        "source_ids": [
          "osm:node:2139051402",
          "source:osm"
        ],
        "name": null,
        "category": "tree",
        "geometry_status": "VERIFIED_GEOGRAPHIC",
        "tags": {
          "natural": "tree"
        }
      },
      "geometry": {
        "type": "Point",
        "coordinates": [
          -193.178,
          78.819
        ]
      }
    },
    {
      "type": "Feature",
      "id": "osm:node:2139051407",
      "properties": {
        "id": "osm:node:2139051407",
        "source_ids": [
          "osm:node:2139051407",
          "source:osm"
        ],
        "name": null,
        "category": "tree",
        "geometry_status": "VERIFIED_GEOGRAPHIC",
        "tags": {
          "natural": "tree"
        }
      },
      "geometry": {
        "type": "Point",
        "coordinates": [
          -252.073,
          80.319
        ]
      }
    },
    {
      "type": "Feature",
      "id": "osm:node:2139051408",
      "properties": {
        "id": "osm:node:2139051408",
        "source_ids": [
          "osm:node:2139051408",
          "source:osm"
        ],
        "name": null,
        "category": "tree",
        "geometry_status": "VERIFIED_GEOGRAPHIC",
        "tags": {
          "natural": "tree"
        }
      },
      "geometry": {
        "type": "Point",
        "coordinates": [
          -199.968,
          80.072
        ]
      }
    },
    {
      "type": "Feature",
      "id": "osm:node:2139051409",
      "properties": {
        "id": "osm:node:2139051409",
        "source_ids": [
          "osm:node:2139051409",
          "source:osm"
        ],
        "name": null,
        "category": "tree",
        "geometry_status": "VERIFIED_GEOGRAPHIC",
        "tags": {
          "natural": "tree"
        }
      },
      "geometry": {
        "type": "Point",
        "coordinates": [
          -196.367,
          80.241
        ]
      }
    },
    {
      "type": "Feature",
      "id": "osm:node:2139051410",
      "properties": {
        "id": "osm:node:2139051410",
        "source_ids": [
          "osm:node:2139051410",
          "source:osm"
        ],
        "name": null,
        "category": "tree",
        "geometry_status": "VERIFIED_GEOGRAPHIC",
        "tags": {
          "natural": "tree"
        }
      },
      "geometry": {
        "type": "Point",
        "coordinates": [
          -276.161,
          81.92
        ]
      }
    },
    {
      "type": "Feature",
      "id": "osm:node:2139051411",
      "properties": {
        "id": "osm:node:2139051411",
        "source_ids": [
          "osm:node:2139051411",
          "source:osm"
        ],
        "name": null,
        "category": "tree",
        "geometry_status": "VERIFIED_GEOGRAPHIC",
        "tags": {
          "natural": "tree"
        }
      },
      "geometry": {
        "type": "Point",
        "coordinates": [
          -259.458,
          82.673
        ]
      }
    },
    {
      "type": "Feature",
      "id": "osm:node:2139051415",
      "properties": {
        "id": "osm:node:2139051415",
        "source_ids": [
          "osm:node:2139051415",
          "source:osm"
        ],
        "name": null,
        "category": "tree",
        "geometry_status": "VERIFIED_GEOGRAPHIC",
        "tags": {
          "natural": "tree"
        }
      },
      "geometry": {
        "type": "Point",
        "coordinates": [
          -283.041,
          84.07
        ]
      }
    },
    {
      "type": "Feature",
      "id": "osm:node:2139051421",
      "properties": {
        "id": "osm:node:2139051421",
        "source_ids": [
          "osm:node:2139051421",
          "source:osm"
        ],
        "name": null,
        "category": "tree",
        "geometry_status": "VERIFIED_GEOGRAPHIC",
        "tags": {
          "natural": "tree"
        }
      },
      "geometry": {
        "type": "Point",
        "coordinates": [
          -266.532,
          84.814
        ]
      }
    },
    {
      "type": "Feature",
      "id": "osm:node:2139051423",
      "properties": {
        "id": "osm:node:2139051423",
        "source_ids": [
          "osm:node:2139051423",
          "source:osm"
        ],
        "name": null,
        "category": "tree",
        "geometry_status": "VERIFIED_GEOGRAPHIC",
        "tags": {
          "natural": "tree"
        }
      },
      "geometry": {
        "type": "Point",
        "coordinates": [
          -290.527,
          86.015
        ]
      }
    },
    {
      "type": "Feature",
      "id": "osm:node:2139051430",
      "properties": {
        "id": "osm:node:2139051430",
        "source_ids": [
          "osm:node:2139051430",
          "source:osm"
        ],
        "name": null,
        "category": "tree",
        "geometry_status": "VERIFIED_GEOGRAPHIC",
        "tags": {
          "natural": "tree"
        }
      },
      "geometry": {
        "type": "Point",
        "coordinates": [
          -274.315,
          87.271
        ]
      }
    },
    {
      "type": "Feature",
      "id": "osm:node:2139051434",
      "properties": {
        "id": "osm:node:2139051434",
        "source_ids": [
          "osm:node:2139051434",
          "source:osm"
        ],
        "name": null,
        "category": "tree",
        "geometry_status": "VERIFIED_GEOGRAPHIC",
        "tags": {
          "natural": "tree"
        }
      },
      "geometry": {
        "type": "Point",
        "coordinates": [
          -298.409,
          88.274
        ]
      }
    },
    {
      "type": "Feature",
      "id": "osm:node:2139051436",
      "properties": {
        "id": "osm:node:2139051436",
        "source_ids": [
          "osm:node:2139051436",
          "source:osm"
        ],
        "name": null,
        "category": "tree",
        "geometry_status": "VERIFIED_GEOGRAPHIC",
        "tags": {
          "natural": "tree"
        }
      },
      "geometry": {
        "type": "Point",
        "coordinates": [
          -281.403,
          89.124
        ]
      }
    },
    {
      "type": "Feature",
      "id": "osm:node:2139051445",
      "properties": {
        "id": "osm:node:2139051445",
        "source_ids": [
          "osm:node:2139051445",
          "source:osm"
        ],
        "name": null,
        "category": "tree",
        "geometry_status": "VERIFIED_GEOGRAPHIC",
        "tags": {
          "natural": "tree"
        }
      },
      "geometry": {
        "type": "Point",
        "coordinates": [
          -305.797,
          90.219
        ]
      }
    },
    {
      "type": "Feature",
      "id": "osm:node:2139051447",
      "properties": {
        "id": "osm:node:2139051447",
        "source_ids": [
          "osm:node:2139051447",
          "source:osm"
        ],
        "name": null,
        "category": "tree",
        "geometry_status": "VERIFIED_GEOGRAPHIC",
        "tags": {
          "natural": "tree"
        }
      },
      "geometry": {
        "type": "Point",
        "coordinates": [
          -289.081,
          91.171
        ]
      }
    },
    {
      "type": "Feature",
      "id": "osm:node:2139051453",
      "properties": {
        "id": "osm:node:2139051453",
        "source_ids": [
          "osm:node:2139051453",
          "source:osm"
        ],
        "name": null,
        "category": "tree",
        "geometry_status": "VERIFIED_GEOGRAPHIC",
        "tags": {
          "natural": "tree"
        }
      },
      "geometry": {
        "type": "Point",
        "coordinates": [
          -312.679,
          92.17
        ]
      }
    },
    {
      "type": "Feature",
      "id": "osm:node:2139051456",
      "properties": {
        "id": "osm:node:2139051456",
        "source_ids": [
          "osm:node:2139051456",
          "source:osm"
        ],
        "name": null,
        "category": "tree",
        "geometry_status": "VERIFIED_GEOGRAPHIC",
        "tags": {
          "natural": "tree"
        }
      },
      "geometry": {
        "type": "Point",
        "coordinates": [
          -296.869,
          93.13
        ]
      }
    },
    {
      "type": "Feature",
      "id": "osm:node:2139051458",
      "properties": {
        "id": "osm:node:2139051458",
        "source_ids": [
          "osm:node:2139051458",
          "source:osm"
        ],
        "name": null,
        "category": "tree",
        "geometry_status": "VERIFIED_GEOGRAPHIC",
        "tags": {
          "natural": "tree"
        }
      },
      "geometry": {
        "type": "Point",
        "coordinates": [
          -320.56,
          94.528
        ]
      }
    },
    {
      "type": "Feature",
      "id": "osm:node:2139051463",
      "properties": {
        "id": "osm:node:2139051463",
        "source_ids": [
          "osm:node:2139051463",
          "source:osm"
        ],
        "name": null,
        "category": "tree",
        "geometry_status": "VERIFIED_GEOGRAPHIC",
        "tags": {
          "natural": "tree"
        }
      },
      "geometry": {
        "type": "Point",
        "coordinates": [
          -304.254,
          95.473
        ]
      }
    },
    {
      "type": "Feature",
      "id": "osm:node:2139051468",
      "properties": {
        "id": "osm:node:2139051468",
        "source_ids": [
          "osm:node:2139051468",
          "source:osm"
        ],
        "name": null,
        "category": "tree",
        "geometry_status": "VERIFIED_GEOGRAPHIC",
        "tags": {
          "natural": "tree"
        }
      },
      "geometry": {
        "type": "Point",
        "coordinates": [
          -311.038,
          97.523
        ]
      }
    },
    {
      "type": "Feature",
      "id": "osm:node:2139051482",
      "properties": {
        "id": "osm:node:2139051482",
        "source_ids": [
          "osm:node:2139051482",
          "source:osm"
        ],
        "name": null,
        "category": "tree",
        "geometry_status": "VERIFIED_GEOGRAPHIC",
        "tags": {
          "natural": "tree"
        }
      },
      "geometry": {
        "type": "Point",
        "coordinates": [
          -318.315,
          99.876
        ]
      }
    },
    {
      "type": "Feature",
      "id": "osm:node:2139051485",
      "properties": {
        "id": "osm:node:2139051485",
        "source_ids": [
          "osm:node:2139051485",
          "source:osm"
        ],
        "name": null,
        "category": "tree",
        "geometry_status": "VERIFIED_GEOGRAPHIC",
        "tags": {
          "natural": "tree"
        }
      },
      "geometry": {
        "type": "Point",
        "coordinates": [
          -135.676,
          102.186
        ]
      }
    },
    {
      "type": "Feature",
      "id": "osm:node:2139051487",
      "properties": {
        "id": "osm:node:2139051487",
        "source_ids": [
          "osm:node:2139051487",
          "source:osm"
        ],
        "name": null,
        "category": "tree",
        "geometry_status": "VERIFIED_GEOGRAPHIC",
        "tags": {
          "natural": "tree"
        }
      },
      "geometry": {
        "type": "Point",
        "coordinates": [
          -133.629,
          107.137
        ]
      }
    },
    {
      "type": "Feature",
      "id": "osm:node:2139051490",
      "properties": {
        "id": "osm:node:2139051490",
        "source_ids": [
          "osm:node:2139051490",
          "source:osm"
        ],
        "name": null,
        "category": "tree",
        "geometry_status": "VERIFIED_GEOGRAPHIC",
        "tags": {
          "natural": "tree"
        }
      },
      "geometry": {
        "type": "Point",
        "coordinates": [
          -131.786,
          112.091
        ]
      }
    },
    {
      "type": "Feature",
      "id": "osm:node:2139051498",
      "properties": {
        "id": "osm:node:2139051498",
        "source_ids": [
          "osm:node:2139051498",
          "source:osm"
        ],
        "name": null,
        "category": "tree",
        "geometry_status": "VERIFIED_GEOGRAPHIC",
        "tags": {
          "natural": "tree"
        }
      },
      "geometry": {
        "type": "Point",
        "coordinates": [
          -129.836,
          118.238
        ]
      }
    },
    {
      "type": "Feature",
      "id": "osm:node:2139051508",
      "properties": {
        "id": "osm:node:2139051508",
        "source_ids": [
          "osm:node:2139051508",
          "source:osm"
        ],
        "name": null,
        "category": "tree",
        "geometry_status": "VERIFIED_GEOGRAPHIC",
        "tags": {
          "natural": "tree"
        }
      },
      "geometry": {
        "type": "Point",
        "coordinates": [
          -127.685,
          123.985
        ]
      }
    },
    {
      "type": "Feature",
      "id": "osm:node:2139051515",
      "properties": {
        "id": "osm:node:2139051515",
        "source_ids": [
          "osm:node:2139051515",
          "source:osm"
        ],
        "name": null,
        "category": "tree",
        "geometry_status": "VERIFIED_GEOGRAPHIC",
        "tags": {
          "natural": "tree"
        }
      },
      "geometry": {
        "type": "Point",
        "coordinates": [
          -199.76,
          127.059
        ]
      }
    },
    {
      "type": "Feature",
      "id": "osm:node:2139051517",
      "properties": {
        "id": "osm:node:2139051517",
        "source_ids": [
          "osm:node:2139051517",
          "source:osm"
        ],
        "name": null,
        "category": "tree",
        "geometry_status": "VERIFIED_GEOGRAPHIC",
        "tags": {
          "natural": "tree"
        }
      },
      "geometry": {
        "type": "Point",
        "coordinates": [
          -125.43,
          130.628
        ]
      }
    },
    {
      "type": "Feature",
      "id": "osm:node:2139051539",
      "properties": {
        "id": "osm:node:2139051539",
        "source_ids": [
          "osm:node:2139051539",
          "source:osm"
        ],
        "name": null,
        "category": "tree",
        "geometry_status": "VERIFIED_GEOGRAPHIC",
        "tags": {
          "natural": "tree"
        }
      },
      "geometry": {
        "type": "Point",
        "coordinates": [
          -142.299,
          149.486
        ]
      }
    },
    {
      "type": "Feature",
      "id": "osm:node:2139051552",
      "properties": {
        "id": "osm:node:2139051552",
        "source_ids": [
          "osm:node:2139051552",
          "source:osm"
        ],
        "name": null,
        "category": "tree",
        "geometry_status": "VERIFIED_GEOGRAPHIC",
        "tags": {
          "natural": "tree"
        }
      },
      "geometry": {
        "type": "Point",
        "coordinates": [
          -185.508,
          157.591
        ]
      }
    },
    {
      "type": "Feature",
      "id": "osm:node:2139051554",
      "properties": {
        "id": "osm:node:2139051554",
        "source_ids": [
          "osm:node:2139051554",
          "source:osm"
        ],
        "name": null,
        "category": "tree",
        "geometry_status": "VERIFIED_GEOGRAPHIC",
        "tags": {
          "natural": "tree"
        }
      },
      "geometry": {
        "type": "Point",
        "coordinates": [
          -224.683,
          158.347
        ]
      }
    },
    {
      "type": "Feature",
      "id": "osm:node:2139051556",
      "properties": {
        "id": "osm:node:2139051556",
        "source_ids": [
          "osm:node:2139051556",
          "source:osm"
        ],
        "name": null,
        "category": "tree",
        "geometry_status": "VERIFIED_GEOGRAPHIC",
        "tags": {
          "natural": "tree"
        }
      },
      "geometry": {
        "type": "Point",
        "coordinates": [
          -211.953,
          158.381
        ]
      }
    },
    {
      "type": "Feature",
      "id": "osm:node:2139051575",
      "properties": {
        "id": "osm:node:2139051575",
        "source_ids": [
          "osm:node:2139051575",
          "source:osm"
        ],
        "name": null,
        "category": "tree",
        "geometry_status": "VERIFIED_GEOGRAPHIC",
        "tags": {
          "natural": "tree"
        }
      },
      "geometry": {
        "type": "Point",
        "coordinates": [
          -97.895,
          163.99
        ]
      }
    },
    {
      "type": "Feature",
      "id": "osm:node:2139051586",
      "properties": {
        "id": "osm:node:2139051586",
        "source_ids": [
          "osm:node:2139051586",
          "source:osm"
        ],
        "name": null,
        "category": "tree",
        "geometry_status": "VERIFIED_GEOGRAPHIC",
        "tags": {
          "natural": "tree"
        }
      },
      "geometry": {
        "type": "Point",
        "coordinates": [
          -148.078,
          168.237
        ]
      }
    },
    {
      "type": "Feature",
      "id": "osm:node:2139051592",
      "properties": {
        "id": "osm:node:2139051592",
        "source_ids": [
          "osm:node:2139051592",
          "source:osm"
        ],
        "name": null,
        "category": "tree",
        "geometry_status": "VERIFIED_GEOGRAPHIC",
        "tags": {
          "natural": "tree"
        }
      },
      "geometry": {
        "type": "Point",
        "coordinates": [
          -95.842,
          169.539
        ]
      }
    },
    {
      "type": "Feature",
      "id": "osm:node:2139051597",
      "properties": {
        "id": "osm:node:2139051597",
        "source_ids": [
          "osm:node:2139051597",
          "source:osm"
        ],
        "name": null,
        "category": "tree",
        "geometry_status": "VERIFIED_GEOGRAPHIC",
        "tags": {
          "natural": "tree"
        }
      },
      "geometry": {
        "type": "Point",
        "coordinates": [
          -156.96,
          170.704
        ]
      }
    },
    {
      "type": "Feature",
      "id": "osm:node:2139051607",
      "properties": {
        "id": "osm:node:2139051607",
        "source_ids": [
          "osm:node:2139051607",
          "source:osm"
        ],
        "name": null,
        "category": "tree",
        "geometry_status": "VERIFIED_GEOGRAPHIC",
        "tags": {
          "natural": "tree"
        }
      },
      "geometry": {
        "type": "Point",
        "coordinates": [
          -93.894,
          175.487
        ]
      }
    },
    {
      "type": "Feature",
      "id": "osm:node:2139051612",
      "properties": {
        "id": "osm:node:2139051612",
        "source_ids": [
          "osm:node:2139051612",
          "source:osm"
        ],
        "name": null,
        "category": "tree",
        "geometry_status": "VERIFIED_GEOGRAPHIC",
        "tags": {
          "natural": "tree"
        }
      },
      "geometry": {
        "type": "Point",
        "coordinates": [
          -253.378,
          177.151
        ]
      }
    },
    {
      "type": "Feature",
      "id": "osm:node:2139072736",
      "properties": {
        "id": "osm:node:2139072736",
        "source_ids": [
          "osm:node:2139072736",
          "source:osm"
        ],
        "name": null,
        "category": "tree",
        "geometry_status": "VERIFIED_GEOGRAPHIC",
        "tags": {
          "natural": "tree"
        }
      },
      "geometry": {
        "type": "Point",
        "coordinates": [
          -239.527,
          37.384
        ]
      }
    },
    {
      "type": "Feature",
      "id": "osm:node:2139072737",
      "properties": {
        "id": "osm:node:2139072737",
        "source_ids": [
          "osm:node:2139072737",
          "source:osm"
        ],
        "name": null,
        "category": "tree",
        "geometry_status": "VERIFIED_GEOGRAPHIC",
        "tags": {
          "natural": "tree"
        }
      },
      "geometry": {
        "type": "Point",
        "coordinates": [
          -234.432,
          41.966
        ]
      }
    },
    {
      "type": "Feature",
      "id": "osm:node:2139072738",
      "properties": {
        "id": "osm:node:2139072738",
        "source_ids": [
          "osm:node:2139072738",
          "source:osm"
        ],
        "name": null,
        "category": "tree",
        "geometry_status": "VERIFIED_GEOGRAPHIC",
        "tags": {
          "natural": "tree"
        }
      },
      "geometry": {
        "type": "Point",
        "coordinates": [
          -223.135,
          43.242
        ]
      }
    },
    {
      "type": "Feature",
      "id": "osm:node:2139072739",
      "properties": {
        "id": "osm:node:2139072739",
        "source_ids": [
          "osm:node:2139072739",
          "source:osm"
        ],
        "name": null,
        "category": "tree",
        "geometry_status": "VERIFIED_GEOGRAPHIC",
        "tags": {
          "natural": "tree"
        }
      },
      "geometry": {
        "type": "Point",
        "coordinates": [
          -255.388,
          46.871
        ]
      }
    },
    {
      "type": "Feature",
      "id": "osm:node:2142192667",
      "properties": {
        "id": "osm:node:2142192667",
        "source_ids": [
          "osm:node:2142192667",
          "source:osm"
        ],
        "name": "MaxBank",
        "category": "bank",
        "geometry_status": "VERIFIED_GEOGRAPHIC",
        "tags": {
          "addr:city": "Taguig",
          "addr:housename": "W Global Center",
          "addr:street": "9th Avenue",
          "addr:street:corner": "30th Street",
          "amenity": "bank",
          "name": "MaxBank"
        }
      },
      "geometry": {
        "type": "Point",
        "coordinates": [
          78.508,
          24.372
        ]
      }
    },
    {
      "type": "Feature",
      "id": "osm:node:2159099685",
      "properties": {
        "id": "osm:node:2159099685",
        "source_ids": [
          "osm:node:2159099685",
          "source:osm"
        ],
        "name": "The Empress Dining Palace",
        "category": "restaurant",
        "geometry_status": "VERIFIED_GEOGRAPHIC",
        "tags": {
          "addr:city": "Taguig",
          "addr:district": "Bonifacio Global City",
          "addr:floor": "1",
          "addr:housename": "C2, Bonifacio High Street Central",
          "addr:street": "7th Avenue",
          "amenity": "restaurant",
          "name": "The Empress Dining Palace"
        }
      },
      "geometry": {
        "type": "Point",
        "coordinates": [
          -184.966,
          -5.843
        ]
      }
    },
    {
      "type": "Feature",
      "id": "osm:node:2159099695",
      "properties": {
        "id": "osm:node:2159099695",
        "source_ids": [
          "osm:node:2159099695",
          "source:osm"
        ],
        "name": "LUNACafe",
        "category": "cafe",
        "geometry_status": "VERIFIED_GEOGRAPHIC",
        "tags": {
          "addr:city": "Taguig",
          "addr:housename": "W Global Center",
          "addr:street": "9th Avenue",
          "addr:street:corner": "30th Street",
          "amenity": "cafe",
          "name": "LUNACafe"
        }
      },
      "geometry": {
        "type": "Point",
        "coordinates": [
          85.394,
          49.401
        ]
      }
    },
    {
      "type": "Feature",
      "id": "osm:node:2159712246",
      "properties": {
        "id": "osm:node:2159712246",
        "source_ids": [
          "osm:node:2159712246",
          "source:osm"
        ],
        "name": null,
        "category": "toilets",
        "geometry_status": "VERIFIED_GEOGRAPHIC",
        "tags": {
          "amenity": "toilets"
        }
      },
      "geometry": {
        "type": "Point",
        "coordinates": [
          99.045,
          -96.383
        ]
      }
    },
    {
      "type": "Feature",
      "id": "osm:node:2159712249",
      "properties": {
        "id": "osm:node:2159712249",
        "source_ids": [
          "osm:node:2159712249",
          "source:osm"
        ],
        "name": null,
        "category": "toilets",
        "geometry_status": "VERIFIED_GEOGRAPHIC",
        "tags": {
          "amenity": "toilets"
        }
      },
      "geometry": {
        "type": "Point",
        "coordinates": [
          -49.07,
          -47.033
        ]
      }
    },
    {
      "type": "Feature",
      "id": "osm:node:2159712270",
      "properties": {
        "id": "osm:node:2159712270",
        "source_ids": [
          "osm:node:2159712270",
          "source:osm"
        ],
        "name": null,
        "category": "toilets",
        "geometry_status": "VERIFIED_GEOGRAPHIC",
        "tags": {
          "amenity": "toilets"
        }
      },
      "geometry": {
        "type": "Point",
        "coordinates": [
          -24.247,
          25.937
        ]
      }
    },
    {
      "type": "Feature",
      "id": "osm:node:2310932519",
      "properties": {
        "id": "osm:node:2310932519",
        "source_ids": [
          "osm:node:2310932519",
          "source:osm"
        ],
        "name": "Tsuta",
        "category": "restaurant",
        "geometry_status": "VERIFIED_GEOGRAPHIC",
        "tags": {
          "addr:city": "Taguig",
          "addr:floor": "1",
          "addr:housename": "C3, Bonifacio High Street Central",
          "addr:street": "7th Avenue",
          "amenity": "restaurant",
          "name": "Tsuta"
        }
      },
      "geometry": {
        "type": "Point",
        "coordinates": [
          -169.665,
          81.761
        ]
      }
    },
    {
      "type": "Feature",
      "id": "osm:node:2310932520",
      "properties": {
        "id": "osm:node:2310932520",
        "source_ids": [
          "osm:node:2310932520",
          "source:osm"
        ],
        "name": "Geisha",
        "category": "restaurant",
        "geometry_status": "VERIFIED_GEOGRAPHIC",
        "tags": {
          "addr:city": "Taguig",
          "addr:floor": "1",
          "addr:housename": "C2, Bonifacio High Street Central",
          "addr:street": "7th Avenue",
          "addr:street:corner": "28th Street",
          "amenity": "restaurant",
          "name": "Geisha"
        }
      },
      "geometry": {
        "type": "Point",
        "coordinates": [
          -228.088,
          1.132
        ]
      }
    },
    {
      "type": "Feature",
      "id": "osm:node:2310932521",
      "properties": {
        "id": "osm:node:2310932521",
        "source_ids": [
          "osm:node:2310932521",
          "source:osm"
        ],
        "name": "Lorenzo's Way",
        "category": "restaurant",
        "geometry_status": "VERIFIED_GEOGRAPHIC",
        "tags": {
          "addr:city": "Taguig",
          "addr:floor": "1",
          "addr:housename": "C2, Bonifacio High Street Central",
          "addr:street": "7th Avenue",
          "addr:street:corner": "28th Street",
          "amenity": "restaurant",
          "name": "Lorenzo's Way"
        }
      },
      "geometry": {
        "type": "Point",
        "coordinates": [
          -245.11,
          9.688
        ]
      }
    },
    {
      "type": "Feature",
      "id": "osm:node:2310932522",
      "properties": {
        "id": "osm:node:2310932522",
        "source_ids": [
          "osm:node:2310932522",
          "source:osm"
        ],
        "name": "Sariwon",
        "category": "restaurant",
        "geometry_status": "VERIFIED_GEOGRAPHIC",
        "tags": {
          "addr:city": "Taguig",
          "addr:district": "Bonifacio Global City",
          "addr:floor": "1",
          "addr:housename": "C2, Bonifacio High Street Central",
          "addr:street": "7th Avenue",
          "addr:street:corner": "28th Street",
          "amenity": "restaurant",
          "name": "Sariwon"
        }
      },
      "geometry": {
        "type": "Point",
        "coordinates": [
          -219.576,
          -3.146
        ]
      }
    },
    {
      "type": "Feature",
      "id": "osm:node:2310932523",
      "properties": {
        "id": "osm:node:2310932523",
        "source_ids": [
          "osm:node:2310932523",
          "source:osm"
        ],
        "name": "Earth Kitchen",
        "category": "restaurant",
        "geometry_status": "VERIFIED_GEOGRAPHIC",
        "tags": {
          "addr:city": "Taguig",
          "addr:floor": "1",
          "addr:housename": "C2, Bonifacio High Street Central",
          "addr:street": "7th Avenue",
          "addr:street:corner": "28th Street",
          "addr:unit": "U205",
          "amenity": "restaurant",
          "name": "Earth Kitchen"
        }
      },
      "geometry": {
        "type": "Point",
        "coordinates": [
          -236.599,
          5.41
        ]
      }
    },
    {
      "type": "Feature",
      "id": "osm:node:2310932524",
      "properties": {
        "id": "osm:node:2310932524",
        "source_ids": [
          "osm:node:2310932524",
          "source:osm"
        ],
        "name": "Single Origin",
        "category": "restaurant",
        "geometry_status": "VERIFIED_GEOGRAPHIC",
        "tags": {
          "addr:city": "Taguig",
          "addr:floor": "1",
          "addr:housename": "C3, Bonifacio High Street Central",
          "addr:street": "7th Avenue",
          "amenity": "restaurant",
          "name": "Single Origin"
        }
      },
      "geometry": {
        "type": "Point",
        "coordinates": [
          -176.463,
          85.924
        ]
      }
    },
    {
      "type": "Feature",
      "id": "osm:node:2310937770",
      "properties": {
        "id": "osm:node:2310937770",
        "source_ids": [
          "osm:node:2310937770",
          "source:osm"
        ],
        "name": null,
        "category": "kerb",
        "geometry_status": "VERIFIED_GEOGRAPHIC",
        "tags": {
          "barrier": "kerb"
        }
      },
      "geometry": {
        "type": "Point",
        "coordinates": [
          -184.696,
          -101.515
        ]
      }
    },
    {
      "type": "Feature",
      "id": "osm:node:2497973879",
      "properties": {
        "id": "osm:node:2497973879",
        "source_ids": [
          "osm:node:2497973879",
          "source:osm"
        ],
        "name": "BDO",
        "category": "bank",
        "geometry_status": "VERIFIED_GEOGRAPHIC",
        "tags": {
          "addr:city": "Taguig",
          "addr:floor": "G/F",
          "addr:housename": "JY Campos Center",
          "addr:postcode": "1634",
          "addr:street": "30th Street",
          "addr:street:corner": "9th Avenue",
          "alt_name": "Banco de Oro",
          "amenity": "bank",
          "name": "BDO",
          "operator": "BDO Unibank"
        }
      },
      "geometry": {
        "type": "Point",
        "coordinates": [
          32.987,
          78.456
        ]
      }
    },
    {
      "type": "Feature",
      "id": "osm:node:251456684",
      "properties": {
        "id": "osm:node:251456684",
        "source_ids": [
          "osm:node:251456684",
          "source:osm"
        ],
        "name": "Pancake House",
        "category": "restaurant",
        "geometry_status": "VERIFIED_GEOGRAPHIC",
        "tags": {
          "addr:city": "Taguig",
          "addr:housename": "B:3, Bonifacio High Street",
          "addr:street": "7th Avenue",
          "amenity": "restaurant",
          "name": "Pancake House"
        }
      },
      "geometry": {
        "type": "Point",
        "coordinates": [
          -117.318,
          44.373
        ]
      }
    },
    {
      "type": "Feature",
      "id": "osm:node:251456685",
      "properties": {
        "id": "osm:node:251456685",
        "source_ids": [
          "osm:node:251456685",
          "source:osm"
        ],
        "name": "Starbucks",
        "category": "cafe",
        "geometry_status": "VERIFIED_GEOGRAPHIC",
        "tags": {
          "addr:city": "Taguig",
          "addr:housename": "B:3, Bonifacio High Street",
          "addr:street": "7th Avenue",
          "amenity": "cafe",
          "name": "Starbucks",
          "short_name": "Starbucks"
        }
      },
      "geometry": {
        "type": "Point",
        "coordinates": [
          -110.275,
          42.343
        ]
      }
    },
    {
      "type": "Feature",
      "id": "osm:node:255056800",
      "properties": {
        "id": "osm:node:255056800",
        "source_ids": [
          "osm:node:255056800",
          "source:osm"
        ],
        "name": "Krispy Kreme",
        "category": "fast_food",
        "geometry_status": "VERIFIED_GEOGRAPHIC",
        "tags": {
          "addr:city": "Taguig",
          "addr:district": "Bonifacio Global City",
          "addr:floor": "G/F",
          "addr:housename": "B:2, Bonifacio High Street",
          "addr:postcode": "1634",
          "addr:street": "9th Avenue",
          "amenity": "fast_food",
          "name": "Krispy Kreme"
        }
      },
      "geometry": {
        "type": "Point",
        "coordinates": [
          -4.862,
          -49.282
        ]
      }
    },
    {
      "type": "Feature",
      "id": "osm:node:255058205",
      "properties": {
        "id": "osm:node:255058205",
        "source_ids": [
          "osm:node:255058205",
          "source:osm"
        ],
        "name": "Texas Roadhouse Grill",
        "category": "restaurant",
        "geometry_status": "VERIFIED_GEOGRAPHIC",
        "tags": {
          "addr:city": "Taguig",
          "amenity": "restaurant",
          "name": "Texas Roadhouse Grill"
        }
      },
      "geometry": {
        "type": "Point",
        "coordinates": [
          -115.875,
          -11.26
        ]
      }
    },
    {
      "type": "Feature",
      "id": "osm:node:255058768",
      "properties": {
        "id": "osm:node:255058768",
        "source_ids": [
          "osm:node:255058768",
          "source:osm"
        ],
        "name": "Pound by Todd English",
        "category": "restaurant",
        "geometry_status": "VERIFIED_GEOGRAPHIC",
        "tags": {
          "addr:city": "Taguig",
          "addr:housename": "B:3, Bonifacio High Street",
          "addr:street": "7th Avenue",
          "amenity": "restaurant",
          "name": "Pound by Todd English",
          "short_name": "Pound"
        }
      },
      "geometry": {
        "type": "Point",
        "coordinates": [
          -65.219,
          28.379
        ]
      }
    },
    {
      "type": "Feature",
      "id": "osm:node:255059462",
      "properties": {
        "id": "osm:node:255059462",
        "source_ids": [
          "osm:node:255059462",
          "source:osm"
        ],
        "name": "TGI Fridays",
        "category": "restaurant",
        "geometry_status": "VERIFIED_GEOGRAPHIC",
        "tags": {
          "addr:city": "Taguig",
          "addr:district": "Bonifacio Global City",
          "addr:housename": "B:3, Bonifacio High Street",
          "addr:street": "9th Avenue",
          "amenity": "restaurant",
          "name": "TGI Fridays"
        }
      },
      "geometry": {
        "type": "Point",
        "coordinates": [
          -35.892,
          25.561
        ]
      }
    },
    {
      "type": "Feature",
      "id": "osm:node:255062506",
      "properties": {
        "id": "osm:node:255062506",
        "source_ids": [
          "osm:node:255062506",
          "source:osm"
        ],
        "name": "St. Marc Café",
        "category": "cafe",
        "geometry_status": "VERIFIED_GEOGRAPHIC",
        "tags": {
          "addr:city": "Taguig",
          "addr:housename": "One Parkade",
          "addr:street": "7th Avenue",
          "addr:street:corner": "28th Street",
          "amenity": "cafe",
          "name": "St. Marc Café"
        }
      },
      "geometry": {
        "type": "Point",
        "coordinates": [
          -162.988,
          -61.375
        ]
      }
    },
    {
      "type": "Feature",
      "id": "osm:node:255064955",
      "properties": {
        "id": "osm:node:255064955",
        "source_ids": [
          "osm:node:255064955",
          "source:osm"
        ],
        "name": "Brother's Burger",
        "category": "fast_food",
        "geometry_status": "VERIFIED_GEOGRAPHIC",
        "tags": {
          "addr:city": "Taguig",
          "addr:district": "Bonifacio Global City",
          "addr:floor": "G/F",
          "addr:housename": "B:5, Bonifacio High Street",
          "addr:street": "9th Avenue",
          "amenity": "fast_food",
          "name": "Brother's Burger"
        }
      },
      "geometry": {
        "type": "Point",
        "coordinates": [
          59.634,
          -71.401
        ]
      }
    },
    {
      "type": "Feature",
      "id": "osm:node:2732866617",
      "properties": {
        "id": "osm:node:2732866617",
        "source_ids": [
          "osm:node:2732866617",
          "source:osm"
        ],
        "name": "BPI",
        "category": "bank",
        "geometry_status": "VERIFIED_GEOGRAPHIC",
        "tags": {
          "addr:city": "Taguig",
          "addr:floor": "G/F",
          "addr:housename": "JY Campos Center",
          "addr:street": "30th Street",
          "addr:street:corner": "9th Avenue",
          "amenity": "bank",
          "name": "BPI"
        }
      },
      "geometry": {
        "type": "Point",
        "coordinates": [
          50.108,
          72.688
        ]
      }
    },
    {
      "type": "Feature",
      "id": "osm:node:2732877929",
      "properties": {
        "id": "osm:node:2732877929",
        "source_ids": [
          "osm:node:2732877929",
          "source:osm"
        ],
        "name": "RCBC",
        "category": "bank",
        "geometry_status": "VERIFIED_GEOGRAPHIC",
        "tags": {
          "addr:city": "Taguig",
          "addr:housename": "JY Campos Center",
          "addr:street": "30th Street",
          "addr:street:corner": "9th Avenue",
          "amenity": "bank",
          "name": "RCBC"
        }
      },
      "geometry": {
        "type": "Point",
        "coordinates": [
          44.803,
          43.44
        ]
      }
    },
    {
      "type": "Feature",
      "id": "osm:node:3233829996",
      "properties": {
        "id": "osm:node:3233829996",
        "source_ids": [
          "osm:node:3233829996",
          "source:osm"
        ],
        "name": "Starbucks",
        "category": "cafe",
        "geometry_status": "VERIFIED_GEOGRAPHIC",
        "tags": {
          "addr:city": "Taguig",
          "addr:street": "28th Street",
          "amenity": "cafe",
          "name": "Starbucks"
        }
      },
      "geometry": {
        "type": "Point",
        "coordinates": [
          -56.876,
          -116.541
        ]
      }
    },
    {
      "type": "Feature",
      "id": "osm:node:3233829998",
      "properties": {
        "id": "osm:node:3233829998",
        "source_ids": [
          "osm:node:3233829998",
          "source:osm"
        ],
        "name": "Bank of Commerce",
        "category": "bank",
        "geometry_status": "VERIFIED_GEOGRAPHIC",
        "tags": {
          "addr:city": "Taguig",
          "addr:street": "28th Street",
          "amenity": "bank",
          "name": "Bank of Commerce"
        }
      },
      "geometry": {
        "type": "Point",
        "coordinates": [
          -39.662,
          -122.963
        ]
      }
    },
    {
      "type": "Feature",
      "id": "osm:node:3233829999",
      "properties": {
        "id": "osm:node:3233829999",
        "source_ids": [
          "osm:node:3233829999",
          "source:osm"
        ],
        "name": "EastWest Unibank",
        "category": "bank",
        "geometry_status": "VERIFIED_GEOGRAPHIC",
        "tags": {
          "addr:city": "Fort Bonifacio",
          "addr:street": "28th Street",
          "amenity": "bank",
          "name": "EastWest Unibank"
        }
      },
      "geometry": {
        "type": "Point",
        "coordinates": [
          -31.698,
          -124.348
        ]
      }
    },
    {
      "type": "Feature",
      "id": "osm:node:3233830003",
      "properties": {
        "id": "osm:node:3233830003",
        "source_ids": [
          "osm:node:3233830003",
          "source:osm"
        ],
        "name": "Circus Cafe",
        "category": "cafe",
        "geometry_status": "VERIFIED_GEOGRAPHIC",
        "tags": {
          "addr:city": "Fort Bonifacio",
          "addr:street": "9th Avenue",
          "amenity": "cafe",
          "name": "Circus Cafe"
        }
      },
      "geometry": {
        "type": "Point",
        "coordinates": [
          -9.537,
          -114.478
        ]
      }
    },
    {
      "type": "Feature",
      "id": "osm:node:3233836667",
      "properties": {
        "id": "osm:node:3233836667",
        "source_ids": [
          "osm:node:3233836667",
          "source:osm"
        ],
        "name": "YakiMix Prime",
        "category": "restaurant",
        "geometry_status": "VERIFIED_GEOGRAPHIC",
        "tags": {
          "addr:city": "Taguig",
          "addr:housename": "B:3, Bonifacio High Street",
          "addr:street": "7th Avenue",
          "amenity": "restaurant",
          "name": "YakiMix Prime"
        }
      },
      "geometry": {
        "type": "Point",
        "coordinates": [
          -119.845,
          70.29
        ]
      }
    },
    {
      "type": "Feature",
      "id": "osm:node:3233844515",
      "properties": {
        "id": "osm:node:3233844515",
        "source_ids": [
          "osm:node:3233844515",
          "source:osm"
        ],
        "name": null,
        "category": "tree",
        "geometry_status": "VERIFIED_GEOGRAPHIC",
        "tags": {
          "natural": "tree"
        }
      },
      "geometry": {
        "type": "Point",
        "coordinates": [
          -112.9,
          117.208
        ]
      }
    },
    {
      "type": "Feature",
      "id": "osm:node:3233844516",
      "properties": {
        "id": "osm:node:3233844516",
        "source_ids": [
          "osm:node:3233844516",
          "source:osm"
        ],
        "name": null,
        "category": "tree",
        "geometry_status": "VERIFIED_GEOGRAPHIC",
        "tags": {
          "natural": "tree"
        }
      },
      "geometry": {
        "type": "Point",
        "coordinates": [
          -114.999,
          110.099
        ]
      }
    },
    {
      "type": "Feature",
      "id": "osm:node:3233856239",
      "properties": {
        "id": "osm:node:3233856239",
        "source_ids": [
          "osm:node:3233856239",
          "source:osm"
        ],
        "name": "The Butcher Shop & Pub",
        "category": "restaurant",
        "geometry_status": "VERIFIED_GEOGRAPHIC",
        "tags": {
          "addr:city": "Taguig",
          "addr:housename": "B:3, Bonifacio High Street",
          "addr:street": "9th Avenue",
          "amenity": "restaurant",
          "name": "The Butcher Shop & Pub"
        }
      },
      "geometry": {
        "type": "Point",
        "coordinates": [
          30.837,
          18.638
        ]
      }
    },
    {
      "type": "Feature",
      "id": "osm:node:3237573307",
      "properties": {
        "id": "osm:node:3237573307",
        "source_ids": [
          "osm:node:3237573307",
          "source:osm"
        ],
        "name": "Bonifacio High Street Cinema",
        "category": "cinema",
        "geometry_status": "VERIFIED_GEOGRAPHIC",
        "tags": {
          "addr:street": "5th Avenue",
          "addr:street:corner": "30th Street",
          "amenity": "cinema",
          "name": "Bonifacio High Street Cinema",
          "short_name": "BHS Cinema"
        }
      },
      "geometry": {
        "type": "Point",
        "coordinates": [
          -276.959,
          109.526
        ]
      }
    },
    {
      "type": "Feature",
      "id": "osm:node:3237575208",
      "properties": {
        "id": "osm:node:3237575208",
        "source_ids": [
          "osm:node:3237575208",
          "source:osm"
        ],
        "name": "TWG Tea",
        "category": "cafe",
        "geometry_status": "VERIFIED_GEOGRAPHIC",
        "tags": {
          "addr:city": "Taguig",
          "addr:street": "5th Avenue",
          "addr:street:corner": "30th Street",
          "amenity": "cafe",
          "name": "TWG Tea"
        }
      },
      "geometry": {
        "type": "Point",
        "coordinates": [
          -295.223,
          151.835
        ]
      }
    },
    {
      "type": "Feature",
      "id": "osm:node:3309603238",
      "properties": {
        "id": "osm:node:3309603238",
        "source_ids": [
          "osm:node:3309603238",
          "source:osm"
        ],
        "name": null,
        "category": "gate",
        "geometry_status": "VERIFIED_GEOGRAPHIC",
        "tags": {
          "barrier": "gate"
        }
      },
      "geometry": {
        "type": "Point",
        "coordinates": [
          -309.684,
          -38.894
        ]
      }
    },
    {
      "type": "Feature",
      "id": "osm:node:3365188034",
      "properties": {
        "id": "osm:node:3365188034",
        "source_ids": [
          "osm:node:3365188034",
          "source:osm"
        ],
        "name": "Central Square 1F",
        "category": "toilets",
        "geometry_status": "VERIFIED_GEOGRAPHIC",
        "tags": {
          "amenity": "toilets",
          "name": "Central Square 1F"
        }
      },
      "geometry": {
        "type": "Point",
        "coordinates": [
          -299.802,
          108.062
        ]
      }
    },
    {
      "type": "Feature",
      "id": "osm:node:3365188035",
      "properties": {
        "id": "osm:node:3365188035",
        "source_ids": [
          "osm:node:3365188035",
          "source:osm"
        ],
        "name": "Nolita",
        "category": "restaurant",
        "geometry_status": "VERIFIED_GEOGRAPHIC",
        "tags": {
          "amenity": "restaurant",
          "name": "Nolita"
        }
      },
      "geometry": {
        "type": "Point",
        "coordinates": [
          -211.237,
          -7.334
        ]
      }
    },
    {
      "type": "Feature",
      "id": "osm:node:3365188037",
      "properties": {
        "id": "osm:node:3365188037",
        "source_ids": [
          "osm:node:3365188037",
          "source:osm"
        ],
        "name": null,
        "category": "toilets",
        "geometry_status": "VERIFIED_GEOGRAPHIC",
        "tags": {
          "addr:floor": "G/F",
          "amenity": "toilets"
        }
      },
      "geometry": {
        "type": "Point",
        "coordinates": [
          -192.346,
          -1.664
        ]
      }
    },
    {
      "type": "Feature",
      "id": "osm:node:3376052980",
      "properties": {
        "id": "osm:node:3376052980",
        "source_ids": [
          "osm:node:3376052980",
          "source:osm"
        ],
        "name": null,
        "category": "toilets",
        "geometry_status": "VERIFIED_GEOGRAPHIC",
        "tags": {
          "amenity": "toilets"
        }
      },
      "geometry": {
        "type": "Point",
        "coordinates": [
          -164.44,
          75.054
        ]
      }
    },
    {
      "type": "Feature",
      "id": "osm:node:3676656873",
      "properties": {
        "id": "osm:node:3676656873",
        "source_ids": [
          "osm:node:3676656873",
          "source:osm"
        ],
        "name": null,
        "category": "tree",
        "geometry_status": "VERIFIED_GEOGRAPHIC",
        "tags": {
          "natural": "tree"
        }
      },
      "geometry": {
        "type": "Point",
        "coordinates": [
          -119.171,
          98.659
        ]
      }
    },
    {
      "type": "Feature",
      "id": "osm:node:3676656874",
      "properties": {
        "id": "osm:node:3676656874",
        "source_ids": [
          "osm:node:3676656874",
          "source:osm"
        ],
        "name": "UnionBank",
        "category": "bank",
        "geometry_status": "VERIFIED_GEOGRAPHIC",
        "tags": {
          "addr:city": "Taguig",
          "addr:housename": "W Global Center",
          "addr:street": "9th Avenue",
          "addr:street:corner": "30th Street",
          "amenity": "bank",
          "name": "UnionBank"
        }
      },
      "geometry": {
        "type": "Point",
        "coordinates": [
          95.189,
          18.73
        ]
      }
    },
    {
      "type": "Feature",
      "id": "osm:node:3676669694",
      "properties": {
        "id": "osm:node:3676669694",
        "source_ids": [
          "osm:node:3676669694",
          "source:osm"
        ],
        "name": "Mbargo",
        "category": "nightclub",
        "geometry_status": "VERIFIED_GEOGRAPHIC",
        "tags": {
          "addr:city": "Taguig",
          "addr:floor": "3/F",
          "addr:housename": "B:3, Bonifacio High Street",
          "addr:street": "7th Avenue",
          "amenity": "nightclub",
          "name": "Mbargo"
        }
      },
      "geometry": {
        "type": "Point",
        "coordinates": [
          -115.02,
          60.953
        ]
      }
    },
    {
      "type": "Feature",
      "id": "osm:node:3676669697",
      "properties": {
        "id": "osm:node:3676669697",
        "source_ids": [
          "osm:node:3676669697",
          "source:osm"
        ],
        "name": "Sunnies Cafe (u.c.)",
        "category": "cafe",
        "geometry_status": "VERIFIED_GEOGRAPHIC",
        "tags": {
          "addr:city": "Taguig",
          "addr:housename": "B:3, Bonifacio High Street",
          "addr:street": "9th Avenue",
          "amenity": "cafe",
          "name": "Sunnies Cafe (u.c.)"
        }
      },
      "geometry": {
        "type": "Point",
        "coordinates": [
          -57.053,
          26.527
        ]
      }
    },
    {
      "type": "Feature",
      "id": "osm:node:3778727226",
      "properties": {
        "id": "osm:node:3778727226",
        "source_ids": [
          "osm:node:3778727226",
          "source:osm"
        ],
        "name": "Gold's Gym",
        "category": "fitness_centre",
        "geometry_status": "VERIFIED_GEOGRAPHIC",
        "tags": {
          "addr:city": "Taguig",
          "addr:floor": "5/F",
          "addr:housename": "W Global Center",
          "addr:street": "9th Avenue",
          "addr:street:corner": "30th Street",
          "leisure": "fitness_centre",
          "name": "Gold's Gym"
        }
      },
      "geometry": {
        "type": "Point",
        "coordinates": [
          87.891,
          30.036
        ]
      }
    },
    {
      "type": "Feature",
      "id": "osm:node:3951788083",
      "properties": {
        "id": "osm:node:3951788083",
        "source_ids": [
          "osm:node:3951788083",
          "source:osm"
        ],
        "name": "BDO",
        "category": "bank",
        "geometry_status": "VERIFIED_GEOGRAPHIC",
        "tags": {
          "addr:city": "Fort Bonifacio",
          "addr:postcode": "1634",
          "addr:street": "28th Street",
          "addr:street:corner": "9th Avenue",
          "alt_name": "Banco de Oro",
          "amenity": "bank",
          "name": "BDO"
        }
      },
      "geometry": {
        "type": "Point",
        "coordinates": [
          -21.885,
          -128.981
        ]
      }
    },
    {
      "type": "Feature",
      "id": "osm:node:4279578015",
      "properties": {
        "id": "osm:node:4279578015",
        "source_ids": [
          "osm:node:4279578015",
          "source:osm"
        ],
        "name": "Happy Lemon",
        "category": "cafe",
        "geometry_status": "VERIFIED_GEOGRAPHIC",
        "tags": {
          "addr:city": "Taguig",
          "addr:housename": "B:3, Bonifacio High Street",
          "addr:street": "9th Avenue",
          "amenity": "cafe",
          "name": "Happy Lemon"
        }
      },
      "geometry": {
        "type": "Point",
        "coordinates": [
          -25.123,
          15.464
        ]
      }
    },
    {
      "type": "Feature",
      "id": "osm:node:4279578020",
      "properties": {
        "id": "osm:node:4279578020",
        "source_ids": [
          "osm:node:4279578020",
          "source:osm"
        ],
        "name": "Moonleaf",
        "category": "cafe",
        "geometry_status": "VERIFIED_GEOGRAPHIC",
        "tags": {
          "addr:city": "Taguig",
          "addr:housename": "B:3, Bonifacio High Street",
          "addr:street": "7th Avenue",
          "amenity": "cafe",
          "name": "Moonleaf"
        }
      },
      "geometry": {
        "type": "Point",
        "coordinates": [
          -112.08,
          68.22
        ]
      }
    },
    {
      "type": "Feature",
      "id": "osm:node:4279578027",
      "properties": {
        "id": "osm:node:4279578027",
        "source_ids": [
          "osm:node:4279578027",
          "source:osm"
        ],
        "name": "Salad Stop!",
        "category": "fast_food",
        "geometry_status": "VERIFIED_GEOGRAPHIC",
        "tags": {
          "addr:city": "Taguig",
          "addr:floor": "G/F",
          "addr:housename": "Central Square, Bonifacio High Street Central",
          "addr:street": "5th Avenue",
          "amenity": "fast_food",
          "name": "Salad Stop!"
        }
      },
      "geometry": {
        "type": "Point",
        "coordinates": [
          -249.43,
          91.805
        ]
      }
    },
    {
      "type": "Feature",
      "id": "osm:node:4567123790",
      "properties": {
        "id": "osm:node:4567123790",
        "source_ids": [
          "osm:node:4567123790",
          "source:osm"
        ],
        "name": null,
        "category": "bicycle_parking",
        "geometry_status": "VERIFIED_GEOGRAPHIC",
        "tags": {
          "amenity": "bicycle_parking",
          "operator": "Bonifacio Global City"
        }
      },
      "geometry": {
        "type": "Point",
        "coordinates": [
          31.959,
          -17.78
        ]
      }
    },
    {
      "type": "Feature",
      "id": "osm:node:4583971641",
      "properties": {
        "id": "osm:node:4583971641",
        "source_ids": [
          "osm:node:4583971641",
          "source:osm"
        ],
        "name": null,
        "category": "bicycle_parking",
        "geometry_status": "VERIFIED_GEOGRAPHIC",
        "tags": {
          "amenity": "bicycle_parking",
          "operator": "Bonifacio Global City"
        }
      },
      "geometry": {
        "type": "Point",
        "coordinates": [
          106.223,
          -13.236
        ]
      }
    },
    {
      "type": "Feature",
      "id": "osm:node:4613841221",
      "properties": {
        "id": "osm:node:4613841221",
        "source_ids": [
          "osm:node:4613841221",
          "source:osm"
        ],
        "name": null,
        "category": "bicycle_parking",
        "geometry_status": "VERIFIED_GEOGRAPHIC",
        "tags": {
          "amenity": "bicycle_parking"
        }
      },
      "geometry": {
        "type": "Point",
        "coordinates": [
          -317.475,
          92.222
        ]
      }
    },
    {
      "type": "Feature",
      "id": "osm:node:4613842064",
      "properties": {
        "id": "osm:node:4613842064",
        "source_ids": [
          "osm:node:4613842064",
          "source:osm"
        ],
        "name": null,
        "category": "bicycle_parking",
        "geometry_status": "VERIFIED_GEOGRAPHIC",
        "tags": {
          "amenity": "bicycle_parking",
          "operator": "Bonifacio Global City"
        }
      },
      "geometry": {
        "type": "Point",
        "coordinates": [
          -138.878,
          12.697
        ]
      }
    },
    {
      "type": "Feature",
      "id": "osm:node:4613842155",
      "properties": {
        "id": "osm:node:4613842155",
        "source_ids": [
          "osm:node:4613842155",
          "source:osm"
        ],
        "name": null,
        "category": "bicycle_parking",
        "geometry_status": "VERIFIED_GEOGRAPHIC",
        "tags": {
          "amenity": "bicycle_parking"
        }
      },
      "geometry": {
        "type": "Point",
        "coordinates": [
          83.921,
          -91.473
        ]
      }
    },
    {
      "type": "Feature",
      "id": "osm:node:4613844057",
      "properties": {
        "id": "osm:node:4613844057",
        "source_ids": [
          "osm:node:4613844057",
          "source:osm"
        ],
        "name": null,
        "category": "bicycle_parking",
        "geometry_status": "VERIFIED_GEOGRAPHIC",
        "tags": {
          "amenity": "bicycle_parking"
        }
      },
      "geometry": {
        "type": "Point",
        "coordinates": [
          -284.083,
          54.255
        ]
      }
    },
    {
      "type": "Feature",
      "id": "osm:node:4644156304",
      "properties": {
        "id": "osm:node:4644156304",
        "source_ids": [
          "osm:node:4644156304",
          "source:osm"
        ],
        "name": "Central Square Parking",
        "category": "parking_entrance",
        "geometry_status": "VERIFIED_GEOGRAPHIC",
        "tags": {
          "amenity": "parking_entrance",
          "name": "Central Square Parking"
        }
      },
      "geometry": {
        "type": "Point",
        "coordinates": [
          -247.399,
          145.317
        ]
      }
    },
    {
      "type": "Feature",
      "id": "osm:node:4817320824",
      "properties": {
        "id": "osm:node:4817320824",
        "source_ids": [
          "osm:node:4817320824",
          "source:osm"
        ],
        "name": null,
        "category": "bicycle_parking",
        "geometry_status": "VERIFIED_GEOGRAPHIC",
        "tags": {
          "amenity": "bicycle_parking",
          "operator": "Track 30th"
        }
      },
      "geometry": {
        "type": "Point",
        "coordinates": [
          -4.926,
          129.83
        ]
      }
    },
    {
      "type": "Feature",
      "id": "osm:node:5625968976",
      "properties": {
        "id": "osm:node:5625968976",
        "source_ids": [
          "osm:node:5625968976",
          "source:osm"
        ],
        "name": "Selfie Cafe",
        "category": "cafe",
        "geometry_status": "VERIFIED_GEOGRAPHIC",
        "tags": {
          "addr:city": "Taguig",
          "addr:housename": "Bonifacio High Street Central",
          "addr:street": "5th Avenue",
          "addr:street:corner": "30th Street",
          "amenity": "cafe",
          "name": "Selfie Cafe"
        }
      },
      "geometry": {
        "type": "Point",
        "coordinates": [
          -264.792,
          77.816
        ]
      }
    },
    {
      "type": "Feature",
      "id": "osm:node:5625968977",
      "properties": {
        "id": "osm:node:5625968977",
        "source_ids": [
          "osm:node:5625968977",
          "source:osm"
        ],
        "name": "Fireside",
        "category": "restaurant",
        "geometry_status": "VERIFIED_GEOGRAPHIC",
        "tags": {
          "addr:city": "Taguig",
          "addr:floor": "G/F",
          "addr:housename": "Central Square, Bonifacio High Street Central",
          "addr:street": "5th Avenue",
          "amenity": "restaurant",
          "name": "Fireside"
        }
      },
      "geometry": {
        "type": "Point",
        "coordinates": [
          -261.121,
          96.177
        ]
      }
    },
    {
      "type": "Feature",
      "id": "osm:node:5625968978",
      "properties": {
        "id": "osm:node:5625968978",
        "source_ids": [
          "osm:node:5625968978",
          "source:osm"
        ],
        "name": "Din Tai Fung",
        "category": "restaurant",
        "geometry_status": "VERIFIED_GEOGRAPHIC",
        "tags": {
          "addr:city": "Taguig",
          "addr:district": "Bonifacio Global City",
          "addr:floor": "LG/F",
          "addr:housename": "C1, Bonifacio High Street Central",
          "addr:street": "5th Avenue",
          "amenity": "restaurant",
          "name": "Din Tai Fung"
        }
      },
      "geometry": {
        "type": "Point",
        "coordinates": [
          -309.363,
          47.676
        ]
      }
    },
    {
      "type": "Feature",
      "id": "osm:node:5695170764",
      "properties": {
        "id": "osm:node:5695170764",
        "source_ids": [
          "osm:node:5695170764",
          "source:osm"
        ],
        "name": "Va Bene Pasta Deli",
        "category": "restaurant",
        "geometry_status": "VERIFIED_GEOGRAPHIC",
        "tags": {
          "addr:housename": "Central Square",
          "addr:street": "Bonifacio High Street",
          "amenity": "restaurant",
          "name": "Va Bene Pasta Deli"
        }
      },
      "geometry": {
        "type": "Point",
        "coordinates": [
          -275.739,
          127.399
        ]
      }
    },
    {
      "type": "Feature",
      "id": "osm:node:5727279903",
      "properties": {
        "id": "osm:node:5727279903",
        "source_ids": [
          "osm:node:5727279903",
          "source:osm"
        ],
        "name": "St. Louis",
        "category": "restaurant",
        "geometry_status": "VERIFIED_GEOGRAPHIC",
        "tags": {
          "amenity": "restaurant",
          "name": "St. Louis"
        }
      },
      "geometry": {
        "type": "Point",
        "coordinates": [
          -190.433,
          90.902
        ]
      }
    },
    {
      "type": "Feature",
      "id": "osm:node:5727279907",
      "properties": {
        "id": "osm:node:5727279907",
        "source_ids": [
          "osm:node:5727279907",
          "source:osm"
        ],
        "name": "Breitling",
        "category": "clock",
        "geometry_status": "VERIFIED_GEOGRAPHIC",
        "tags": {
          "amenity": "clock",
          "name": "Breitling"
        }
      },
      "geometry": {
        "type": "Point",
        "coordinates": [
          -176.264,
          23.519
        ]
      }
    },
    {
      "type": "Feature",
      "id": "osm:node:5727288506",
      "properties": {
        "id": "osm:node:5727288506",
        "source_ids": [
          "osm:node:5727288506",
          "source:osm"
        ],
        "name": null,
        "category": "smoking_area",
        "geometry_status": "VERIFIED_GEOGRAPHIC",
        "tags": {
          "amenity": "smoking_area"
        }
      },
      "geometry": {
        "type": "Point",
        "coordinates": [
          -166.131,
          140.803
        ]
      }
    },
    {
      "type": "Feature",
      "id": "osm:node:5727738199",
      "properties": {
        "id": "osm:node:5727738199",
        "source_ids": [
          "osm:node:5727738199",
          "source:osm"
        ],
        "name": "Alegria",
        "category": "restaurant",
        "geometry_status": "VERIFIED_GEOGRAPHIC",
        "tags": {
          "addr:city": "Taguig",
          "amenity": "restaurant",
          "name": "Alegria"
        }
      },
      "geometry": {
        "type": "Point",
        "coordinates": [
          -141.469,
          125.564
        ]
      }
    },
    {
      "type": "Feature",
      "id": "osm:node:5727776596",
      "properties": {
        "id": "osm:node:5727776596",
        "source_ids": [
          "osm:node:5727776596",
          "source:osm"
        ],
        "name": "Friends & Family",
        "category": "restaurant",
        "geometry_status": "VERIFIED_GEOGRAPHIC",
        "tags": {
          "amenity": "restaurant",
          "name": "Friends & Family"
        }
      },
      "geometry": {
        "type": "Point",
        "coordinates": [
          -209.196,
          95.058
        ]
      }
    },
    {
      "type": "Feature",
      "id": "osm:node:5728079094",
      "properties": {
        "id": "osm:node:5728079094",
        "source_ids": [
          "osm:node:5728079094",
          "source:osm"
        ],
        "name": null,
        "category": "tree",
        "geometry_status": "VERIFIED_GEOGRAPHIC",
        "tags": {
          "natural": "tree"
        }
      },
      "geometry": {
        "type": "Point",
        "coordinates": [
          -202.224,
          136.409
        ]
      }
    },
    {
      "type": "Feature",
      "id": "osm:node:5728079096",
      "properties": {
        "id": "osm:node:5728079096",
        "source_ids": [
          "osm:node:5728079096",
          "source:osm"
        ],
        "name": null,
        "category": "tree",
        "geometry_status": "VERIFIED_GEOGRAPHIC",
        "tags": {
          "natural": "tree"
        }
      },
      "geometry": {
        "type": "Point",
        "coordinates": [
          -200.747,
          140.258
        ]
      }
    },
    {
      "type": "Feature",
      "id": "osm:node:5728079097",
      "properties": {
        "id": "osm:node:5728079097",
        "source_ids": [
          "osm:node:5728079097",
          "source:osm"
        ],
        "name": null,
        "category": "tree",
        "geometry_status": "VERIFIED_GEOGRAPHIC",
        "tags": {
          "natural": "tree"
        }
      },
      "geometry": {
        "type": "Point",
        "coordinates": [
          -164.483,
          133.053
        ]
      }
    },
    {
      "type": "Feature",
      "id": "osm:node:5728079098",
      "properties": {
        "id": "osm:node:5728079098",
        "source_ids": [
          "osm:node:5728079098",
          "source:osm"
        ],
        "name": null,
        "category": "tree",
        "geometry_status": "VERIFIED_GEOGRAPHIC",
        "tags": {
          "natural": "tree"
        }
      },
      "geometry": {
        "type": "Point",
        "coordinates": [
          -199.161,
          144.14
        ]
      }
    },
    {
      "type": "Feature",
      "id": "osm:node:5728079099",
      "properties": {
        "id": "osm:node:5728079099",
        "source_ids": [
          "osm:node:5728079099",
          "source:osm"
        ],
        "name": null,
        "category": "tree",
        "geometry_status": "VERIFIED_GEOGRAPHIC",
        "tags": {
          "natural": "tree"
        }
      },
      "geometry": {
        "type": "Point",
        "coordinates": [
          -167.143,
          125.806
        ]
      }
    },
    {
      "type": "Feature",
      "id": "osm:node:5728079100",
      "properties": {
        "id": "osm:node:5728079100",
        "source_ids": [
          "osm:node:5728079100",
          "source:osm"
        ],
        "name": null,
        "category": "tree",
        "geometry_status": "VERIFIED_GEOGRAPHIC",
        "tags": {
          "natural": "tree"
        }
      },
      "geometry": {
        "type": "Point",
        "coordinates": [
          -197.788,
          148.411
        ]
      }
    },
    {
      "type": "Feature",
      "id": "osm:node:5728079101",
      "properties": {
        "id": "osm:node:5728079101",
        "source_ids": [
          "osm:node:5728079101",
          "source:osm"
        ],
        "name": null,
        "category": "tree",
        "geometry_status": "VERIFIED_GEOGRAPHIC",
        "tags": {
          "natural": "tree"
        }
      },
      "geometry": {
        "type": "Point",
        "coordinates": [
          -169.659,
          119.01
        ]
      }
    },
    {
      "type": "Feature",
      "id": "osm:node:5728079102",
      "properties": {
        "id": "osm:node:5728079102",
        "source_ids": [
          "osm:node:5728079102",
          "source:osm"
        ],
        "name": null,
        "category": "tree",
        "geometry_status": "VERIFIED_GEOGRAPHIC",
        "tags": {
          "natural": "tree"
        }
      },
      "geometry": {
        "type": "Point",
        "coordinates": [
          -195.074,
          155.769
        ]
      }
    },
    {
      "type": "Feature",
      "id": "osm:node:5728079114",
      "properties": {
        "id": "osm:node:5728079114",
        "source_ids": [
          "osm:node:5728079114",
          "source:osm"
        ],
        "name": null,
        "category": "tree",
        "geometry_status": "VERIFIED_GEOGRAPHIC",
        "tags": {
          "natural": "tree"
        }
      },
      "geometry": {
        "type": "Point",
        "coordinates": [
          -252.553,
          162.691
        ]
      }
    },
    {
      "type": "Feature",
      "id": "osm:node:5728079116",
      "properties": {
        "id": "osm:node:5728079116",
        "source_ids": [
          "osm:node:5728079116",
          "source:osm"
        ],
        "name": null,
        "category": "tree",
        "geometry_status": "VERIFIED_GEOGRAPHIC",
        "tags": {
          "natural": "tree"
        }
      },
      "geometry": {
        "type": "Point",
        "coordinates": [
          -204.416,
          128.426
        ]
      }
    },
    {
      "type": "Feature",
      "id": "osm:node:5728079118",
      "properties": {
        "id": "osm:node:5728079118",
        "source_ids": [
          "osm:node:5728079118",
          "source:osm"
        ],
        "name": null,
        "category": "tree",
        "geometry_status": "VERIFIED_GEOGRAPHIC",
        "tags": {
          "natural": "tree"
        }
      },
      "geometry": {
        "type": "Point",
        "coordinates": [
          -203.629,
          132.271
        ]
      }
    },
    {
      "type": "Feature",
      "id": "osm:node:5728168776",
      "properties": {
        "id": "osm:node:5728168776",
        "source_ids": [
          "osm:node:5728168776",
          "source:osm"
        ],
        "name": "Bench Cafe",
        "category": "cafe",
        "geometry_status": "VERIFIED_GEOGRAPHIC",
        "tags": {
          "amenity": "cafe",
          "name": "Bench Cafe"
        }
      },
      "geometry": {
        "type": "Point",
        "coordinates": [
          43.737,
          -68.654
        ]
      }
    },
    {
      "type": "Feature",
      "id": "osm:node:5728168791",
      "properties": {
        "id": "osm:node:5728168791",
        "source_ids": [
          "osm:node:5728168791",
          "source:osm"
        ],
        "name": "Central Ground Athletics",
        "category": "fitness_centre",
        "geometry_status": "VERIFIED_GEOGRAPHIC",
        "tags": {
          "leisure": "fitness_centre",
          "name": "Central Ground Athletics"
        }
      },
      "geometry": {
        "type": "Point",
        "coordinates": [
          -95.615,
          -63.523
        ]
      }
    },
    {
      "type": "Feature",
      "id": "osm:node:5728168794",
      "properties": {
        "id": "osm:node:5728168794",
        "source_ids": [
          "osm:node:5728168794",
          "source:osm"
        ],
        "name": "BPI",
        "category": "atm",
        "geometry_status": "VERIFIED_GEOGRAPHIC",
        "tags": {
          "amenity": "atm",
          "name": "BPI",
          "operator": "BPI"
        }
      },
      "geometry": {
        "type": "Point",
        "coordinates": [
          -64.603,
          -74.733
        ]
      }
    },
    {
      "type": "Feature",
      "id": "osm:node:5728168797",
      "properties": {
        "id": "osm:node:5728168797",
        "source_ids": [
          "osm:node:5728168797",
          "source:osm"
        ],
        "name": null,
        "category": "parking_entrance",
        "geometry_status": "VERIFIED_GEOGRAPHIC",
        "tags": {
          "amenity": "parking_entrance"
        }
      },
      "geometry": {
        "type": "Point",
        "coordinates": [
          -18.937,
          -82.98
        ]
      }
    },
    {
      "type": "Feature",
      "id": "osm:node:6168132070",
      "properties": {
        "id": "osm:node:6168132070",
        "source_ids": [
          "osm:node:6168132070",
          "source:osm"
        ],
        "name": null,
        "category": "bicycle_parking",
        "geometry_status": "VERIFIED_GEOGRAPHIC",
        "tags": {
          "amenity": "bicycle_parking",
          "operator": "Bonifacio Global City"
        }
      },
      "geometry": {
        "type": "Point",
        "coordinates": [
          46.054,
          -47.271
        ]
      }
    },
    {
      "type": "Feature",
      "id": "osm:node:6261093851",
      "properties": {
        "id": "osm:node:6261093851",
        "source_ids": [
          "osm:node:6261093851",
          "source:osm"
        ],
        "name": "Fowlbread",
        "category": "restaurant",
        "geometry_status": "VERIFIED_GEOGRAPHIC",
        "tags": {
          "addr:city": "Taguig",
          "addr:district": "Bonifacio Global City",
          "addr:housename": "B:3, Bonifacio High Street",
          "addr:postcode": "1635",
          "addr:street": "9th Avenue",
          "amenity": "restaurant",
          "name": "Fowlbread"
        }
      },
      "geometry": {
        "type": "Point",
        "coordinates": [
          1.822,
          7.631
        ]
      }
    },
    {
      "type": "Feature",
      "id": "osm:node:6533936571",
      "properties": {
        "id": "osm:node:6533936571",
        "source_ids": [
          "osm:node:6533936571",
          "source:osm"
        ],
        "name": "Shake Shack",
        "category": "fast_food",
        "geometry_status": "VERIFIED_GEOGRAPHIC",
        "tags": {
          "addr:city": "Taguig",
          "addr:floor": "G/F",
          "addr:housename": "Central Square, Bonifacio High Street Central",
          "addr:street": "5th Avenue",
          "addr:street:corner": "30th Street",
          "amenity": "fast_food",
          "name": "Shake Shack"
        }
      },
      "geometry": {
        "type": "Point",
        "coordinates": [
          -288.163,
          105.262
        ]
      }
    },
    {
      "type": "Feature",
      "id": "osm:node:6773502458",
      "properties": {
        "id": "osm:node:6773502458",
        "source_ids": [
          "osm:node:6773502458",
          "source:osm"
        ],
        "name": null,
        "category": "kerb",
        "geometry_status": "VERIFIED_GEOGRAPHIC",
        "tags": {
          "barrier": "kerb"
        }
      },
      "geometry": {
        "type": "Point",
        "coordinates": [
          -117.156,
          160.27
        ]
      }
    },
    {
      "type": "Feature",
      "id": "osm:node:6773502460",
      "properties": {
        "id": "osm:node:6773502460",
        "source_ids": [
          "osm:node:6773502460",
          "source:osm"
        ],
        "name": null,
        "category": "kerb",
        "geometry_status": "VERIFIED_GEOGRAPHIC",
        "tags": {
          "barrier": "kerb"
        }
      },
      "geometry": {
        "type": "Point",
        "coordinates": [
          -123.756,
          141.005
        ]
      }
    },
    {
      "type": "Feature",
      "id": "osm:node:6773502461",
      "properties": {
        "id": "osm:node:6773502461",
        "source_ids": [
          "osm:node:6773502461",
          "source:osm"
        ],
        "name": null,
        "category": "kerb",
        "geometry_status": "VERIFIED_GEOGRAPHIC",
        "tags": {
          "barrier": "kerb"
        }
      },
      "geometry": {
        "type": "Point",
        "coordinates": [
          -105.075,
          134.88
        ]
      }
    },
    {
      "type": "Feature",
      "id": "osm:node:6773502462",
      "properties": {
        "id": "osm:node:6773502462",
        "source_ids": [
          "osm:node:6773502462",
          "source:osm"
        ],
        "name": null,
        "category": "kerb",
        "geometry_status": "VERIFIED_GEOGRAPHIC",
        "tags": {
          "barrier": "kerb"
        }
      },
      "geometry": {
        "type": "Point",
        "coordinates": [
          -98.423,
          153.869
        ]
      }
    },
    {
      "type": "Feature",
      "id": "osm:node:6773537782",
      "properties": {
        "id": "osm:node:6773537782",
        "source_ids": [
          "osm:node:6773537782",
          "source:osm"
        ],
        "name": null,
        "category": "kerb",
        "geometry_status": "VERIFIED_GEOGRAPHIC",
        "tags": {
          "barrier": "kerb"
        }
      },
      "geometry": {
        "type": "Point",
        "coordinates": [
          -302.191,
          175.234
        ]
      }
    },
    {
      "type": "Feature",
      "id": "osm:node:6780711995",
      "properties": {
        "id": "osm:node:6780711995",
        "source_ids": [
          "osm:node:6780711995",
          "source:osm"
        ],
        "name": "PNB",
        "category": "bank",
        "geometry_status": "VERIFIED_GEOGRAPHIC",
        "tags": {
          "addr:city": "Taguig",
          "addr:street": "9th Avenue",
          "amenity": "bank",
          "name": "PNB"
        }
      },
      "geometry": {
        "type": "Point",
        "coordinates": [
          93.169,
          174.662
        ]
      }
    },
    {
      "type": "Feature",
      "id": "osm:node:6968975065",
      "properties": {
        "id": "osm:node:6968975065",
        "source_ids": [
          "osm:node:6968975065",
          "source:osm"
        ],
        "name": null,
        "category": "kerb",
        "geometry_status": "VERIFIED_GEOGRAPHIC",
        "tags": {
          "barrier": "kerb"
        }
      },
      "geometry": {
        "type": "Point",
        "coordinates": [
          -14.358,
          -160.175
        ]
      }
    },
    {
      "type": "Feature",
      "id": "osm:node:6968975066",
      "properties": {
        "id": "osm:node:6968975066",
        "source_ids": [
          "osm:node:6968975066",
          "source:osm"
        ],
        "name": null,
        "category": "kerb",
        "geometry_status": "VERIFIED_GEOGRAPHIC",
        "tags": {
          "barrier": "kerb"
        }
      },
      "geometry": {
        "type": "Point",
        "coordinates": [
          5.526,
          -166.918
        ]
      }
    },
    {
      "type": "Feature",
      "id": "osm:node:6968975067",
      "properties": {
        "id": "osm:node:6968975067",
        "source_ids": [
          "osm:node:6968975067",
          "source:osm"
        ],
        "name": null,
        "category": "kerb",
        "geometry_status": "VERIFIED_GEOGRAPHIC",
        "tags": {
          "barrier": "kerb"
        }
      },
      "geometry": {
        "type": "Point",
        "coordinates": [
          12.236,
          -147.355
        ]
      }
    },
    {
      "type": "Feature",
      "id": "osm:node:6968975068",
      "properties": {
        "id": "osm:node:6968975068",
        "source_ids": [
          "osm:node:6968975068",
          "source:osm"
        ],
        "name": null,
        "category": "kerb",
        "geometry_status": "VERIFIED_GEOGRAPHIC",
        "tags": {
          "barrier": "kerb"
        }
      },
      "geometry": {
        "type": "Point",
        "coordinates": [
          -7.648,
          -140.611
        ]
      }
    },
    {
      "type": "Feature",
      "id": "osm:node:6969010973",
      "properties": {
        "id": "osm:node:6969010973",
        "source_ids": [
          "osm:node:6969010973",
          "source:osm"
        ],
        "name": null,
        "category": "kerb",
        "geometry_status": "VERIFIED_GEOGRAPHIC",
        "tags": {
          "barrier": "kerb"
        }
      },
      "geometry": {
        "type": "Point",
        "coordinates": [
          8.135,
          -93.625
        ]
      }
    },
    {
      "type": "Feature",
      "id": "osm:node:6969010974",
      "properties": {
        "id": "osm:node:6969010974",
        "source_ids": [
          "osm:node:6969010974",
          "source:osm"
        ],
        "name": null,
        "category": "kerb",
        "geometry_status": "VERIFIED_GEOGRAPHIC",
        "tags": {
          "barrier": "kerb"
        }
      },
      "geometry": {
        "type": "Point",
        "coordinates": [
          27.375,
          -100.098
        ]
      }
    },
    {
      "type": "Feature",
      "id": "osm:node:6969010975",
      "properties": {
        "id": "osm:node:6969010975",
        "source_ids": [
          "osm:node:6969010975",
          "source:osm"
        ],
        "name": null,
        "category": "kerb",
        "geometry_status": "VERIFIED_GEOGRAPHIC",
        "tags": {
          "barrier": "kerb"
        }
      },
      "geometry": {
        "type": "Point",
        "coordinates": [
          31.61,
          -87.662
        ]
      }
    },
    {
      "type": "Feature",
      "id": "osm:node:6969010976",
      "properties": {
        "id": "osm:node:6969010976",
        "source_ids": [
          "osm:node:6969010976",
          "source:osm"
        ],
        "name": null,
        "category": "kerb",
        "geometry_status": "VERIFIED_GEOGRAPHIC",
        "tags": {
          "barrier": "kerb"
        }
      },
      "geometry": {
        "type": "Point",
        "coordinates": [
          12.37,
          -81.19
        ]
      }
    },
    {
      "type": "Feature",
      "id": "osm:node:6969246853",
      "properties": {
        "id": "osm:node:6969246853",
        "source_ids": [
          "osm:node:6969246853",
          "source:osm"
        ],
        "name": null,
        "category": "kerb",
        "geometry_status": "VERIFIED_GEOGRAPHIC",
        "tags": {
          "barrier": "kerb"
        }
      },
      "geometry": {
        "type": "Point",
        "coordinates": [
          -25.356,
          108.048
        ]
      }
    },
    {
      "type": "Feature",
      "id": "osm:node:6969246854",
      "properties": {
        "id": "osm:node:6969246854",
        "source_ids": [
          "osm:node:6969246854",
          "source:osm"
        ],
        "name": null,
        "category": "kerb",
        "geometry_status": "VERIFIED_GEOGRAPHIC",
        "tags": {
          "barrier": "kerb"
        }
      },
      "geometry": {
        "type": "Point",
        "coordinates": [
          -13.531,
          104.251
        ]
      }
    },
    {
      "type": "Feature",
      "id": "osm:node:6969246855",
      "properties": {
        "id": "osm:node:6969246855",
        "source_ids": [
          "osm:node:6969246855",
          "source:osm"
        ],
        "name": null,
        "category": "kerb",
        "geometry_status": "VERIFIED_GEOGRAPHIC",
        "tags": {
          "barrier": "kerb"
        }
      },
      "geometry": {
        "type": "Point",
        "coordinates": [
          -6.912,
          124.501
        ]
      }
    },
    {
      "type": "Feature",
      "id": "osm:node:6969246856",
      "properties": {
        "id": "osm:node:6969246856",
        "source_ids": [
          "osm:node:6969246856",
          "source:osm"
        ],
        "name": null,
        "category": "kerb",
        "geometry_status": "VERIFIED_GEOGRAPHIC",
        "tags": {
          "barrier": "kerb"
        }
      },
      "geometry": {
        "type": "Point",
        "coordinates": [
          -18.658,
          128.608
        ]
      }
    },
    {
      "type": "Feature",
      "id": "osm:node:6977217398",
      "properties": {
        "id": "osm:node:6977217398",
        "source_ids": [
          "osm:node:6977217398",
          "source:osm"
        ],
        "name": null,
        "category": "kerb",
        "geometry_status": "VERIFIED_GEOGRAPHIC",
        "tags": {
          "barrier": "kerb"
        }
      },
      "geometry": {
        "type": "Point",
        "coordinates": [
          -178.466,
          -82.601
        ]
      }
    },
    {
      "type": "Feature",
      "id": "osm:node:6977217401",
      "properties": {
        "id": "osm:node:6977217401",
        "source_ids": [
          "osm:node:6977217401",
          "source:osm"
        ],
        "name": null,
        "category": "kerb",
        "geometry_status": "VERIFIED_GEOGRAPHIC",
        "tags": {
          "barrier": "kerb"
        }
      },
      "geometry": {
        "type": "Point",
        "coordinates": [
          -124.713,
          78.366
        ]
      }
    },
    {
      "type": "Feature",
      "id": "osm:node:6977217402",
      "properties": {
        "id": "osm:node:6977217402",
        "source_ids": [
          "osm:node:6977217402",
          "source:osm"
        ],
        "name": null,
        "category": "kerb",
        "geometry_status": "VERIFIED_GEOGRAPHIC",
        "tags": {
          "barrier": "kerb"
        }
      },
      "geometry": {
        "type": "Point",
        "coordinates": [
          -121.239,
          88.783
        ]
      }
    },
    {
      "type": "Feature",
      "id": "osm:node:6977324757",
      "properties": {
        "id": "osm:node:6977324757",
        "source_ids": [
          "osm:node:6977324757",
          "source:osm"
        ],
        "name": null,
        "category": "kerb",
        "geometry_status": "VERIFIED_GEOGRAPHIC",
        "tags": {
          "barrier": "kerb"
        }
      },
      "geometry": {
        "type": "Point",
        "coordinates": [
          -225.475,
          -155.813
        ]
      }
    },
    {
      "type": "Feature",
      "id": "osm:node:6977324759",
      "properties": {
        "id": "osm:node:6977324759",
        "source_ids": [
          "osm:node:6977324759",
          "source:osm"
        ],
        "name": null,
        "category": "kerb",
        "geometry_status": "VERIFIED_GEOGRAPHIC",
        "tags": {
          "barrier": "kerb"
        }
      },
      "geometry": {
        "type": "Point",
        "coordinates": [
          -204.634,
          -161.557
        ]
      }
    },
    {
      "type": "Feature",
      "id": "osm:node:6977324760",
      "properties": {
        "id": "osm:node:6977324760",
        "source_ids": [
          "osm:node:6977324760",
          "source:osm"
        ],
        "name": null,
        "category": "kerb",
        "geometry_status": "VERIFIED_GEOGRAPHIC",
        "tags": {
          "barrier": "kerb"
        }
      },
      "geometry": {
        "type": "Point",
        "coordinates": [
          -199.445,
          -145.976
        ]
      }
    },
    {
      "type": "Feature",
      "id": "osm:node:6977324762",
      "properties": {
        "id": "osm:node:6977324762",
        "source_ids": [
          "osm:node:6977324762",
          "source:osm"
        ],
        "name": null,
        "category": "kerb",
        "geometry_status": "VERIFIED_GEOGRAPHIC",
        "tags": {
          "barrier": "kerb"
        }
      },
      "geometry": {
        "type": "Point",
        "coordinates": [
          -218.748,
          -139.326
        ]
      }
    },
    {
      "type": "Feature",
      "id": "osm:node:6977324763",
      "properties": {
        "id": "osm:node:6977324763",
        "source_ids": [
          "osm:node:6977324763",
          "source:osm"
        ],
        "name": null,
        "category": "kerb",
        "geometry_status": "VERIFIED_GEOGRAPHIC",
        "tags": {
          "barrier": "kerb"
        }
      },
      "geometry": {
        "type": "Point",
        "coordinates": [
          -197.578,
          -76.384
        ]
      }
    },
    {
      "type": "Feature",
      "id": "osm:node:6978302525",
      "properties": {
        "id": "osm:node:6978302525",
        "source_ids": [
          "osm:node:6978302525",
          "source:osm"
        ],
        "name": null,
        "category": "kerb",
        "geometry_status": "VERIFIED_GEOGRAPHIC",
        "tags": {
          "barrier": "kerb"
        }
      },
      "geometry": {
        "type": "Point",
        "coordinates": [
          -203.808,
          -95.287
        ]
      }
    },
    {
      "type": "Feature",
      "id": "osm:node:6978745122",
      "properties": {
        "id": "osm:node:6978745122",
        "source_ids": [
          "osm:node:6978745122",
          "source:osm"
        ],
        "name": null,
        "category": "kerb",
        "geometry_status": "VERIFIED_GEOGRAPHIC",
        "tags": {
          "barrier": "kerb"
        }
      },
      "geometry": {
        "type": "Point",
        "coordinates": [
          -365.843,
          -14.908
        ]
      }
    },
    {
      "type": "Feature",
      "id": "osm:node:6978745123",
      "properties": {
        "id": "osm:node:6978745123",
        "source_ids": [
          "osm:node:6978745123",
          "source:osm"
        ],
        "name": null,
        "category": "kerb",
        "geometry_status": "VERIFIED_GEOGRAPHIC",
        "tags": {
          "barrier": "kerb"
        }
      },
      "geometry": {
        "type": "Point",
        "coordinates": [
          -358.582,
          5.935
        ]
      }
    },
    {
      "type": "Feature",
      "id": "osm:node:6979576238",
      "properties": {
        "id": "osm:node:6979576238",
        "source_ids": [
          "osm:node:6979576238",
          "source:osm"
        ],
        "name": "Go'Bento",
        "category": "fast_food",
        "geometry_status": "VERIFIED_GEOGRAPHIC",
        "tags": {
          "addr:city": "Taguig",
          "addr:housename": "B:8, Bonifacio High Street",
          "addr:street": "9th Avenue",
          "amenity": "fast_food",
          "name": "Go'Bento"
        }
      },
      "geometry": {
        "type": "Point",
        "coordinates": [
          23.856,
          -120.806
        ]
      }
    },
    {
      "type": "Feature",
      "id": "osm:node:6979937306",
      "properties": {
        "id": "osm:node:6979937306",
        "source_ids": [
          "osm:node:6979937306",
          "source:osm"
        ],
        "name": null,
        "category": "kerb",
        "geometry_status": "VERIFIED_GEOGRAPHIC",
        "tags": {
          "barrier": "kerb"
        }
      },
      "geometry": {
        "type": "Point",
        "coordinates": [
          -96.132,
          -132.772
        ]
      }
    },
    {
      "type": "Feature",
      "id": "osm:node:6979937307",
      "properties": {
        "id": "osm:node:6979937307",
        "source_ids": [
          "osm:node:6979937307",
          "source:osm"
        ],
        "name": null,
        "category": "kerb",
        "geometry_status": "VERIFIED_GEOGRAPHIC",
        "tags": {
          "barrier": "kerb"
        }
      },
      "geometry": {
        "type": "Point",
        "coordinates": [
          -89.43,
          -112.932
        ]
      }
    },
    {
      "type": "Feature",
      "id": "osm:node:6979937308",
      "properties": {
        "id": "osm:node:6979937308",
        "source_ids": [
          "osm:node:6979937308",
          "source:osm"
        ],
        "name": null,
        "category": "kerb",
        "geometry_status": "VERIFIED_GEOGRAPHIC",
        "tags": {
          "barrier": "kerb"
        }
      },
      "geometry": {
        "type": "Point",
        "coordinates": [
          -107.182,
          -129.07
        ]
      }
    },
    {
      "type": "Feature",
      "id": "osm:node:6979937309",
      "properties": {
        "id": "osm:node:6979937309",
        "source_ids": [
          "osm:node:6979937309",
          "source:osm"
        ],
        "name": null,
        "category": "kerb",
        "geometry_status": "VERIFIED_GEOGRAPHIC",
        "tags": {
          "barrier": "kerb"
        }
      },
      "geometry": {
        "type": "Point",
        "coordinates": [
          -100.221,
          -109.276
        ]
      }
    },
    {
      "type": "Feature",
      "id": "osm:node:6986754986",
      "properties": {
        "id": "osm:node:6986754986",
        "source_ids": [
          "osm:node:6986754986",
          "source:osm"
        ],
        "name": null,
        "category": "kerb",
        "geometry_status": "VERIFIED_GEOGRAPHIC",
        "tags": {
          "barrier": "kerb"
        }
      },
      "geometry": {
        "type": "Point",
        "coordinates": [
          -142.921,
          84.42
        ]
      }
    },
    {
      "type": "Feature",
      "id": "osm:node:6986754987",
      "properties": {
        "id": "osm:node:6986754987",
        "source_ids": [
          "osm:node:6986754987",
          "source:osm"
        ],
        "name": null,
        "category": "kerb",
        "geometry_status": "VERIFIED_GEOGRAPHIC",
        "tags": {
          "barrier": "kerb"
        }
      },
      "geometry": {
        "type": "Point",
        "coordinates": [
          -139.304,
          95.101
        ]
      }
    },
    {
      "type": "Feature",
      "id": "osm:node:6986754991",
      "properties": {
        "id": "osm:node:6986754991",
        "source_ids": [
          "osm:node:6986754991",
          "source:osm"
        ],
        "name": null,
        "category": "kerb",
        "geometry_status": "VERIFIED_GEOGRAPHIC",
        "tags": {
          "barrier": "kerb"
        }
      },
      "geometry": {
        "type": "Point",
        "coordinates": [
          -262.639,
          -67.295
        ]
      }
    },
    {
      "type": "Feature",
      "id": "osm:node:6986754992",
      "properties": {
        "id": "osm:node:6986754992",
        "source_ids": [
          "osm:node:6986754992",
          "source:osm"
        ],
        "name": null,
        "category": "kerb",
        "geometry_status": "VERIFIED_GEOGRAPHIC",
        "tags": {
          "barrier": "kerb"
        }
      },
      "geometry": {
        "type": "Point",
        "coordinates": [
          -252.854,
          -55.017
        ]
      }
    },
    {
      "type": "Feature",
      "id": "osm:node:6991332214",
      "properties": {
        "id": "osm:node:6991332214",
        "source_ids": [
          "osm:node:6991332214",
          "source:osm"
        ],
        "name": null,
        "category": "kerb",
        "geometry_status": "VERIFIED_GEOGRAPHIC",
        "tags": {
          "barrier": "kerb"
        }
      },
      "geometry": {
        "type": "Point",
        "coordinates": [
          -230.752,
          173.46
        ]
      }
    },
    {
      "type": "Feature",
      "id": "osm:node:6991332215",
      "properties": {
        "id": "osm:node:6991332215",
        "source_ids": [
          "osm:node:6991332215",
          "source:osm"
        ],
        "name": null,
        "category": "kerb",
        "geometry_status": "VERIFIED_GEOGRAPHIC",
        "tags": {
          "barrier": "kerb"
        }
      },
      "geometry": {
        "type": "Point",
        "coordinates": [
          -230.385,
          155.861
        ]
      }
    },
    {
      "type": "Feature",
      "id": "osm:node:6991332216",
      "properties": {
        "id": "osm:node:6991332216",
        "source_ids": [
          "osm:node:6991332216",
          "source:osm"
        ],
        "name": null,
        "category": "kerb",
        "geometry_status": "VERIFIED_GEOGRAPHIC",
        "tags": {
          "barrier": "kerb"
        }
      },
      "geometry": {
        "type": "Point",
        "coordinates": [
          -249.049,
          156.541
        ]
      }
    },
    {
      "type": "Feature",
      "id": "osm:node:6991332217",
      "properties": {
        "id": "osm:node:6991332217",
        "source_ids": [
          "osm:node:6991332217",
          "source:osm"
        ],
        "name": null,
        "category": "kerb",
        "geometry_status": "VERIFIED_GEOGRAPHIC",
        "tags": {
          "barrier": "kerb"
        }
      },
      "geometry": {
        "type": "Point",
        "coordinates": [
          -245.765,
          176.255
        ]
      }
    },
    {
      "type": "Feature",
      "id": "osm:node:6991332218",
      "properties": {
        "id": "osm:node:6991332218",
        "source_ids": [
          "osm:node:6991332218",
          "source:osm"
        ],
        "name": null,
        "category": "kerb",
        "geometry_status": "VERIFIED_GEOGRAPHIC",
        "tags": {
          "barrier": "kerb"
        }
      },
      "geometry": {
        "type": "Point",
        "coordinates": [
          -166.786,
          173.742
        ]
      }
    },
    {
      "type": "Feature",
      "id": "osm:node:6991332219",
      "properties": {
        "id": "osm:node:6991332219",
        "source_ids": [
          "osm:node:6991332219",
          "source:osm"
        ],
        "name": null,
        "category": "kerb",
        "geometry_status": "VERIFIED_GEOGRAPHIC",
        "tags": {
          "barrier": "kerb"
        }
      },
      "geometry": {
        "type": "Point",
        "coordinates": [
          -168.709,
          154.359
        ]
      }
    },
    {
      "type": "Feature",
      "id": "osm:node:6991332220",
      "properties": {
        "id": "osm:node:6991332220",
        "source_ids": [
          "osm:node:6991332220",
          "source:osm"
        ],
        "name": null,
        "category": "kerb",
        "geometry_status": "VERIFIED_GEOGRAPHIC",
        "tags": {
          "barrier": "kerb"
        }
      },
      "geometry": {
        "type": "Point",
        "coordinates": [
          -181.534,
          154.624
        ]
      }
    },
    {
      "type": "Feature",
      "id": "osm:node:6991332221",
      "properties": {
        "id": "osm:node:6991332221",
        "source_ids": [
          "osm:node:6991332221",
          "source:osm"
        ],
        "name": null,
        "category": "kerb",
        "geometry_status": "VERIFIED_GEOGRAPHIC",
        "tags": {
          "barrier": "kerb"
        }
      },
      "geometry": {
        "type": "Point",
        "coordinates": [
          -180.745,
          173.74
        ]
      }
    },
    {
      "type": "Feature",
      "id": "osm:node:702562349",
      "properties": {
        "id": "osm:node:702562349",
        "source_ids": [
          "osm:node:702562349",
          "source:osm"
        ],
        "name": "Figaro",
        "category": "cafe",
        "geometry_status": "VERIFIED_GEOGRAPHIC",
        "tags": {
          "addr:city": "Taguig",
          "addr:district": "Bonifacio Global City",
          "addr:housename": "B:5, Bonifacio High Street",
          "addr:street": "9th Avenue",
          "amenity": "cafe",
          "name": "Figaro"
        }
      },
      "geometry": {
        "type": "Point",
        "coordinates": [
          86.129,
          -80.293
        ]
      }
    },
    {
      "type": "Feature",
      "id": "osm:node:702562356",
      "properties": {
        "id": "osm:node:702562356",
        "source_ids": [
          "osm:node:702562356",
          "source:osm"
        ],
        "name": "Agave Mexican Cantina",
        "category": "restaurant",
        "geometry_status": "VERIFIED_GEOGRAPHIC",
        "tags": {
          "addr:city": "Taguig",
          "addr:housename": "B:3, Bonifacio High Street",
          "addr:street": "9th Avenue",
          "amenity": "restaurant",
          "name": "Agave Mexican Cantina"
        }
      },
      "geometry": {
        "type": "Point",
        "coordinates": [
          34.727,
          9.751
        ]
      }
    },
    {
      "type": "Feature",
      "id": "osm:node:702562358",
      "properties": {
        "id": "osm:node:702562358",
        "source_ids": [
          "osm:node:702562358",
          "source:osm"
        ],
        "name": "Italianni's",
        "category": "restaurant",
        "geometry_status": "VERIFIED_GEOGRAPHIC",
        "tags": {
          "addr:city": "Taguig",
          "addr:district": "Bonifacio Global City",
          "addr:housename": "B:5, Bonifacio High Street",
          "addr:street": "9th Avenue",
          "amenity": "restaurant",
          "name": "Italianni's"
        }
      },
      "geometry": {
        "type": "Point",
        "coordinates": [
          108.109,
          -87.685
        ]
      }
    },
    {
      "type": "Feature",
      "id": "osm:node:702562359",
      "properties": {
        "id": "osm:node:702562359",
        "source_ids": [
          "osm:node:702562359",
          "source:osm"
        ],
        "name": "Bo's Coffee",
        "category": "cafe",
        "geometry_status": "VERIFIED_GEOGRAPHIC",
        "tags": {
          "addr:city": "Taguig",
          "amenity": "cafe",
          "name": "Bo's Coffee"
        }
      },
      "geometry": {
        "type": "Point",
        "coordinates": [
          -100.097,
          -15.356
        ]
      }
    },
    {
      "type": "Feature",
      "id": "osm:node:702562360",
      "properties": {
        "id": "osm:node:702562360",
        "source_ids": [
          "osm:node:702562360",
          "source:osm"
        ],
        "name": "Seattle's Best Coffee",
        "category": "cafe",
        "geometry_status": "VERIFIED_GEOGRAPHIC",
        "tags": {
          "addr:city": "Taguig",
          "addr:housename": "B:3, Bonifacio High Street",
          "addr:street": "9th Avenue",
          "amenity": "cafe",
          "name": "Seattle's Best Coffee"
        }
      },
      "geometry": {
        "type": "Point",
        "coordinates": [
          16.814,
          -2.744
        ]
      }
    },
    {
      "type": "Feature",
      "id": "osm:node:702562363",
      "properties": {
        "id": "osm:node:702562363",
        "source_ids": [
          "osm:node:702562363",
          "source:osm"
        ],
        "name": "EastWest Unibank",
        "category": "bank",
        "geometry_status": "VERIFIED_GEOGRAPHIC",
        "tags": {
          "addr:city": "Taguig",
          "addr:housename": "B:3, Bonifacio High Street",
          "addr:street": "7th Avenue",
          "amenity": "bank",
          "name": "EastWest Unibank"
        }
      },
      "geometry": {
        "type": "Point",
        "coordinates": [
          -122.162,
          62.785
        ]
      }
    },
    {
      "type": "Feature",
      "id": "osm:node:702562365",
      "properties": {
        "id": "osm:node:702562365",
        "source_ids": [
          "osm:node:702562365",
          "source:osm"
        ],
        "name": "Cav",
        "category": "restaurant",
        "geometry_status": "VERIFIED_GEOGRAPHIC",
        "tags": {
          "addr:city": "Taguig",
          "addr:housename": "B:8, Bonifacio High Street",
          "addr:street": "9th Avenue",
          "amenity": "restaurant",
          "name": "Cav"
        }
      },
      "geometry": {
        "type": "Point",
        "coordinates": [
          67.287,
          -3.331
        ]
      }
    },
    {
      "type": "Feature",
      "id": "osm:node:702562366",
      "properties": {
        "id": "osm:node:702562366",
        "source_ids": [
          "osm:node:702562366",
          "source:osm"
        ],
        "name": "The Coffee Bean & Tea Leaf",
        "category": "cafe",
        "geometry_status": "VERIFIED_GEOGRAPHIC",
        "tags": {
          "addr:city": "Taguig",
          "addr:district": "Bonifacio Global City",
          "addr:housename": "B:8, Bonifacio High Street",
          "addr:street": "9th Avenue",
          "amenity": "cafe",
          "name": "The Coffee Bean & Tea Leaf",
          "short_name": "CBTL"
        }
      },
      "geometry": {
        "type": "Point",
        "coordinates": [
          77.534,
          -20.239
        ]
      }
    },
    {
      "type": "Feature",
      "id": "osm:node:7298635504",
      "properties": {
        "id": "osm:node:7298635504",
        "source_ids": [
          "osm:node:7298635504",
          "source:osm"
        ],
        "name": null,
        "category": "kerb",
        "geometry_status": "VERIFIED_GEOGRAPHIC",
        "tags": {
          "barrier": "kerb"
        }
      },
      "geometry": {
        "type": "Point",
        "coordinates": [
          -316.019,
          -31.038
        ]
      }
    },
    {
      "type": "Feature",
      "id": "osm:node:7298635508",
      "properties": {
        "id": "osm:node:7298635508",
        "source_ids": [
          "osm:node:7298635508",
          "source:osm"
        ],
        "name": null,
        "category": "kerb",
        "geometry_status": "VERIFIED_GEOGRAPHIC",
        "tags": {
          "barrier": "kerb"
        }
      },
      "geometry": {
        "type": "Point",
        "coordinates": [
          -308.095,
          -14.44
        ]
      }
    },
    {
      "type": "Feature",
      "id": "osm:node:7409795585",
      "properties": {
        "id": "osm:node:7409795585",
        "source_ids": [
          "osm:node:7409795585",
          "source:osm"
        ],
        "name": null,
        "category": "restaurant",
        "geometry_status": "VERIFIED_GEOGRAPHIC",
        "tags": {
          "amenity": "restaurant"
        }
      },
      "geometry": {
        "type": "Point",
        "coordinates": [
          35.369,
          9.093
        ]
      }
    },
    {
      "type": "Feature",
      "id": "osm:node:7409890889",
      "properties": {
        "id": "osm:node:7409890889",
        "source_ids": [
          "osm:node:7409890889",
          "source:osm"
        ],
        "name": null,
        "category": "cafe",
        "geometry_status": "VERIFIED_GEOGRAPHIC",
        "tags": {
          "amenity": "cafe"
        }
      },
      "geometry": {
        "type": "Point",
        "coordinates": [
          -191.816,
          84.296
        ]
      }
    },
    {
      "type": "Feature",
      "id": "osm:node:7798198885",
      "properties": {
        "id": "osm:node:7798198885",
        "source_ids": [
          "osm:node:7798198885",
          "source:osm"
        ],
        "name": "Mad Mark’s",
        "category": "restaurant",
        "geometry_status": "VERIFIED_GEOGRAPHIC",
        "tags": {
          "addr:housenumber": "4th Floor",
          "addr:street": "Bonifacio High Street",
          "amenity": "restaurant",
          "name": "Mad Mark’s"
        }
      },
      "geometry": {
        "type": "Point",
        "coordinates": [
          -251.279,
          102.511
        ]
      }
    },
    {
      "type": "Feature",
      "id": "osm:node:8326628617",
      "properties": {
        "id": "osm:node:8326628617",
        "source_ids": [
          "osm:node:8326628617",
          "source:osm"
        ],
        "name": "The Fat Seed",
        "category": "cafe",
        "geometry_status": "VERIFIED_GEOGRAPHIC",
        "tags": {
          "addr:housename": "One Maridien",
          "addr:housenumber": "1",
          "addr:postcode": "1634",
          "addr:street": "27th Street",
          "amenity": "cafe",
          "name": "The Fat Seed"
        }
      },
      "geometry": {
        "type": "Point",
        "coordinates": [
          -84.32,
          -206.045
        ]
      }
    },
    {
      "type": "Feature",
      "id": "osm:node:8346994518",
      "properties": {
        "id": "osm:node:8346994518",
        "source_ids": [
          "osm:node:8346994518",
          "source:osm"
        ],
        "name": null,
        "category": "atm",
        "geometry_status": "VERIFIED_GEOGRAPHIC",
        "tags": {
          "amenity": "atm",
          "operator": "Cash Deposit"
        }
      },
      "geometry": {
        "type": "Point",
        "coordinates": [
          4.059,
          -79.957
        ]
      }
    },
    {
      "type": "Feature",
      "id": "osm:node:8387835613",
      "properties": {
        "id": "osm:node:8387835613",
        "source_ids": [
          "osm:node:8387835613",
          "source:osm"
        ],
        "name": null,
        "category": "lift_gate",
        "geometry_status": "VERIFIED_GEOGRAPHIC",
        "tags": {
          "barrier": "lift_gate"
        }
      },
      "geometry": {
        "type": "Point",
        "coordinates": [
          83.985,
          -121.752
        ]
      }
    },
    {
      "type": "Feature",
      "id": "osm:node:8754925640",
      "properties": {
        "id": "osm:node:8754925640",
        "source_ids": [
          "osm:node:8754925640",
          "source:osm"
        ],
        "name": null,
        "category": "bicycle_parking",
        "geometry_status": "VERIFIED_GEOGRAPHIC",
        "tags": {
          "amenity": "bicycle_parking",
          "operator": "Bonifacio Global City"
        }
      },
      "geometry": {
        "type": "Point",
        "coordinates": [
          -277.799,
          -225.327
        ]
      }
    },
    {
      "type": "Feature",
      "id": "osm:node:8754925642",
      "properties": {
        "id": "osm:node:8754925642",
        "source_ids": [
          "osm:node:8754925642",
          "source:osm"
        ],
        "name": null,
        "category": "bicycle_parking",
        "geometry_status": "VERIFIED_GEOGRAPHIC",
        "tags": {
          "amenity": "bicycle_parking",
          "operator": "Bonifacio Global City"
        }
      },
      "geometry": {
        "type": "Point",
        "coordinates": [
          -215.202,
          -123.0
        ]
      }
    },
    {
      "type": "Feature",
      "id": "osm:node:8754925643",
      "properties": {
        "id": "osm:node:8754925643",
        "source_ids": [
          "osm:node:8754925643",
          "source:osm"
        ],
        "name": null,
        "category": "bicycle_parking",
        "geometry_status": "VERIFIED_GEOGRAPHIC",
        "tags": {
          "amenity": "bicycle_parking",
          "operator": "Bonifacio Global City"
        }
      },
      "geometry": {
        "type": "Point",
        "coordinates": [
          -213.944,
          -119.569
        ]
      }
    },
    {
      "type": "Feature",
      "id": "osm:node:9311708388",
      "properties": {
        "id": "osm:node:9311708388",
        "source_ids": [
          "osm:node:9311708388",
          "source:osm"
        ],
        "name": null,
        "category": "bench",
        "geometry_status": "VERIFIED_GEOGRAPHIC",
        "tags": {
          "amenity": "bench",
          "operator": "Allianz"
        }
      },
      "geometry": {
        "type": "Point",
        "coordinates": [
          93.532,
          -158.74
        ]
      }
    },
    {
      "type": "Feature",
      "id": "osm:node:9311708389",
      "properties": {
        "id": "osm:node:9311708389",
        "source_ids": [
          "osm:node:9311708389",
          "source:osm"
        ],
        "name": null,
        "category": "bench",
        "geometry_status": "VERIFIED_GEOGRAPHIC",
        "tags": {
          "amenity": "bench",
          "operator": "Allianz"
        }
      },
      "geometry": {
        "type": "Point",
        "coordinates": [
          95.491,
          -153.998
        ]
      }
    },
    {
      "type": "Feature",
      "id": "osm:node:9311708390",
      "properties": {
        "id": "osm:node:9311708390",
        "source_ids": [
          "osm:node:9311708390",
          "source:osm"
        ],
        "name": null,
        "category": "bench",
        "geometry_status": "VERIFIED_GEOGRAPHIC",
        "tags": {
          "amenity": "bench",
          "operator": "Allianz"
        }
      },
      "geometry": {
        "type": "Point",
        "coordinates": [
          92.028,
          -163.253
        ]
      }
    },
    {
      "type": "Feature",
      "id": "osm:node:9311708391",
      "properties": {
        "id": "osm:node:9311708391",
        "source_ids": [
          "osm:node:9311708391",
          "source:osm"
        ],
        "name": null,
        "category": "bench",
        "geometry_status": "VERIFIED_GEOGRAPHIC",
        "tags": {
          "amenity": "bench",
          "operator": "Allianz"
        }
      },
      "geometry": {
        "type": "Point",
        "coordinates": [
          90.947,
          -167.305
        ]
      }
    },
    {
      "type": "Feature",
      "id": "osm:node:9311708394",
      "properties": {
        "id": "osm:node:9311708394",
        "source_ids": [
          "osm:node:9311708394",
          "source:osm"
        ],
        "name": "Bikeyard",
        "category": "bench",
        "geometry_status": "VERIFIED_GEOGRAPHIC",
        "tags": {
          "amenity": "bench",
          "name": "Bikeyard",
          "operator": "Allianz"
        }
      },
      "geometry": {
        "type": "Point",
        "coordinates": [
          99.55,
          -154.619
        ]
      }
    },
    {
      "type": "Feature",
      "id": "osm:node:9311708395",
      "properties": {
        "id": "osm:node:9311708395",
        "source_ids": [
          "osm:node:9311708395",
          "source:osm"
        ],
        "name": null,
        "category": "bicycle_parking",
        "geometry_status": "VERIFIED_GEOGRAPHIC",
        "tags": {
          "amenity": "bicycle_parking",
          "operator": "Allianz"
        }
      },
      "geometry": {
        "type": "Point",
        "coordinates": [
          99.384,
          -155.127
        ]
      }
    },
    {
      "type": "Feature",
      "id": "osm:node:9311708404",
      "properties": {
        "id": "osm:node:9311708404",
        "source_ids": [
          "osm:node:9311708404",
          "source:osm"
        ],
        "name": null,
        "category": "bench",
        "geometry_status": "VERIFIED_GEOGRAPHIC",
        "tags": {
          "amenity": "bench",
          "operator": "Allianz"
        }
      },
      "geometry": {
        "type": "Point",
        "coordinates": [
          93.792,
          -168.746
        ]
      }
    },
    {
      "type": "Feature",
      "id": "osm:node:9311708405",
      "properties": {
        "id": "osm:node:9311708405",
        "source_ids": [
          "osm:node:9311708405",
          "source:osm"
        ],
        "name": null,
        "category": "bicycle_parking",
        "geometry_status": "VERIFIED_GEOGRAPHIC",
        "tags": {
          "amenity": "bicycle_parking",
          "operator": "Allianz"
        }
      },
      "geometry": {
        "type": "Point",
        "coordinates": [
          93.659,
          -169.099
        ]
      }
    },
    {
      "type": "Feature",
      "id": "osm:node:9311708406",
      "properties": {
        "id": "osm:node:9311708406",
        "source_ids": [
          "osm:node:9311708406",
          "source:osm"
        ],
        "name": null,
        "category": "bicycle_repair_station",
        "geometry_status": "VERIFIED_GEOGRAPHIC",
        "tags": {
          "amenity": "bicycle_repair_station",
          "operator": "Allianz"
        }
      },
      "geometry": {
        "type": "Point",
        "coordinates": [
          94.199,
          -167.743
        ]
      }
    },
    {
      "type": "Feature",
      "id": "osm:relation:13512336",
      "properties": {
        "id": "osm:relation:13512336",
        "source_ids": [
          "osm:relation:13512336",
          "source:osm"
        ],
        "name": "The Bikeyard",
        "category": "park",
        "geometry_status": "VERIFIED_GEOGRAPHIC",
        "tags": {
          "addr:street": "28th Street",
          "leisure": "park",
          "name": "The Bikeyard",
          "operator": "Allianz",
          "type": "multipolygon"
        }
      },
      "geometry": {
        "type": "Point",
        "coordinates": [
          97.05,
          -162.295
        ]
      }
    },
    {
      "type": "Feature",
      "id": "osm:way:110262539",
      "properties": {
        "id": "osm:way:110262539",
        "source_ids": [
          "osm:way:110262539",
          "source:osm"
        ],
        "name": null,
        "category": "park",
        "geometry_status": "VERIFIED_GEOGRAPHIC",
        "tags": {
          "leisure": "park"
        }
      },
      "geometry": {
        "type": "Point",
        "coordinates": [
          -32.463,
          -1.189
        ]
      }
    },
    {
      "type": "Feature",
      "id": "osm:way:1251925471",
      "properties": {
        "id": "osm:way:1251925471",
        "source_ids": [
          "osm:way:1251925471",
          "source:osm"
        ],
        "name": "M&S Food",
        "category": "cafe",
        "geometry_status": "VERIFIED_GEOGRAPHIC",
        "tags": {
          "addr:floor": "2F",
          "addr:housename": "Central Square",
          "addr:housewing": "NW",
          "addr:street": "5th Avenue",
          "addr:unit": "SF2B12",
          "alt_name": "Marks and Spencer Cafe;Marks & Spencer Cafe",
          "amenity": "cafe",
          "name": "M&S Food",
          "operator": "Rustan Marketing Specialists Inc.",
          "shop": "supermarket"
        }
      },
      "geometry": {
        "type": "Point",
        "coordinates": [
          -263.247,
          124.277
        ]
      }
    },
    {
      "type": "Feature",
      "id": "osm:way:1436109163",
      "properties": {
        "id": "osm:way:1436109163",
        "source_ids": [
          "osm:way:1436109163",
          "source:osm"
        ],
        "name": null,
        "category": "public_bookcase",
        "geometry_status": "VERIFIED_GEOGRAPHIC",
        "tags": {
          "amenity": "public_bookcase"
        }
      },
      "geometry": {
        "type": "Point",
        "coordinates": [
          -182.219,
          -142.77
        ]
      }
    },
    {
      "type": "Feature",
      "id": "osm:way:145147836",
      "properties": {
        "id": "osm:way:145147836",
        "source_ids": [
          "osm:way:145147836",
          "source:osm"
        ],
        "name": "Terra 28th",
        "category": "park",
        "geometry_status": "VERIFIED_GEOGRAPHIC",
        "tags": {
          "addr:city": "Taguig",
          "addr:street": "28th Street",
          "addr:street:corner": "7th Avenue",
          "leisure": "park",
          "name": "Terra 28th"
        }
      },
      "geometry": {
        "type": "Point",
        "coordinates": [
          -107.714,
          -155.631
        ]
      }
    },
    {
      "type": "Feature",
      "id": "osm:way:1497842920",
      "properties": {
        "id": "osm:way:1497842920",
        "source_ids": [
          "osm:way:1497842920",
          "source:osm"
        ],
        "name": "Union Square × Love, Luka",
        "category": "restaurant",
        "geometry_status": "VERIFIED_GEOGRAPHIC",
        "tags": {
          "alt_name": "Union Square Modern Greek Cafe & Beverage Co.;Love Luka Pizza & Baking Co.",
          "amenity": "restaurant",
          "name": "Union Square × Love, Luka",
          "operator": "Kindness United Hospitality Group"
        }
      },
      "geometry": {
        "type": "Point",
        "coordinates": [
          -301.055,
          115.736
        ]
      }
    },
    {
      "type": "Feature",
      "id": "osm:way:1531328142",
      "properties": {
        "id": "osm:way:1531328142",
        "source_ids": [
          "osm:way:1531328142",
          "source:osm"
        ],
        "name": null,
        "category": "bench",
        "geometry_status": "VERIFIED_GEOGRAPHIC",
        "tags": {
          "amenity": "bench"
        }
      },
      "geometry": {
        "type": "Point",
        "coordinates": [
          -317.847,
          73.307
        ]
      }
    },
    {
      "type": "Feature",
      "id": "osm:way:174398019",
      "properties": {
        "id": "osm:way:174398019",
        "source_ids": [
          "osm:way:174398019",
          "source:osm"
        ],
        "name": "Track 30th",
        "category": "park",
        "geometry_status": "VERIFIED_GEOGRAPHIC",
        "tags": {
          "addr:city": "Taguig",
          "addr:street": "30th Street",
          "leisure": "park",
          "name": "Track 30th",
          "wikidata": "Q110314879"
        }
      },
      "geometry": {
        "type": "Point",
        "coordinates": [
          -5.271,
          149.293
        ]
      }
    },
    {
      "type": "Feature",
      "id": "osm:way:178125951",
      "properties": {
        "id": "osm:way:178125951",
        "source_ids": [
          "osm:way:178125951",
          "source:osm"
        ],
        "name": "C1",
        "category": "mall",
        "geometry_status": "VERIFIED_GEOGRAPHIC",
        "tags": {
          "addr:city": "Taguig",
          "addr:housename": "Bonifacio High Street Central",
          "addr:street": "5th Avenue",
          "addr:street:corner": "28th Street",
          "building": "retail",
          "building:levels": "2",
          "height": "10.1",
          "name": "C1",
          "shop": "mall"
        }
      },
      "geometry": {
        "type": "Point",
        "coordinates": [
          -302.339,
          37.612
        ]
      }
    },
    {
      "type": "Feature",
      "id": "osm:way:178125956",
      "properties": {
        "id": "osm:way:178125956",
        "source_ids": [
          "osm:way:178125956",
          "source:osm"
        ],
        "name": null,
        "category": "kerb",
        "geometry_status": "VERIFIED_GEOGRAPHIC",
        "tags": {
          "barrier": "kerb"
        }
      },
      "geometry": {
        "type": "Point",
        "coordinates": [
          -20.379,
          -35.73
        ]
      }
    },
    {
      "type": "Feature",
      "id": "osm:way:183499092",
      "properties": {
        "id": "osm:way:183499092",
        "source_ids": [
          "osm:way:183499092",
          "source:osm"
        ],
        "name": null,
        "category": "playground",
        "geometry_status": "VERIFIED_GEOGRAPHIC",
        "tags": {
          "leisure": "playground"
        }
      },
      "geometry": {
        "type": "Point",
        "coordinates": [
          -50.127,
          -192.316
        ]
      }
    },
    {
      "type": "Feature",
      "id": "osm:way:203893562",
      "properties": {
        "id": "osm:way:203893562",
        "source_ids": [
          "osm:way:203893562",
          "source:osm"
        ],
        "name": null,
        "category": "waste_transfer_station",
        "geometry_status": "VERIFIED_GEOGRAPHIC",
        "tags": {
          "amenity": "waste_transfer_station"
        }
      },
      "geometry": {
        "type": "Point",
        "coordinates": [
          -160.861,
          144.991
        ]
      }
    },
    {
      "type": "Feature",
      "id": "osm:way:203893623",
      "properties": {
        "id": "osm:way:203893623",
        "source_ids": [
          "osm:way:203893623",
          "source:osm"
        ],
        "name": "BHS Central",
        "category": "park",
        "geometry_status": "VERIFIED_GEOGRAPHIC",
        "tags": {
          "leisure": "park",
          "name": "BHS Central"
        }
      },
      "geometry": {
        "type": "Point",
        "coordinates": [
          -221.359,
          48.306
        ]
      }
    },
    {
      "type": "Feature",
      "id": "osm:way:203893624",
      "properties": {
        "id": "osm:way:203893624",
        "source_ids": [
          "osm:way:203893624",
          "source:osm"
        ],
        "name": null,
        "category": "fountain",
        "geometry_status": "VERIFIED_GEOGRAPHIC",
        "tags": {
          "amenity": "fountain"
        }
      },
      "geometry": {
        "type": "Point",
        "coordinates": [
          -230.796,
          56.322
        ]
      }
    },
    {
      "type": "Feature",
      "id": "osm:way:203893625",
      "properties": {
        "id": "osm:way:203893625",
        "source_ids": [
          "osm:way:203893625",
          "source:osm"
        ],
        "name": "Central North",
        "category": "parking",
        "geometry_status": "VERIFIED_GEOGRAPHIC",
        "tags": {
          "amenity": "parking",
          "name": "Central North"
        }
      },
      "geometry": {
        "type": "Point",
        "coordinates": [
          -184.422,
          136.201
        ]
      }
    },
    {
      "type": "Feature",
      "id": "osm:way:203893627",
      "properties": {
        "id": "osm:way:203893627",
        "source_ids": [
          "osm:way:203893627",
          "source:osm"
        ],
        "name": "Live Street",
        "category": "community_centre",
        "geometry_status": "VERIFIED_GEOGRAPHIC",
        "tags": {
          "amenity": "community_centre",
          "building": "yes",
          "name": "Live Street"
        }
      },
      "geometry": {
        "type": "Point",
        "coordinates": [
          -217.889,
          64.218
        ]
      }
    },
    {
      "type": "Feature",
      "id": "osm:way:205968610",
      "properties": {
        "id": "osm:way:205968610",
        "source_ids": [
          "osm:way:205968610",
          "source:osm"
        ],
        "name": "Central Square",
        "category": "mall",
        "geometry_status": "VERIFIED_GEOGRAPHIC",
        "tags": {
          "addr:city": "Taguig",
          "addr:street": "30th Street",
          "addr:street:corner": "5th Avenue",
          "alt_name": "SSI NorthWest Building",
          "building": "yes",
          "building:levels": "5",
          "building:min_level": "1",
          "height": "25.9",
          "min_height": "5.2",
          "name": "Central Square",
          "operator": "SSI Group",
          "shop": "mall",
          "short_name": "C4"
        }
      },
      "geometry": {
        "type": "Point",
        "coordinates": [
          -265.167,
          136.472
        ]
      }
    },
    {
      "type": "Feature",
      "id": "osm:way:205968626",
      "properties": {
        "id": "osm:way:205968626",
        "source_ids": [
          "osm:way:205968626",
          "source:osm"
        ],
        "name": null,
        "category": "parking",
        "geometry_status": "VERIFIED_GEOGRAPHIC",
        "tags": {
          "addr:street": "28th Street",
          "amenity": "parking"
        }
      },
      "geometry": {
        "type": "Point",
        "coordinates": [
          -296.493,
          2.415
        ]
      }
    },
    {
      "type": "Feature",
      "id": "osm:way:205968628",
      "properties": {
        "id": "osm:way:205968628",
        "source_ids": [
          "osm:way:205968628",
          "source:osm"
        ],
        "name": "Central South",
        "category": "parking",
        "geometry_status": "VERIFIED_GEOGRAPHIC",
        "tags": {
          "amenity": "parking",
          "name": "Central South"
        }
      },
      "geometry": {
        "type": "Point",
        "coordinates": [
          -238.247,
          -31.078
        ]
      }
    },
    {
      "type": "Feature",
      "id": "osm:way:222122974",
      "properties": {
        "id": "osm:way:222122974",
        "source_ids": [
          "osm:way:222122974",
          "source:osm"
        ],
        "name": null,
        "category": "playground",
        "geometry_status": "VERIFIED_GEOGRAPHIC",
        "tags": {
          "leisure": "playground"
        }
      },
      "geometry": {
        "type": "Point",
        "coordinates": [
          -57.171,
          -164.269
        ]
      }
    },
    {
      "type": "Feature",
      "id": "osm:way:27442939",
      "properties": {
        "id": "osm:way:27442939",
        "source_ids": [
          "osm:way:27442939",
          "source:osm"
        ],
        "name": "Honda Cars Global City",
        "category": "car",
        "geometry_status": "VERIFIED_GEOGRAPHIC",
        "tags": {
          "addr:city": "Taguig",
          "addr:district": "Bonifacio Global City",
          "addr:housename": "932",
          "addr:province": "Metro Manila",
          "addr:street": "28th Street",
          "building": "yes",
          "name": "Honda Cars Global City",
          "shop": "car"
        }
      },
      "geometry": {
        "type": "Point",
        "coordinates": [
          45.698,
          -128.999
        ]
      }
    },
    {
      "type": "Feature",
      "id": "osm:way:324237841",
      "properties": {
        "id": "osm:way:324237841",
        "source_ids": [
          "osm:way:324237841",
          "source:osm"
        ],
        "name": null,
        "category": "garden",
        "geometry_status": "VERIFIED_GEOGRAPHIC",
        "tags": {
          "leisure": "garden"
        }
      },
      "geometry": {
        "type": "Point",
        "coordinates": [
          -298.035,
          60.865
        ]
      }
    },
    {
      "type": "Feature",
      "id": "osm:way:324237843",
      "properties": {
        "id": "osm:way:324237843",
        "source_ids": [
          "osm:way:324237843",
          "source:osm"
        ],
        "name": null,
        "category": "garden",
        "geometry_status": "VERIFIED_GEOGRAPHIC",
        "tags": {
          "leisure": "garden"
        }
      },
      "geometry": {
        "type": "Point",
        "coordinates": [
          -257.787,
          62.501
        ]
      }
    },
    {
      "type": "Feature",
      "id": "osm:way:324237846",
      "properties": {
        "id": "osm:way:324237846",
        "source_ids": [
          "osm:way:324237846",
          "source:osm"
        ],
        "name": null,
        "category": "garden",
        "geometry_status": "VERIFIED_GEOGRAPHIC",
        "tags": {
          "leisure": "garden"
        }
      },
      "geometry": {
        "type": "Point",
        "coordinates": [
          -283.003,
          59.657
        ]
      }
    },
    {
      "type": "Feature",
      "id": "osm:way:324237847",
      "properties": {
        "id": "osm:way:324237847",
        "source_ids": [
          "osm:way:324237847",
          "source:osm"
        ],
        "name": null,
        "category": "garden",
        "geometry_status": "VERIFIED_GEOGRAPHIC",
        "tags": {
          "leisure": "garden"
        }
      },
      "geometry": {
        "type": "Point",
        "coordinates": [
          -311.158,
          71.717
        ]
      }
    },
    {
      "type": "Feature",
      "id": "osm:way:324237849",
      "properties": {
        "id": "osm:way:324237849",
        "source_ids": [
          "osm:way:324237849",
          "source:osm"
        ],
        "name": null,
        "category": "garden",
        "geometry_status": "VERIFIED_GEOGRAPHIC",
        "tags": {
          "leisure": "garden"
        }
      },
      "geometry": {
        "type": "Point",
        "coordinates": [
          -297.183,
          69.832
        ]
      }
    },
    {
      "type": "Feature",
      "id": "osm:way:37236992",
      "properties": {
        "id": "osm:way:37236992",
        "source_ids": [
          "osm:way:37236992",
          "source:osm"
        ],
        "name": null,
        "category": "parking",
        "geometry_status": "VERIFIED_GEOGRAPHIC",
        "tags": {
          "amenity": "parking"
        }
      },
      "geometry": {
        "type": "Point",
        "coordinates": [
          83.437,
          -141.263
        ]
      }
    },
    {
      "type": "Feature",
      "id": "osm:way:37554027",
      "properties": {
        "id": "osm:way:37554027",
        "source_ids": [
          "osm:way:37554027",
          "source:osm"
        ],
        "name": "One Parkade",
        "category": "parking",
        "geometry_status": "VERIFIED_GEOGRAPHIC",
        "tags": {
          "addr:city": "Taguig",
          "addr:postcode": "1634",
          "addr:street": "Lane O",
          "amenity": "parking",
          "building": "yes",
          "name": "One Parkade"
        }
      },
      "geometry": {
        "type": "Point",
        "coordinates": [
          -128.556,
          -72.825
        ]
      }
    },
    {
      "type": "Feature",
      "id": "osm:way:37554033",
      "properties": {
        "id": "osm:way:37554033",
        "source_ids": [
          "osm:way:37554033",
          "source:osm"
        ],
        "name": "Two Parkade",
        "category": "parking",
        "geometry_status": "VERIFIED_GEOGRAPHIC",
        "tags": {
          "addr:city": "Taguig",
          "addr:postcode": "1634",
          "addr:street": "Lane P",
          "amenity": "parking",
          "building": "yes",
          "name": "Two Parkade"
        }
      },
      "geometry": {
        "type": "Point",
        "coordinates": [
          -71.279,
          98.094
        ]
      }
    },
    {
      "type": "Feature",
      "id": "osm:way:38715205",
      "properties": {
        "id": "osm:way:38715205",
        "source_ids": [
          "osm:way:38715205",
          "source:osm"
        ],
        "name": "Police Community Precinct - 7",
        "category": "police",
        "geometry_status": "VERIFIED_GEOGRAPHIC",
        "tags": {
          "addr:street": "7th Avenue",
          "amenity": "police",
          "building": "yes",
          "name": "Police Community Precinct - 7",
          "operator": "Taguig City Police"
        }
      },
      "geometry": {
        "type": "Point",
        "coordinates": [
          -251.63,
          -215.691
        ]
      }
    },
    {
      "type": "Feature",
      "id": "osm:way:443761696",
      "properties": {
        "id": "osm:way:443761696",
        "source_ids": [
          "osm:way:443761696",
          "source:osm"
        ],
        "name": "Uniqlo",
        "category": "clothes",
        "geometry_status": "VERIFIED_GEOGRAPHIC",
        "tags": {
          "addr:city": "Taguig",
          "addr:housenumber": "C3 Annex",
          "addr:postcode": "1634",
          "addr:province": "Metro Manila",
          "addr:street": "30th Street",
          "addr:street:corner": "7th Avenue",
          "building": "yes",
          "building:levels": "4",
          "name": "Uniqlo",
          "shop": "clothes"
        }
      },
      "geometry": {
        "type": "Point",
        "coordinates": [
          -143.486,
          126.505
        ]
      }
    },
    {
      "type": "Feature",
      "id": "osm:way:452437148",
      "properties": {
        "id": "osm:way:452437148",
        "source_ids": [
          "osm:way:452437148",
          "source:osm"
        ],
        "name": null,
        "category": "fountain",
        "geometry_status": "VERIFIED_GEOGRAPHIC",
        "tags": {
          "amenity": "fountain"
        }
      },
      "geometry": {
        "type": "Point",
        "coordinates": [
          -117.528,
          25.65
        ]
      }
    },
    {
      "type": "Feature",
      "id": "osm:way:452437265",
      "properties": {
        "id": "osm:way:452437265",
        "source_ids": [
          "osm:way:452437265",
          "source:osm"
        ],
        "name": null,
        "category": "fountain",
        "geometry_status": "VERIFIED_GEOGRAPHIC",
        "tags": {
          "amenity": "fountain"
        }
      },
      "geometry": {
        "type": "Point",
        "coordinates": [
          -124.448,
          10.62
        ]
      }
    },
    {
      "type": "Feature",
      "id": "osm:way:469845364",
      "properties": {
        "id": "osm:way:469845364",
        "source_ids": [
          "osm:way:469845364",
          "source:osm"
        ],
        "name": null,
        "category": "swimming_pool",
        "geometry_status": "VERIFIED_GEOGRAPHIC",
        "tags": {
          "leisure": "swimming_pool"
        }
      },
      "geometry": {
        "type": "Point",
        "coordinates": [
          -366.899,
          126.57
        ]
      }
    },
    {
      "type": "Feature",
      "id": "osm:way:603380324",
      "properties": {
        "id": "osm:way:603380324",
        "source_ids": [
          "osm:way:603380324",
          "source:osm"
        ],
        "name": "Bench",
        "category": "clothes",
        "geometry_status": "VERIFIED_GEOGRAPHIC",
        "tags": {
          "addr:city": "Taguig",
          "addr:district": "Bonifacio Global City",
          "addr:housename": "B:5, Bonifacio High Street",
          "addr:street": "9th Avenue",
          "building": "yes",
          "name": "Bench",
          "shop": "clothes"
        }
      },
      "geometry": {
        "type": "Point",
        "coordinates": [
          43.359,
          -78.201
        ]
      }
    },
    {
      "type": "Feature",
      "id": "osm:way:846184140",
      "properties": {
        "id": "osm:way:846184140",
        "source_ids": [
          "osm:way:846184140",
          "source:osm"
        ],
        "name": null,
        "category": "garden",
        "geometry_status": "VERIFIED_GEOGRAPHIC",
        "tags": {
          "leisure": "garden"
        }
      },
      "geometry": {
        "type": "Point",
        "coordinates": [
          -369.951,
          107.606
        ]
      }
    },
    {
      "type": "Feature",
      "id": "osm:way:846184160",
      "properties": {
        "id": "osm:way:846184160",
        "source_ids": [
          "osm:way:846184160",
          "source:osm"
        ],
        "name": null,
        "category": "outdoor_seating",
        "geometry_status": "VERIFIED_GEOGRAPHIC",
        "tags": {
          "leisure": "outdoor_seating"
        }
      },
      "geometry": {
        "type": "Point",
        "coordinates": [
          -230.207,
          36.784
        ]
      }
    },
    {
      "type": "Feature",
      "id": "osm:way:846184161",
      "properties": {
        "id": "osm:way:846184161",
        "source_ids": [
          "osm:way:846184161",
          "source:osm"
        ],
        "name": null,
        "category": "garden",
        "geometry_status": "VERIFIED_GEOGRAPHIC",
        "tags": {
          "leisure": "garden"
        }
      },
      "geometry": {
        "type": "Point",
        "coordinates": [
          -184.693,
          55.479
        ]
      }
    },
    {
      "type": "Feature",
      "id": "osm:way:846184162",
      "properties": {
        "id": "osm:way:846184162",
        "source_ids": [
          "osm:way:846184162",
          "source:osm"
        ],
        "name": null,
        "category": "outdoor_seating",
        "geometry_status": "VERIFIED_GEOGRAPHIC",
        "tags": {
          "leisure": "outdoor_seating"
        }
      },
      "geometry": {
        "type": "Point",
        "coordinates": [
          -186.555,
          35.16
        ]
      }
    },
    {
      "type": "Feature",
      "id": "osm:way:846184163",
      "properties": {
        "id": "osm:way:846184163",
        "source_ids": [
          "osm:way:846184163",
          "source:osm"
        ],
        "name": null,
        "category": "outdoor_seating",
        "geometry_status": "VERIFIED_GEOGRAPHIC",
        "tags": {
          "leisure": "outdoor_seating"
        }
      },
      "geometry": {
        "type": "Point",
        "coordinates": [
          -206.271,
          45.765
        ]
      }
    },
    {
      "type": "Feature",
      "id": "osm:way:846184165",
      "properties": {
        "id": "osm:way:846184165",
        "source_ids": [
          "osm:way:846184165",
          "source:osm"
        ],
        "name": null,
        "category": "outdoor_seating",
        "geometry_status": "VERIFIED_GEOGRAPHIC",
        "tags": {
          "leisure": "outdoor_seating"
        }
      },
      "geometry": {
        "type": "Point",
        "coordinates": [
          -199.092,
          61.539
        ]
      }
    },
    {
      "type": "Feature",
      "id": "osm:way:846184166",
      "properties": {
        "id": "osm:way:846184166",
        "source_ids": [
          "osm:way:846184166",
          "source:osm"
        ],
        "name": null,
        "category": "garden",
        "geometry_status": "VERIFIED_GEOGRAPHIC",
        "tags": {
          "leisure": "garden"
        }
      },
      "geometry": {
        "type": "Point",
        "coordinates": [
          -194.751,
          49.617
        ]
      }
    },
    {
      "type": "Feature",
      "id": "osm:way:846184167",
      "properties": {
        "id": "osm:way:846184167",
        "source_ids": [
          "osm:way:846184167",
          "source:osm"
        ],
        "name": null,
        "category": "garden",
        "geometry_status": "VERIFIED_GEOGRAPHIC",
        "tags": {
          "leisure": "garden"
        }
      },
      "geometry": {
        "type": "Point",
        "coordinates": [
          -191.61,
          10.083
        ]
      }
    }
  ]
}
