{
  "type": "FeatureCollection",
  "name": "pilot-roads",
  "schema_version": 2,
  "dataset_id": "pilot-roads",
  "source_id": "source:osm",
  "source_sha256": "09dc9d5aea72e11ad8d84d1c8d2e88132c0a5556e7a2f601824a0a7a74d4adcd",
  "source_retrieved_at": "2026-09-10T13:46:35.844894+00:00",
  "source_crs": "EPSG:4326",
  "projected_crs": "EPSG:32651",
  "local_frame": {
    "origin_wgs84": {
      "longitude": 121.050972,
      "latitude": 14.550806
    },
    "origin_projected": {
      "easting": 289998.297,
      "northing": 1609541.742
    },
    "axes": {
      "x": "east",
      "y": "north",
      "z": "up"
    },
    "units": "metres",
    "transform_library": "pyproj"
  },
  "features": [
    {
      "type": "Feature",
      "id": "osm:way:1057384165",
      "properties": {
        "id": "osm:way:1057384165",
        "source_ids": [
          "osm:way:1057384165",
          "source:osm"
        ],
        "name": "26th Street",
        "class": "secondary",
        "width_m": 9.6,
        "width_status": "ESTIMATED",
        "width_method": "lanes_x_3.2m",
        "surface_status": "ESTIMATED",
        "surface_method": "buffered_centerline",
        "centerline_length_m": 83.09,
        "centerline_local": {
          "type": "LineString",
          "coordinates": [
            [
              -297.004,
              -234.923
            ],
            [
              -376.044,
              -209.296
            ]
          ]
        },
        "tags": {
          "highway": "secondary",
          "lanes": "3",
          "name": "26th Street",
          "surface": "asphalt"
        }
      },
      "geometry": {
        "type": "Polygon",
        "coordinates": [
          [
            [
              -374.564,
              -204.73
            ],
            [
              -377.525,
              -213.862
            ],
            [
              -298.484,
              -239.489
            ],
            [
              -295.524,
              -230.357
            ],
            [
              -374.564,
              -204.73
            ]
          ]
        ]
      }
    },
    {
      "type": "Feature",
      "id": "osm:way:1210922639",
      "properties": {
        "id": "osm:way:1210922639",
        "source_ids": [
          "osm:way:1210922639",
          "source:osm"
        ],
        "name": "5th Avenue",
        "class": "secondary",
        "width_m": 9.6,
        "width_status": "ESTIMATED",
        "width_method": "lanes_x_3.2m",
        "surface_status": "ESTIMATED",
        "surface_method": "buffered_centerline",
        "centerline_length_m": 25.43,
        "centerline_local": {
          "type": "LineString",
          "coordinates": [
            [
              -365.951,
              34.118
            ],
            [
              -373.856,
              10.957
            ],
            [
              -374.166,
              10.049
            ]
          ]
        },
        "tags": {
          "highway": "secondary",
          "lanes": "3",
          "name": "5th Avenue",
          "surface": "asphalt"
        }
      },
      "geometry": {
        "type": "Polygon",
        "coordinates": [
          [
            [
              -369.623,
              8.5
            ],
            [
              -369.313,
              9.407
            ],
            [
              -361.408,
              32.567
            ],
            [
              -370.493,
              35.668
            ],
            [
              -378.399,
              12.507
            ],
            [
              -378.709,
              11.599
            ],
            [
              -369.623,
              8.5
            ]
          ]
        ]
      }
    },
    {
      "type": "Feature",
      "id": "osm:way:1212499373",
      "properties": {
        "id": "osm:way:1212499373",
        "source_ids": [
          "osm:way:1212499373",
          "source:osm"
        ],
        "name": "30th Street",
        "class": "residential",
        "width_m": 12.8,
        "width_status": "ESTIMATED",
        "width_method": "lanes_x_3.2m",
        "surface_status": "ESTIMATED",
        "surface_method": "buffered_centerline",
        "centerline_length_m": 40.38,
        "centerline_local": {
          "type": "LineString",
          "coordinates": [
            [
              116.801,
              70.487
            ],
            [
              87.922,
              80.366
            ],
            [
              78.593,
              83.544
            ]
          ]
        },
        "tags": {
          "highway": "residential",
          "lanes": "4",
          "name": "30th Street",
          "sidewalk": "separate",
          "surface": "asphalt"
        }
      },
      "geometry": {
        "type": "Polygon",
        "coordinates": [
          [
            [
              76.529,
              77.486
            ],
            [
              85.855,
              74.309
            ],
            [
              114.73,
              64.432
            ],
            [
              118.873,
              76.543
            ],
            [
              89.994,
              86.421
            ],
            [
              89.986,
              86.424
            ],
            [
              80.657,
              89.602
            ],
            [
              76.529,
              77.486
            ]
          ]
        ]
      }
    },
    {
      "type": "Feature",
      "id": "osm:way:1278955670",
      "properties": {
        "id": "osm:way:1278955670",
        "source_ids": [
          "osm:way:1278955670",
          "source:osm"
        ],
        "name": null,
        "class": "service",
        "width_m": 5.0,
        "width_status": "ESTIMATED",
        "width_method": "highway_class_default",
        "surface_status": "ESTIMATED",
        "surface_method": "buffered_centerline",
        "centerline_length_m": 5.55,
        "centerline_local": {
          "type": "LineString",
          "coordinates": [
            [
              64.881,
              -112.082
            ],
            [
              66.457,
              -106.762
            ]
          ]
        },
        "tags": {
          "highway": "service"
        }
      },
      "geometry": {
        "type": "Polygon",
        "coordinates": [
          [
            [
              68.854,
              -107.472
            ],
            [
              64.06,
              -106.052
            ],
            [
              62.484,
              -111.372
            ],
            [
              67.278,
              -112.792
            ],
            [
              68.854,
              -107.472
            ]
          ]
        ]
      }
    },
    {
      "type": "Feature",
      "id": "osm:way:1278960384",
      "properties": {
        "id": "osm:way:1278960384",
        "source_ids": [
          "osm:way:1278960384",
          "source:osm"
        ],
        "name": "9th Avenue",
        "class": "tertiary",
        "width_m": 9.6,
        "width_status": "ESTIMATED",
        "width_method": "lanes_x_3.2m",
        "surface_status": "ESTIMATED",
        "surface_method": "buffered_centerline",
        "centerline_length_m": 23.97,
        "centerline_local": {
          "type": "LineString",
          "coordinates": [
            [
              -30.204,
              -238.335
            ],
            [
              -22.4,
              -215.671
            ]
          ]
        },
        "tags": {
          "highway": "tertiary",
          "lanes": "3",
          "name": "9th Avenue",
          "sidewalk": "separate",
          "surface": "asphalt"
        }
      },
      "geometry": {
        "type": "Polygon",
        "coordinates": [
          [
            [
              -17.861,
              -217.234
            ],
            [
              -26.938,
              -214.108
            ],
            [
              -34.742,
              -236.772
            ],
            [
              -25.665,
              -239.897
            ],
            [
              -17.861,
              -217.234
            ]
          ]
        ]
      }
    },
    {
      "type": "Feature",
      "id": "osm:way:1279325522",
      "properties": {
        "id": "osm:way:1279325522",
        "source_ids": [
          "osm:way:1279325522",
          "source:osm"
        ],
        "name": null,
        "class": "service",
        "width_m": 5.0,
        "width_status": "ESTIMATED",
        "width_method": "highway_class_default",
        "surface_status": "ESTIMATED",
        "surface_method": "buffered_centerline",
        "centerline_length_m": 12.25,
        "centerline_local": {
          "type": "LineString",
          "coordinates": [
            [
              -315.865,
              15.927
            ],
            [
              -319.716,
              4.296
            ]
          ]
        },
        "tags": {
          "highway": "service"
        }
      },
      "geometry": {
        "type": "Polygon",
        "coordinates": [
          [
            [
              -322.089,
              5.082
            ],
            [
              -317.342,
              3.51
            ],
            [
              -313.492,
              15.141
            ],
            [
              -318.238,
              16.713
            ],
            [
              -322.089,
              5.082
            ]
          ]
        ]
      }
    },
    {
      "type": "Feature",
      "id": "osm:way:1337669118",
      "properties": {
        "id": "osm:way:1337669118",
        "source_ids": [
          "osm:way:1337669118",
          "source:osm"
        ],
        "name": "26th Street",
        "class": "secondary",
        "width_m": 9.6,
        "width_status": "ESTIMATED",
        "width_method": "lanes_x_3.2m",
        "surface_status": "ESTIMATED",
        "surface_method": "buffered_centerline",
        "centerline_length_m": 53.63,
        "centerline_local": {
          "type": "LineString",
          "coordinates": [
            [
              -376.131,
              -219.352
            ],
            [
              -330.326,
              -234.107
            ],
            [
              -325.09,
              -235.812
            ]
          ]
        },
        "tags": {
          "highway": "secondary",
          "lanes": "3",
          "name": "26th Street",
          "surface": "asphalt"
        }
      },
      "geometry": {
        "type": "Polygon",
        "coordinates": [
          [
            [
              -328.841,
              -229.543
            ],
            [
              -328.855,
              -229.538
            ],
            [
              -374.659,
              -214.783
            ],
            [
              -377.602,
              -223.921
            ],
            [
              -331.805,
              -238.673
            ],
            [
              -326.576,
              -240.376
            ],
            [
              -323.604,
              -231.247
            ],
            [
              -328.841,
              -229.543
            ]
          ]
        ]
      }
    },
    {
      "type": "Feature",
      "id": "osm:way:1427021041",
      "properties": {
        "id": "osm:way:1427021041",
        "source_ids": [
          "osm:way:1427021041",
          "source:osm"
        ],
        "name": null,
        "class": "service",
        "width_m": 5.0,
        "width_status": "ESTIMATED",
        "width_method": "highway_class_default",
        "surface_status": "ESTIMATED",
        "surface_method": "buffered_centerline",
        "centerline_length_m": 10.94,
        "centerline_local": {
          "type": "LineString",
          "coordinates": [
            [
              -234.767,
              -216.311
            ],
            [
              -224.339,
              -219.609
            ]
          ]
        },
        "tags": {
          "highway": "service"
        }
      },
      "geometry": {
        "type": "Polygon",
        "coordinates": [
          [
            [
              -225.093,
              -221.993
            ],
            [
              -223.585,
              -217.226
            ],
            [
              -234.013,
              -213.927
            ],
            [
              -235.521,
              -218.695
            ],
            [
              -225.093,
              -221.993
            ]
          ]
        ]
      }
    },
    {
      "type": "Feature",
      "id": "osm:way:1554497168",
      "properties": {
        "id": "osm:way:1554497168",
        "source_ids": [
          "osm:way:1554497168",
          "source:osm"
        ],
        "name": "30th Street",
        "class": "residential",
        "width_m": 12.8,
        "width_status": "ESTIMATED",
        "width_method": "lanes_x_3.2m",
        "surface_status": "ESTIMATED",
        "surface_method": "buffered_centerline",
        "centerline_length_m": 9.6,
        "centerline_local": {
          "type": "LineString",
          "coordinates": [
            [
              -273.342,
              175.783
            ],
            [
              -282.453,
              178.816
            ]
          ]
        },
        "tags": {
          "highway": "residential",
          "lanes": "4",
          "name": "30th Street",
          "sidewalk": "separate",
          "surface": "asphalt"
        }
      },
      "geometry": {
        "type": "Polygon",
        "coordinates": [
          [
            [
              -280.432,
              184.889
            ],
            [
              -284.474,
              172.744
            ],
            [
              -275.363,
              169.711
            ],
            [
              -271.32,
              181.856
            ],
            [
              -280.432,
              184.889
            ]
          ]
        ]
      }
    },
    {
      "type": "Feature",
      "id": "osm:way:203893580",
      "properties": {
        "id": "osm:way:203893580",
        "source_ids": [
          "osm:way:203893580",
          "source:osm"
        ],
        "name": null,
        "class": "service",
        "width_m": 5.0,
        "width_status": "ESTIMATED",
        "width_method": "highway_class_default",
        "surface_status": "ESTIMATED",
        "surface_method": "buffered_centerline",
        "centerline_length_m": 7.65,
        "centerline_local": {
          "type": "LineString",
          "coordinates": [
            [
              109.89,
              111.861
            ],
            [
              117.134,
              109.391
            ]
          ]
        },
        "tags": {
          "highway": "service",
          "surface": "paving_stones"
        }
      },
      "geometry": {
        "type": "Polygon",
        "coordinates": [
          [
            [
              116.327,
              107.025
            ],
            [
              117.94,
              111.758
            ],
            [
              110.696,
              114.227
            ],
            [
              109.083,
              109.495
            ],
            [
              116.327,
              107.025
            ]
          ]
        ]
      }
    },
    {
      "type": "Feature",
      "id": "osm:way:203893610",
      "properties": {
        "id": "osm:way:203893610",
        "source_ids": [
          "osm:way:203893610",
          "source:osm"
        ],
        "name": null,
        "class": "service",
        "width_m": 5.0,
        "width_status": "ESTIMATED",
        "width_method": "highway_class_default",
        "surface_status": "ESTIMATED",
        "surface_method": "buffered_centerline",
        "centerline_length_m": 47.33,
        "centerline_local": {
          "type": "LineString",
          "coordinates": [
            [
              -87.23,
              71.195
            ],
            [
              -88.535,
              66.038
            ],
            [
              -89.243,
              62.735
            ],
            [
              -87.295,
              58.624
            ],
            [
              -84.564,
              55.27
            ],
            [
              -70.299,
              50.677
            ],
            [
              -68.787,
              51.073
            ],
            [
              -67.368,
              51.88
            ],
            [
              -64.321,
              57.786
            ],
            [
              -62.181,
              62.227
            ]
          ]
        },
        "tags": {
          "highway": "service"
        }
      },
      "geometry": {
        "type": "Polygon",
        "coordinates": [
          [
            [
              -86.621,
              63.04
            ],
            [
              -86.101,
              65.469
            ],
            [
              -84.807,
              70.582
            ],
            [
              -89.654,
              71.808
            ],
            [
              -90.959,
              66.652
            ],
            [
              -90.98,
              66.562
            ],
            [
              -91.687,
              63.259
            ],
            [
              -91.726,
              63.029
            ],
            [
              -91.742,
              62.796
            ],
            [
              -91.737,
              62.563
            ],
            [
              -91.71,
              62.331
            ],
            [
              -91.661,
              62.103
            ],
            [
              -91.592,
              61.88
            ],
            [
              -91.502,
              61.665
            ],
            [
              -89.554,
              57.554
            ],
            [
              -89.409,
              57.29
            ],
            [
              -89.233,
              57.046
            ],
            [
              -86.503,
              53.691
            ],
            [
              -86.342,
              53.513
            ],
            [
              -86.166,
              53.35
            ],
            [
              -85.974,
              53.206
            ],
            [
              -85.77,
              53.08
            ],
            [
              -85.555,
              52.974
            ],
            [
              -85.33,
              52.89
            ],
            [
              -71.065,
              48.297
            ],
            [
              -70.837,
              48.235
            ],
            [
              -70.604,
              48.196
            ],
            [
              -70.368,
              48.178
            ],
            [
              -70.132,
              48.182
            ],
            [
              -69.897,
              48.209
            ],
            [
              -69.665,
              48.259
            ],
            [
              -68.153,
              48.655
            ],
            [
              -67.945,
              48.719
            ],
            [
              -67.744,
              48.801
            ],
            [
              -67.551,
              48.9
            ],
            [
              -66.132,
              49.707
            ],
            [
              -65.929,
              49.836
            ],
            [
              -65.739,
              49.983
            ],
            [
              -65.565,
              50.149
            ],
            [
              -65.406,
              50.33
            ],
            [
              -65.267,
              50.526
            ],
            [
              -65.146,
              50.734
            ],
            [
              -62.099,
              56.639
            ],
            [
              -62.069,
              56.701
            ],
            [
              -59.929,
              61.142
            ],
            [
              -64.433,
              63.312
            ],
            [
              -66.558,
              58.902
            ],
            [
              -69.249,
              53.686
            ],
            [
              -69.738,
              53.409
            ],
            [
              -70.228,
              53.28
            ],
            [
              -83.093,
              57.422
            ],
            [
              -85.165,
              59.968
            ],
            [
              -86.621,
              63.04
            ]
          ]
        ]
      }
    },
    {
      "type": "Feature",
      "id": "osm:way:203893612",
      "properties": {
        "id": "osm:way:203893612",
        "source_ids": [
          "osm:way:203893612",
          "source:osm"
        ],
        "name": null,
        "class": "service",
        "width_m": 5.0,
        "width_status": "ESTIMATED",
        "width_method": "highway_class_default",
        "surface_status": "ESTIMATED",
        "surface_method": "buffered_centerline",
        "centerline_length_m": 91.84,
        "centerline_local": {
          "type": "LineString",
          "coordinates": [
            [
              82.582,
              -125.779
            ],
            [
              72.679,
              -155.718
            ],
            [
              72.741,
              -155.973
            ],
            [
              72.911,
              -156.251
            ],
            [
              73.201,
              -156.463
            ],
            [
              84.992,
              -160.404
            ],
            [
              85.391,
              -160.397
            ],
            [
              85.639,
              -160.31
            ],
            [
              85.878,
              -160.168
            ],
            [
              95.984,
              -130.386
            ],
            [
              95.976,
              -130.054
            ],
            [
              95.871,
              -129.755
            ],
            [
              95.603,
              -129.564
            ],
            [
              82.582,
              -125.779
            ]
          ]
        },
        "tags": {
          "highway": "service"
        }
      },
      "geometry": {
        "type": "Polygon",
        "coordinates": [
          [
            [
              96.301,
              -127.164
            ],
            [
              83.28,
              -123.378
            ],
            [
              83.047,
              -123.323
            ],
            [
              82.809,
              -123.289
            ],
            [
              82.57,
              -123.279
            ],
            [
              82.331,
              -123.292
            ],
            [
              82.094,
              -123.327
            ],
            [
              81.861,
              -123.385
            ],
            [
              81.635,
              -123.465
            ],
            [
              81.418,
              -123.566
            ],
            [
              81.212,
              -123.688
            ],
            [
              81.018,
              -123.829
            ],
            [
              80.838,
              -123.987
            ],
            [
              80.675,
              -124.163
            ],
            [
              80.529,
              -124.353
            ],
            [
              80.402,
              -124.556
            ],
            [
              80.294,
              -124.77
            ],
            [
              80.208,
              -124.994
            ],
            [
              70.305,
              -154.932
            ],
            [
              70.242,
              -155.157
            ],
            [
              70.201,
              -155.386
            ],
            [
              70.181,
              -155.619
            ],
            [
              70.182,
              -155.852
            ],
            [
              70.206,
              -156.084
            ],
            [
              70.251,
              -156.313
            ],
            [
              70.313,
              -156.568
            ],
            [
              70.387,
              -156.814
            ],
            [
              70.486,
              -157.051
            ],
            [
              70.608,
              -157.277
            ],
            [
              70.779,
              -157.555
            ],
            [
              70.915,
              -157.755
            ],
            [
              71.07,
              -157.942
            ],
            [
              71.242,
              -158.112
            ],
            [
              71.43,
              -158.265
            ],
            [
              71.719,
              -158.477
            ],
            [
              71.936,
              -158.62
            ],
            [
              72.166,
              -158.74
            ],
            [
              72.408,
              -158.835
            ],
            [
              84.199,
              -162.775
            ],
            [
              84.474,
              -162.85
            ],
            [
              84.755,
              -162.893
            ],
            [
              85.04,
              -162.904
            ],
            [
              85.438,
              -162.896
            ],
            [
              85.7,
              -162.877
            ],
            [
              85.959,
              -162.831
            ],
            [
              86.211,
              -162.758
            ],
            [
              86.46,
              -162.672
            ],
            [
              86.694,
              -162.577
            ],
            [
              86.918,
              -162.459
            ],
            [
              87.156,
              -162.317
            ],
            [
              87.366,
              -162.177
            ],
            [
              87.561,
              -162.017
            ],
            [
              87.739,
              -161.838
            ],
            [
              87.897,
              -161.641
            ],
            [
              88.036,
              -161.43
            ],
            [
              88.152,
              -161.206
            ],
            [
              88.245,
              -160.972
            ],
            [
              98.352,
              -131.19
            ],
            [
              98.413,
              -130.979
            ],
            [
              98.456,
              -130.764
            ],
            [
              98.479,
              -130.546
            ],
            [
              98.483,
              -130.327
            ],
            [
              98.476,
              -129.995
            ],
            [
              98.456,
              -129.734
            ],
            [
              98.409,
              -129.477
            ],
            [
              98.335,
              -129.226
            ],
            [
              98.23,
              -128.926
            ],
            [
              98.133,
              -128.689
            ],
            [
              98.012,
              -128.464
            ],
            [
              97.868,
              -128.251
            ],
            [
              97.704,
              -128.055
            ],
            [
              97.52,
              -127.876
            ],
            [
              97.32,
              -127.717
            ],
            [
              97.052,
              -127.527
            ],
            [
              96.816,
              -127.378
            ],
            [
              96.564,
              -127.256
            ],
            [
              96.301,
              -127.164
            ]
          ],
          [
            [
              84.148,
              -157.486
            ],
            [
              75.665,
              -154.651
            ],
            [
              84.199,
              -128.852
            ],
            [
              92.997,
              -131.41
            ],
            [
              84.148,
              -157.486
            ]
          ]
        ]
      }
    },
    {
      "type": "Feature",
      "id": "osm:way:203893613",
      "properties": {
        "id": "osm:way:203893613",
        "source_ids": [
          "osm:way:203893613",
          "source:osm"
        ],
        "name": null,
        "class": "service",
        "width_m": 5.0,
        "width_status": "ESTIMATED",
        "width_method": "highway_class_default",
        "surface_status": "ESTIMATED",
        "surface_method": "buffered_centerline",
        "centerline_length_m": 82.26,
        "centerline_local": {
          "type": "LineString",
          "coordinates": [
            [
              -195.671,
              122.453
            ],
            [
              -181.226,
              117.527
            ],
            [
              -172.83,
              141.447
            ],
            [
              -172.903,
              141.647
            ],
            [
              -173.01,
              141.836
            ],
            [
              -173.245,
              142.048
            ],
            [
              -186.426,
              147.251
            ],
            [
              -186.913,
              147.101
            ],
            [
              -187.238,
              146.838
            ],
            [
              -195.671,
              122.453
            ]
          ]
        },
        "tags": {
          "highway": "service"
        }
      },
      "geometry": {
        "type": "Polygon",
        "coordinates": [
          [
            [
              -189.601,
              147.655
            ],
            [
              -198.034,
              123.27
            ],
            [
              -198.103,
              123.034
            ],
            [
              -198.148,
              122.792
            ],
            [
              -198.17,
              122.547
            ],
            [
              -198.167,
              122.301
            ],
            [
              -198.14,
              122.057
            ],
            [
              -198.089,
              121.816
            ],
            [
              -198.014,
              121.581
            ],
            [
              -197.917,
              121.355
            ],
            [
              -197.799,
              121.14
            ],
            [
              -197.659,
              120.937
            ],
            [
              -197.501,
              120.749
            ],
            [
              -197.324,
              120.578
            ],
            [
              -197.132,
              120.424
            ],
            [
              -196.926,
              120.291
            ],
            [
              -196.707,
              120.178
            ],
            [
              -196.478,
              120.087
            ],
            [
              -182.033,
              115.16
            ],
            [
              -181.799,
              115.093
            ],
            [
              -181.559,
              115.049
            ],
            [
              -181.316,
              115.028
            ],
            [
              -181.072,
              115.031
            ],
            [
              -180.83,
              115.058
            ],
            [
              -180.591,
              115.109
            ],
            [
              -180.358,
              115.182
            ],
            [
              -180.134,
              115.278
            ],
            [
              -179.92,
              115.395
            ],
            [
              -179.718,
              115.533
            ],
            [
              -179.531,
              115.689
            ],
            [
              -179.36,
              115.863
            ],
            [
              -179.207,
              116.053
            ],
            [
              -179.073,
              116.257
            ],
            [
              -178.959,
              116.473
            ],
            [
              -178.868,
              116.699
            ],
            [
              -170.471,
              140.619
            ],
            [
              -170.401,
              140.855
            ],
            [
              -170.354,
              141.098
            ],
            [
              -170.332,
              141.343
            ],
            [
              -170.334,
              141.59
            ],
            [
              -170.36,
              141.835
            ],
            [
              -170.41,
              142.077
            ],
            [
              -170.484,
              142.312
            ],
            [
              -170.558,
              142.512
            ],
            [
              -170.634,
              142.695
            ],
            [
              -170.724,
              142.871
            ],
            [
              -170.83,
              143.06
            ],
            [
              -170.975,
              143.289
            ],
            [
              -171.144,
              143.5
            ],
            [
              -171.335,
              143.692
            ],
            [
              -171.57,
              143.904
            ],
            [
              -171.743,
              144.047
            ],
            [
              -171.928,
              144.173
            ],
            [
              -172.123,
              144.282
            ],
            [
              -172.327,
              144.373
            ],
            [
              -185.508,
              149.577
            ],
            [
              -185.737,
              149.655
            ],
            [
              -185.972,
              149.71
            ],
            [
              -186.211,
              149.742
            ],
            [
              -186.453,
              149.751
            ],
            [
              -186.694,
              149.737
            ],
            [
              -186.933,
              149.7
            ],
            [
              -187.166,
              149.639
            ],
            [
              -187.653,
              149.489
            ],
            [
              -187.875,
              149.408
            ],
            [
              -188.089,
              149.307
            ],
            [
              -188.292,
              149.186
            ],
            [
              -188.483,
              149.046
            ],
            [
              -188.808,
              148.783
            ],
            [
              -188.982,
              148.629
            ],
            [
              -189.141,
              148.459
            ],
            [
              -189.284,
              148.275
            ],
            [
              -189.409,
              148.078
            ],
            [
              -189.515,
              147.871
            ],
            [
              -189.601,
              147.655
            ]
          ],
          [
            [
              -182.765,
              120.693
            ],
            [
              -192.488,
              124.009
            ],
            [
              -185.505,
              144.2
            ],
            [
              -175.851,
              140.389
            ],
            [
              -182.765,
              120.693
            ]
          ]
        ]
      }
    },
    {
      "type": "Feature",
      "id": "osm:way:205899872",
      "properties": {
        "id": "osm:way:205899872",
        "source_ids": [
          "osm:way:205899872",
          "source:osm"
        ],
        "name": null,
        "class": "service",
        "width_m": 5.0,
        "width_status": "ESTIMATED",
        "width_method": "highway_class_default",
        "surface_status": "ESTIMATED",
        "surface_method": "buffered_centerline",
        "centerline_length_m": 22.56,
        "centerline_local": {
          "type": "LineString",
          "coordinates": [
            [
              -319.716,
              4.296
            ],
            [
              -324.213,
              -8.569
            ],
            [
              -327.163,
              -16.999
            ]
          ]
        },
        "tags": {
          "highway": "service"
        }
      },
      "geometry": {
        "type": "Polygon",
        "coordinates": [
          [
            [
              -324.804,
              -17.824
            ],
            [
              -321.853,
              -9.394
            ],
            [
              -317.356,
              3.471
            ],
            [
              -322.076,
              5.121
            ],
            [
              -326.573,
              -7.744
            ],
            [
              -329.523,
              -16.173
            ],
            [
              -324.804,
              -17.824
            ]
          ]
        ]
      }
    },
    {
      "type": "Feature",
      "id": "osm:way:205899877",
      "properties": {
        "id": "osm:way:205899877",
        "source_ids": [
          "osm:way:205899877",
          "source:osm"
        ],
        "name": null,
        "class": "service",
        "width_m": 5.0,
        "width_status": "ESTIMATED",
        "width_method": "highway_class_default",
        "surface_status": "ESTIMATED",
        "surface_method": "buffered_centerline",
        "centerline_length_m": 59.4,
        "centerline_local": {
          "type": "LineString",
          "coordinates": [
            [
              -277.984,
              -8.91
            ],
            [
              -274.843,
              1.698
            ],
            [
              -276.192,
              5.284
            ],
            [
              -278.77,
              7.586
            ],
            [
              -313.402,
              19.115
            ],
            [
              -314.588,
              18.993
            ],
            [
              -315.134,
              18.267
            ],
            [
              -315.865,
              15.927
            ]
          ]
        },
        "tags": {
          "highway": "service"
        }
      },
      "geometry": {
        "type": "Polygon",
        "coordinates": [
          [
            [
              -313.479,
              15.181
            ],
            [
              -313.104,
              16.381
            ],
            [
              -280.05,
              5.377
            ],
            [
              -278.315,
              3.829
            ],
            [
              -277.478,
              1.604
            ],
            [
              -280.381,
              -8.2
            ],
            [
              -275.587,
              -9.619
            ],
            [
              -272.446,
              0.989
            ],
            [
              -272.39,
              1.213
            ],
            [
              -272.356,
              1.442
            ],
            [
              -272.343,
              1.673
            ],
            [
              -272.351,
              1.904
            ],
            [
              -272.381,
              2.133
            ],
            [
              -272.432,
              2.359
            ],
            [
              -272.503,
              2.579
            ],
            [
              -273.852,
              6.165
            ],
            [
              -273.948,
              6.386
            ],
            [
              -274.064,
              6.597
            ],
            [
              -274.2,
              6.796
            ],
            [
              -274.355,
              6.98
            ],
            [
              -274.527,
              7.149
            ],
            [
              -277.105,
              9.451
            ],
            [
              -277.303,
              9.611
            ],
            [
              -277.517,
              9.749
            ],
            [
              -277.743,
              9.866
            ],
            [
              -277.98,
              9.958
            ],
            [
              -312.612,
              21.487
            ],
            [
              -312.868,
              21.558
            ],
            [
              -313.129,
              21.6
            ],
            [
              -313.394,
              21.615
            ],
            [
              -313.659,
              21.602
            ],
            [
              -314.845,
              21.479
            ],
            [
              -315.1,
              21.44
            ],
            [
              -315.348,
              21.374
            ],
            [
              -315.589,
              21.284
            ],
            [
              -315.819,
              21.169
            ],
            [
              -316.036,
              21.031
            ],
            [
              -316.238,
              20.871
            ],
            [
              -316.422,
              20.692
            ],
            [
              -316.587,
              20.494
            ],
            [
              -317.132,
              19.768
            ],
            [
              -317.29,
              19.532
            ],
            [
              -317.42,
              19.279
            ],
            [
              -317.52,
              19.013
            ],
            [
              -318.251,
              16.673
            ],
            [
              -313.479,
              15.181
            ]
          ]
        ]
      }
    },
    {
      "type": "Feature",
      "id": "osm:way:205899881",
      "properties": {
        "id": "osm:way:205899881",
        "source_ids": [
          "osm:way:205899881",
          "source:osm"
        ],
        "name": null,
        "class": "service",
        "width_m": 5.0,
        "width_status": "ESTIMATED",
        "width_method": "highway_class_default",
        "surface_status": "ESTIMATED",
        "surface_method": "buffered_centerline",
        "centerline_length_m": 57.55,
        "centerline_local": {
          "type": "LineString",
          "coordinates": [
            [
              -274.517,
              -49.664
            ],
            [
              -268.897,
              -42.818
            ],
            [
              -265.91,
              -38.926
            ],
            [
              -263.865,
              -38.102
            ],
            [
              -261.856,
              -38.861
            ],
            [
              -247.895,
              -49.925
            ],
            [
              -245.197,
              -52.04
            ],
            [
              -242.47,
              -53.402
            ],
            [
              -232.346,
              -58.137
            ],
            [
              -228.38,
              -58.259
            ]
          ]
        },
        "tags": {
          "highway": "service"
        }
      },
      "geometry": {
        "type": "Polygon",
        "coordinates": [
          [
            [
              -267.893,
              -37.404
            ],
            [
              -270.855,
              -41.263
            ],
            [
              -276.449,
              -48.078
            ],
            [
              -272.585,
              -51.25
            ],
            [
              -266.964,
              -44.404
            ],
            [
              -266.913,
              -44.34
            ],
            [
              -264.342,
              -40.989
            ],
            [
              -263.836,
              -40.785
            ],
            [
              -263.104,
              -41.062
            ],
            [
              -249.448,
              -51.884
            ],
            [
              -249.437,
              -51.893
            ],
            [
              -246.739,
              -54.007
            ],
            [
              -246.533,
              -54.152
            ],
            [
              -246.314,
              -54.276
            ],
            [
              -243.588,
              -55.638
            ],
            [
              -243.529,
              -55.667
            ],
            [
              -233.405,
              -60.401
            ],
            [
              -233.17,
              -60.497
            ],
            [
              -232.926,
              -60.568
            ],
            [
              -232.676,
              -60.615
            ],
            [
              -232.423,
              -60.635
            ],
            [
              -228.458,
              -60.758
            ],
            [
              -228.303,
              -55.76
            ],
            [
              -231.754,
              -55.654
            ],
            [
              -241.382,
              -51.151
            ],
            [
              -243.853,
              -49.916
            ],
            [
              -246.347,
              -47.961
            ],
            [
              -260.303,
              -36.901
            ],
            [
              -260.513,
              -36.752
            ],
            [
              -260.737,
              -36.625
            ],
            [
              -260.973,
              -36.522
            ],
            [
              -262.982,
              -35.763
            ],
            [
              -263.203,
              -35.691
            ],
            [
              -263.43,
              -35.64
            ],
            [
              -263.661,
              -35.61
            ],
            [
              -263.893,
              -35.602
            ],
            [
              -264.125,
              -35.616
            ],
            [
              -264.355,
              -35.65
            ],
            [
              -264.58,
              -35.706
            ],
            [
              -264.8,
              -35.783
            ],
            [
              -266.844,
              -36.607
            ],
            [
              -267.085,
              -36.719
            ],
            [
              -267.314,
              -36.857
            ],
            [
              -267.526,
              -37.018
            ],
            [
              -267.72,
              -37.201
            ],
            [
              -267.893,
              -37.404
            ]
          ]
        ]
      }
    },
    {
      "type": "Feature",
      "id": "osm:way:205899883",
      "properties": {
        "id": "osm:way:205899883",
        "source_ids": [
          "osm:way:205899883",
          "source:osm"
        ],
        "name": null,
        "class": "service",
        "width_m": 5.0,
        "width_status": "ESTIMATED",
        "width_method": "highway_class_default",
        "surface_status": "ESTIMATED",
        "surface_method": "buffered_centerline",
        "centerline_length_m": 134.54,
        "centerline_local": {
          "type": "LineString",
          "coordinates": [
            [
              -228.38,
              -58.259
            ],
            [
              -226.151,
              -55.932
            ],
            [
              -221.065,
              -32.238
            ],
            [
              -220.894,
              -31.089
            ],
            [
              -221.036,
              -30.113
            ],
            [
              -221.599,
              -29.157
            ],
            [
              -222.509,
              -28.419
            ],
            [
              -237.349,
              -21.774
            ],
            [
              -255.613,
              -15.995
            ],
            [
              -265.224,
              -12.958
            ],
            [
              -271.201,
              -11.059
            ],
            [
              -277.984,
              -8.91
            ],
            [
              -319.716,
              4.296
            ]
          ]
        },
        "tags": {
          "highway": "service"
        }
      },
      "geometry": {
        "type": "Polygon",
        "coordinates": [
          [
            [
              -223.526,
              -31.791
            ],
            [
              -228.446,
              -54.714
            ],
            [
              -230.186,
              -56.529
            ],
            [
              -226.575,
              -59.989
            ],
            [
              -224.346,
              -57.662
            ],
            [
              -224.194,
              -57.488
            ],
            [
              -224.059,
              -57.302
            ],
            [
              -223.942,
              -57.104
            ],
            [
              -223.844,
              -56.895
            ],
            [
              -223.765,
              -56.679
            ],
            [
              -223.706,
              -56.457
            ],
            [
              -218.621,
              -32.763
            ],
            [
              -218.592,
              -32.607
            ],
            [
              -218.421,
              -31.457
            ],
            [
              -218.397,
              -31.214
            ],
            [
              -218.396,
              -30.97
            ],
            [
              -218.42,
              -30.727
            ],
            [
              -218.562,
              -29.752
            ],
            [
              -218.609,
              -29.515
            ],
            [
              -218.678,
              -29.283
            ],
            [
              -218.769,
              -29.059
            ],
            [
              -218.882,
              -28.845
            ],
            [
              -219.445,
              -27.889
            ],
            [
              -219.566,
              -27.702
            ],
            [
              -219.704,
              -27.526
            ],
            [
              -219.857,
              -27.364
            ],
            [
              -220.024,
              -27.215
            ],
            [
              -220.934,
              -26.477
            ],
            [
              -221.108,
              -26.348
            ],
            [
              -221.293,
              -26.234
            ],
            [
              -221.487,
              -26.137
            ],
            [
              -236.327,
              -19.492
            ],
            [
              -236.595,
              -19.39
            ],
            [
              -254.86,
              -13.612
            ],
            [
              -264.469,
              -10.575
            ],
            [
              -270.446,
              -8.676
            ],
            [
              -277.23,
              -6.526
            ],
            [
              -318.962,
              6.679
            ],
            [
              -320.47,
              1.912
            ],
            [
              -278.739,
              -11.293
            ],
            [
              -271.957,
              -13.442
            ],
            [
              -265.981,
              -15.341
            ],
            [
              -265.977,
              -15.342
            ],
            [
              -256.367,
              -18.379
            ],
            [
              -238.24,
              -24.114
            ],
            [
              -223.83,
              -30.567
            ],
            [
              -223.525,
              -30.814
            ],
            [
              -223.439,
              -30.96
            ],
            [
              -223.421,
              -31.085
            ],
            [
              -223.526,
              -31.791
            ]
          ]
        ]
      }
    },
    {
      "type": "Feature",
      "id": "osm:way:208454139",
      "properties": {
        "id": "osm:way:208454139",
        "source_ids": [
          "osm:way:208454139",
          "source:osm"
        ],
        "name": "27th Street",
        "class": "unclassified",
        "width_m": 6.4,
        "width_status": "ESTIMATED",
        "width_method": "lanes_x_3.2m",
        "surface_status": "ESTIMATED",
        "surface_method": "buffered_centerline",
        "centerline_length_m": 200.81,
        "centerline_local": {
          "type": "LineString",
          "coordinates": [
            [
              -22.4,
              -215.671
            ],
            [
              -26.333,
              -214.32
            ],
            [
              -32.352,
              -212.266
            ],
            [
              -119.164,
              -182.739
            ],
            [
              -202.056,
              -153.822
            ],
            [
              -210.493,
              -150.872
            ],
            [
              -212.255,
              -150.26
            ]
          ]
        },
        "tags": {
          "highway": "unclassified",
          "lanes": "2",
          "name": "27th Street",
          "sidewalk": "separate",
          "surface": "asphalt"
        }
      },
      "geometry": {
        "type": "Polygon",
        "coordinates": [
          [
            [
              -33.384,
              -215.295
            ],
            [
              -27.37,
              -217.348
            ],
            [
              -23.439,
              -218.697
            ],
            [
              -21.361,
              -212.644
            ],
            [
              -25.294,
              -211.294
            ],
            [
              -25.3,
              -211.292
            ],
            [
              -31.319,
              -209.237
            ],
            [
              -31.322,
              -209.236
            ],
            [
              -118.121,
              -179.714
            ],
            [
              -201.001,
              -150.801
            ],
            [
              -209.437,
              -147.852
            ],
            [
              -209.442,
              -147.85
            ],
            [
              -211.205,
              -147.237
            ],
            [
              -213.306,
              -153.282
            ],
            [
              -211.546,
              -153.894
            ],
            [
              -203.11,
              -156.843
            ],
            [
              -120.218,
              -185.761
            ],
            [
              -120.194,
              -185.769
            ],
            [
              -33.384,
              -215.295
            ]
          ]
        ]
      }
    },
    {
      "type": "Feature",
      "id": "osm:way:23370659",
      "properties": {
        "id": "osm:way:23370659",
        "source_ids": [
          "osm:way:23370659",
          "source:osm"
        ],
        "name": "28th Street",
        "class": "residential",
        "width_m": 9.6,
        "width_status": "ESTIMATED",
        "width_method": "lanes_x_3.2m",
        "surface_status": "ESTIMATED",
        "surface_method": "buffered_centerline",
        "centerline_length_m": 156.16,
        "centerline_local": {
          "type": "LineString",
          "coordinates": [
            [
              -149.149,
              -103.07
            ],
            [
              -103.492,
              -118.577
            ],
            [
              -92.582,
              -122.278
            ],
            [
              -10.637,
              -149.771
            ],
            [
              -1.2,
              -153.028
            ]
          ]
        },
        "tags": {
          "highway": "residential",
          "lanes": "3",
          "name": "28th Street",
          "sidewalk": "separate",
          "surface": "asphalt"
        }
      },
      "geometry": {
        "type": "Polygon",
        "coordinates": [
          [
            [
              -91.048,
              -117.73
            ],
            [
              -101.949,
              -114.032
            ],
            [
              -147.605,
              -98.525
            ],
            [
              -150.693,
              -107.615
            ],
            [
              -105.034,
              -123.123
            ],
            [
              -94.124,
              -126.824
            ],
            [
              -94.109,
              -126.829
            ],
            [
              -12.183,
              -154.315
            ],
            [
              -2.766,
              -157.565
            ],
            [
              0.365,
              -148.49
            ],
            [
              -9.071,
              -145.234
            ],
            [
              -9.11,
              -145.22
            ],
            [
              -91.048,
              -117.73
            ]
          ]
        ]
      }
    },
    {
      "type": "Feature",
      "id": "osm:way:23370670",
      "properties": {
        "id": "osm:way:23370670",
        "source_ids": [
          "osm:way:23370670",
          "source:osm"
        ],
        "name": "30th Street",
        "class": "residential",
        "width_m": 12.8,
        "width_status": "ESTIMATED",
        "width_method": "lanes_x_3.2m",
        "surface_status": "ESTIMATED",
        "surface_method": "buffered_centerline",
        "centerline_length_m": 146.28,
        "centerline_local": {
          "type": "LineString",
          "coordinates": [
            [
              78.593,
              83.544
            ],
            [
              68.877,
              86.869
            ],
            [
              28.852,
              100.381
            ],
            [
              -10.465,
              113.653
            ],
            [
              -22.245,
              117.627
            ],
            [
              -59.992,
              130.367
            ]
          ]
        },
        "tags": {
          "highway": "residential",
          "lanes": "4",
          "name": "30th Street",
          "sidewalk": "separate",
          "surface": "asphalt"
        }
      },
      "geometry": {
        "type": "Polygon",
        "coordinates": [
          [
            [
              26.805,
              94.317
            ],
            [
              66.818,
              80.81
            ],
            [
              76.521,
              77.489
            ],
            [
              80.666,
              89.599
            ],
            [
              70.95,
              92.925
            ],
            [
              70.924,
              92.933
            ],
            [
              30.899,
              106.444
            ],
            [
              -8.419,
              119.718
            ],
            [
              -20.199,
              123.692
            ],
            [
              -57.945,
              136.431
            ],
            [
              -62.038,
              124.303
            ],
            [
              -24.291,
              111.563
            ],
            [
              -12.511,
              107.589
            ],
            [
              26.805,
              94.317
            ]
          ]
        ]
      }
    },
    {
      "type": "Feature",
      "id": "osm:way:23370709",
      "properties": {
        "id": "osm:way:23370709",
        "source_ids": [
          "osm:way:23370709",
          "source:osm"
        ],
        "name": "Lane P",
        "class": "service",
        "width_m": 6.4,
        "width_status": "ESTIMATED",
        "width_method": "lanes_x_3.2m",
        "surface_status": "ESTIMATED",
        "surface_method": "buffered_centerline",
        "centerline_length_m": 7.41,
        "centerline_local": {
          "type": "LineString",
          "coordinates": [
            [
              116.217,
              2.048
            ],
            [
              115.088,
              2.436
            ],
            [
              109.209,
              4.456
            ]
          ]
        },
        "tags": {
          "highway": "service",
          "lanes": "2",
          "name": "Lane P",
          "sidewalk": "both",
          "surface": "asphalt"
        }
      },
      "geometry": {
        "type": "Polygon",
        "coordinates": [
          [
            [
              108.169,
              1.43
            ],
            [
              114.049,
              -0.591
            ],
            [
              115.177,
              -0.978
            ],
            [
              117.256,
              5.075
            ],
            [
              116.128,
              5.462
            ],
            [
              110.249,
              7.482
            ],
            [
              108.169,
              1.43
            ]
          ]
        ]
      }
    },
    {
      "type": "Feature",
      "id": "osm:way:23370715",
      "properties": {
        "id": "osm:way:23370715",
        "source_ids": [
          "osm:way:23370715",
          "source:osm"
        ],
        "name": "Lane O",
        "class": "service",
        "width_m": 6.4,
        "width_status": "ESTIMATED",
        "width_method": "lanes_x_3.2m",
        "surface_status": "ESTIMATED",
        "surface_method": "buffered_centerline",
        "centerline_length_m": 51.44,
        "centerline_local": {
          "type": "LineString",
          "coordinates": [
            [
              66.457,
              -106.762
            ],
            [
              86.695,
              -113.752
            ],
            [
              97.41,
              -117.373
            ],
            [
              110.491,
              -121.801
            ],
            [
              115.145,
              -123.374
            ]
          ]
        },
        "tags": {
          "highway": "service",
          "lanes": "2",
          "name": "Lane O",
          "sidewalk": "both",
          "surface": "asphalt"
        }
      },
      "geometry": {
        "type": "Polygon",
        "coordinates": [
          [
            [
              98.435,
              -114.342
            ],
            [
              87.729,
              -110.723
            ],
            [
              67.502,
              -103.737
            ],
            [
              65.412,
              -109.786
            ],
            [
              85.65,
              -116.776
            ],
            [
              85.67,
              -116.783
            ],
            [
              96.385,
              -120.405
            ],
            [
              109.466,
              -124.833
            ],
            [
              114.12,
              -126.406
            ],
            [
              116.169,
              -120.343
            ],
            [
              111.516,
              -118.77
            ],
            [
              98.435,
              -114.342
            ]
          ]
        ]
      }
    },
    {
      "type": "Feature",
      "id": "osm:way:23395714",
      "properties": {
        "id": "osm:way:23395714",
        "source_ids": [
          "osm:way:23395714",
          "source:osm"
        ],
        "name": "5th Avenue",
        "class": "secondary",
        "width_m": 9.6,
        "width_status": "ESTIMATED",
        "width_method": "lanes_x_3.2m",
        "surface_status": "ESTIMATED",
        "surface_method": "buffered_centerline",
        "centerline_length_m": 73.58,
        "centerline_local": {
          "type": "LineString",
          "coordinates": [
            [
              -317.881,
              179.119
            ],
            [
              -341.473,
              109.426
            ]
          ]
        },
        "tags": {
          "highway": "secondary",
          "lanes": "3",
          "name": "5th Avenue",
          "surface": "asphalt"
        }
      },
      "geometry": {
        "type": "Polygon",
        "coordinates": [
          [
            [
              -346.02,
              110.965
            ],
            [
              -336.927,
              107.887
            ],
            [
              -313.334,
              177.58
            ],
            [
              -322.427,
              180.659
            ],
            [
              -346.02,
              110.965
            ]
          ]
        ]
      }
    },
    {
      "type": "Feature",
      "id": "osm:way:30446164",
      "properties": {
        "id": "osm:way:30446164",
        "source_ids": [
          "osm:way:30446164",
          "source:osm"
        ],
        "name": "9th Avenue",
        "class": "tertiary",
        "width_m": 12.8,
        "width_status": "ESTIMATED",
        "width_method": "lanes_x_3.2m",
        "surface_status": "ESTIMATED",
        "surface_method": "buffered_centerline",
        "centerline_length_m": 65.18,
        "centerline_local": {
          "type": "LineString",
          "coordinates": [
            [
              -1.2,
              -153.028
            ],
            [
              1.756,
              -143.801
            ],
            [
              17.615,
              -96.816
            ],
            [
              19.507,
              -91.222
            ]
          ]
        },
        "tags": {
          "highway": "tertiary",
          "lanes": "4",
          "name": "9th Avenue",
          "sidewalk": "separate",
          "surface": "asphalt"
        }
      },
      "geometry": {
        "type": "Polygon",
        "coordinates": [
          [
            [
              -4.307,
              -141.755
            ],
            [
              -4.338,
              -141.848
            ],
            [
              -7.295,
              -151.074
            ],
            [
              4.894,
              -154.981
            ],
            [
              7.836,
              -145.802
            ],
            [
              23.679,
              -98.864
            ],
            [
              25.57,
              -93.271
            ],
            [
              13.444,
              -89.172
            ],
            [
              11.552,
              -94.769
            ],
            [
              -4.307,
              -141.755
            ]
          ]
        ]
      }
    },
    {
      "type": "Feature",
      "id": "osm:way:307308395",
      "properties": {
        "id": "osm:way:307308395",
        "source_ids": [
          "osm:way:307308395",
          "source:osm"
        ],
        "name": "Lane A",
        "class": "residential",
        "width_m": 6.4,
        "width_status": "ESTIMATED",
        "width_method": "lanes_x_3.2m",
        "surface_status": "ESTIMATED",
        "surface_method": "buffered_centerline",
        "centerline_length_m": 11.89,
        "centerline_local": {
          "type": "LineString",
          "coordinates": [
            [
              -240.68,
              167.126
            ],
            [
              -238.123,
              174.962
            ],
            [
              -236.996,
              178.427
            ]
          ]
        },
        "tags": {
          "highway": "residential",
          "lanes": "2",
          "name": "Lane A",
          "sidewalk": "both",
          "surface": "asphalt"
        }
      },
      "geometry": {
        "type": "Polygon",
        "coordinates": [
          [
            [
              -240.039,
              179.417
            ],
            [
              -241.165,
              175.953
            ],
            [
              -243.722,
              168.119
            ],
            [
              -237.638,
              166.134
            ],
            [
              -235.08,
              173.972
            ],
            [
              -233.953,
              177.437
            ],
            [
              -240.039,
              179.417
            ]
          ]
        ]
      }
    },
    {
      "type": "Feature",
      "id": "osm:way:31764601",
      "properties": {
        "id": "osm:way:31764601",
        "source_ids": [
          "osm:way:31764601",
          "source:osm"
        ],
        "name": "9th Avenue",
        "class": "tertiary",
        "width_m": 12.8,
        "width_status": "ESTIMATED",
        "width_method": "lanes_x_3.2m",
        "surface_status": "ESTIMATED",
        "surface_method": "buffered_centerline",
        "centerline_length_m": 64.57,
        "centerline_local": {
          "type": "LineString",
          "coordinates": [
            [
              78.593,
              83.544
            ],
            [
              81.891,
              93.553
            ],
            [
              96.7,
              137.471
            ],
            [
              99.155,
              144.754
            ]
          ]
        },
        "tags": {
          "highway": "tertiary",
          "lanes": "4",
          "name": "9th Avenue",
          "sidewalk": "separate",
          "surface": "asphalt"
        }
      },
      "geometry": {
        "type": "Polygon",
        "coordinates": [
          [
            [
              75.826,
              95.598
            ],
            [
              75.812,
              95.556
            ],
            [
              72.515,
              85.547
            ],
            [
              84.672,
              81.541
            ],
            [
              87.963,
              91.529
            ],
            [
              102.764,
              135.426
            ],
            [
              105.219,
              142.709
            ],
            [
              93.09,
              146.798
            ],
            [
              90.635,
              139.516
            ],
            [
              75.826,
              95.598
            ]
          ]
        ]
      }
    },
    {
      "type": "Feature",
      "id": "osm:way:318484124",
      "properties": {
        "id": "osm:way:318484124",
        "source_ids": [
          "osm:way:318484124",
          "source:osm"
        ],
        "name": null,
        "class": "service",
        "width_m": 5.0,
        "width_status": "ESTIMATED",
        "width_method": "highway_class_default",
        "surface_status": "ESTIMATED",
        "surface_method": "buffered_centerline",
        "centerline_length_m": 49.25,
        "centerline_local": {
          "type": "LineString",
          "coordinates": [
            [
              97.41,
              -117.373
            ],
            [
              91.371,
              -102.548
            ],
            [
              75.047,
              -96.787
            ],
            [
              69.376,
              -96.926
            ],
            [
              67.711,
              -102.556
            ],
            [
              66.457,
              -106.762
            ]
          ]
        },
        "tags": {
          "highway": "service"
        }
      },
      "geometry": {
        "type": "Polygon",
        "coordinates": [
          [
            [
              74.649,
              -99.297
            ],
            [
              89.48,
              -104.532
            ],
            [
              95.095,
              -118.317
            ],
            [
              99.726,
              -116.43
            ],
            [
              93.687,
              -101.605
            ],
            [
              93.588,
              -101.392
            ],
            [
              93.47,
              -101.189
            ],
            [
              93.334,
              -100.999
            ],
            [
              93.18,
              -100.822
            ],
            [
              93.01,
              -100.66
            ],
            [
              92.826,
              -100.515
            ],
            [
              92.629,
              -100.387
            ],
            [
              92.421,
              -100.279
            ],
            [
              92.203,
              -100.191
            ],
            [
              75.879,
              -94.429
            ],
            [
              75.662,
              -94.363
            ],
            [
              75.439,
              -94.318
            ],
            [
              75.213,
              -94.292
            ],
            [
              74.986,
              -94.288
            ],
            [
              69.315,
              -94.427
            ],
            [
              69.073,
              -94.445
            ],
            [
              68.835,
              -94.486
            ],
            [
              68.601,
              -94.55
            ],
            [
              68.375,
              -94.636
            ],
            [
              68.158,
              -94.743
            ],
            [
              67.953,
              -94.871
            ],
            [
              67.761,
              -95.018
            ],
            [
              67.584,
              -95.183
            ],
            [
              67.424,
              -95.365
            ],
            [
              67.282,
              -95.561
            ],
            [
              67.16,
              -95.769
            ],
            [
              67.059,
              -95.989
            ],
            [
              66.979,
              -96.217
            ],
            [
              65.315,
              -101.844
            ],
            [
              64.061,
              -106.047
            ],
            [
              68.853,
              -107.476
            ],
            [
              70.107,
              -103.27
            ],
            [
              70.108,
              -103.265
            ],
            [
              71.257,
              -99.381
            ],
            [
              74.649,
              -99.297
            ]
          ]
        ]
      }
    },
    {
      "type": "Feature",
      "id": "osm:way:318484127",
      "properties": {
        "id": "osm:way:318484127",
        "source_ids": [
          "osm:way:318484127",
          "source:osm"
        ],
        "name": null,
        "class": "service",
        "width_m": 5.0,
        "width_status": "ESTIMATED",
        "width_method": "highway_class_default",
        "surface_status": "ESTIMATED",
        "surface_method": "buffered_centerline",
        "centerline_length_m": 48.2,
        "centerline_local": {
          "type": "LineString",
          "coordinates": [
            [
              -15.64,
              46.657
            ],
            [
              -16.902,
              41.511
            ],
            [
              -18.489,
              35.028
            ],
            [
              -17.76,
              33.218
            ],
            [
              -16.693,
              31.948
            ],
            [
              -14.977,
              31.003
            ],
            [
              -0.328,
              25.898
            ],
            [
              2.638,
              34.947
            ],
            [
              4.172,
              40.357
            ]
          ]
        },
        "tags": {
          "highway": "service"
        }
      },
      "geometry": {
        "type": "Polygon",
        "coordinates": [
          [
            [
              -15.869,
              35.216
            ],
            [
              -14.474,
              40.916
            ],
            [
              -13.212,
              46.062
            ],
            [
              -18.068,
              47.253
            ],
            [
              -19.331,
              42.105
            ],
            [
              -20.917,
              35.623
            ],
            [
              -20.965,
              35.368
            ],
            [
              -20.987,
              35.11
            ],
            [
              -20.982,
              34.85
            ],
            [
              -20.95,
              34.593
            ],
            [
              -20.892,
              34.341
            ],
            [
              -20.808,
              34.095
            ],
            [
              -20.08,
              32.285
            ],
            [
              -19.969,
              32.047
            ],
            [
              -19.833,
              31.821
            ],
            [
              -19.675,
              31.611
            ],
            [
              -18.608,
              30.34
            ],
            [
              -18.451,
              30.17
            ],
            [
              -18.28,
              30.016
            ],
            [
              -18.095,
              29.878
            ],
            [
              -17.898,
              29.757
            ],
            [
              -16.182,
              28.813
            ],
            [
              -15.994,
              28.72
            ],
            [
              -15.799,
              28.643
            ],
            [
              -1.151,
              23.538
            ],
            [
              -0.913,
              23.468
            ],
            [
              -0.669,
              23.422
            ],
            [
              -0.422,
              23.4
            ],
            [
              -0.173,
              23.403
            ],
            [
              0.073,
              23.431
            ],
            [
              0.316,
              23.483
            ],
            [
              0.552,
              23.559
            ],
            [
              0.78,
              23.657
            ],
            [
              0.997,
              23.778
            ],
            [
              1.201,
              23.92
            ],
            [
              1.389,
              24.082
            ],
            [
              1.561,
              24.261
            ],
            [
              1.714,
              24.456
            ],
            [
              1.847,
              24.666
            ],
            [
              1.958,
              24.888
            ],
            [
              2.047,
              25.12
            ],
            [
              5.013,
              34.169
            ],
            [
              5.043,
              34.265
            ],
            [
              6.577,
              39.675
            ],
            [
              1.766,
              41.039
            ],
            [
              0.246,
              35.678
            ],
            [
              -1.911,
              29.097
            ],
            [
              -13.956,
              33.295
            ],
            [
              -15.079,
              33.913
            ],
            [
              -15.59,
              34.521
            ],
            [
              -15.869,
              35.216
            ]
          ]
        ]
      }
    },
    {
      "type": "Feature",
      "id": "osm:way:318484131",
      "properties": {
        "id": "osm:way:318484131",
        "source_ids": [
          "osm:way:318484131",
          "source:osm"
        ],
        "name": null,
        "class": "service",
        "width_m": 5.0,
        "width_status": "ESTIMATED",
        "width_method": "highway_class_default",
        "surface_status": "ESTIMATED",
        "surface_method": "buffered_centerline",
        "centerline_length_m": 46.84,
        "centerline_local": {
          "type": "LineString",
          "coordinates": [
            [
              -92.793,
              -53.687
            ],
            [
              -94.561,
              -47.397
            ],
            [
              -96.291,
              -40.399
            ],
            [
              -97.523,
              -38.308
            ],
            [
              -99.066,
              -37.266
            ],
            [
              -110.141,
              -33.94
            ],
            [
              -115.028,
              -33.267
            ],
            [
              -117.489,
              -39.875
            ],
            [
              -119.363,
              -44.794
            ]
          ]
        },
        "tags": {
          "highway": "service"
        }
      },
      "geometry": {
        "type": "Polygon",
        "coordinates": [
          [
            [
              -96.988,
              -47.997
            ],
            [
              -96.968,
              -48.073
            ],
            [
              -95.2,
              -54.363
            ],
            [
              -90.387,
              -53.01
            ],
            [
              -92.144,
              -46.759
            ],
            [
              -93.864,
              -39.799
            ],
            [
              -93.933,
              -39.568
            ],
            [
              -94.024,
              -39.344
            ],
            [
              -94.137,
              -39.13
            ],
            [
              -95.369,
              -37.039
            ],
            [
              -95.491,
              -36.853
            ],
            [
              -95.628,
              -36.678
            ],
            [
              -95.78,
              -36.516
            ],
            [
              -95.946,
              -36.369
            ],
            [
              -96.124,
              -36.236
            ],
            [
              -97.667,
              -35.194
            ],
            [
              -97.883,
              -35.064
            ],
            [
              -98.11,
              -34.956
            ],
            [
              -98.347,
              -34.871
            ],
            [
              -109.421,
              -31.545
            ],
            [
              -109.609,
              -31.497
            ],
            [
              -109.8,
              -31.463
            ],
            [
              -114.688,
              -30.79
            ],
            [
              -114.928,
              -30.769
            ],
            [
              -115.169,
              -30.771
            ],
            [
              -115.409,
              -30.796
            ],
            [
              -115.645,
              -30.844
            ],
            [
              -115.876,
              -30.915
            ],
            [
              -116.099,
              -31.008
            ],
            [
              -116.311,
              -31.121
            ],
            [
              -116.512,
              -31.255
            ],
            [
              -116.699,
              -31.407
            ],
            [
              -116.871,
              -31.577
            ],
            [
              -117.025,
              -31.762
            ],
            [
              -117.161,
              -31.961
            ],
            [
              -117.276,
              -32.173
            ],
            [
              -117.371,
              -32.395
            ],
            [
              -119.828,
              -38.993
            ],
            [
              -121.699,
              -43.904
            ],
            [
              -117.027,
              -45.684
            ],
            [
              -115.153,
              -40.765
            ],
            [
              -115.146,
              -40.747
            ],
            [
              -113.385,
              -36.017
            ],
            [
              -110.674,
              -36.39
            ],
            [
              -100.15,
              -39.551
            ],
            [
              -99.39,
              -40.064
            ],
            [
              -98.63,
              -41.354
            ],
            [
              -96.988,
              -47.997
            ]
          ]
        ]
      }
    },
    {
      "type": "Feature",
      "id": "osm:way:318484132",
      "properties": {
        "id": "osm:way:318484132",
        "source_ids": [
          "osm:way:318484132",
          "source:osm"
        ],
        "name": null,
        "class": "service",
        "width_m": 5.0,
        "width_status": "ESTIMATED",
        "width_method": "highway_class_default",
        "surface_status": "ESTIMATED",
        "surface_method": "buffered_centerline",
        "centerline_length_m": 44.28,
        "centerline_local": {
          "type": "LineString",
          "coordinates": [
            [
              -25.315,
              -76.242
            ],
            [
              -25.349,
              -71.439
            ],
            [
              -25.424,
              -66.403
            ],
            [
              -25.865,
              -64.971
            ],
            [
              -27.017,
              -63.6
            ],
            [
              -30.352,
              -61.48
            ],
            [
              -43.538,
              -56.886
            ],
            [
              -44.737,
              -57.196
            ],
            [
              -45.512,
              -58.307
            ],
            [
              -47.008,
              -64.326
            ],
            [
              -48.058,
              -68.644
            ]
          ]
        },
        "tags": {
          "highway": "service"
        }
      },
      "geometry": {
        "type": "Polygon",
        "coordinates": [
          [
            [
              -44.58,
              -64.923
            ],
            [
              -43.265,
              -59.628
            ],
            [
              -31.448,
              -63.746
            ],
            [
              -28.684,
              -65.503
            ],
            [
              -28.105,
              -66.192
            ],
            [
              -27.919,
              -66.797
            ],
            [
              -27.849,
              -71.466
            ],
            [
              -27.815,
              -76.26
            ],
            [
              -22.815,
              -76.224
            ],
            [
              -22.849,
              -71.421
            ],
            [
              -22.849,
              -71.401
            ],
            [
              -22.925,
              -66.365
            ],
            [
              -22.939,
              -66.129
            ],
            [
              -22.976,
              -65.896
            ],
            [
              -23.035,
              -65.667
            ],
            [
              -23.476,
              -64.236
            ],
            [
              -23.561,
              -64.001
            ],
            [
              -23.67,
              -63.775
            ],
            [
              -23.8,
              -63.562
            ],
            [
              -23.951,
              -63.363
            ],
            [
              -25.104,
              -61.992
            ],
            [
              -25.277,
              -61.806
            ],
            [
              -25.468,
              -61.638
            ],
            [
              -25.676,
              -61.491
            ],
            [
              -29.01,
              -59.371
            ],
            [
              -29.262,
              -59.23
            ],
            [
              -29.529,
              -59.119
            ],
            [
              -42.716,
              -54.525
            ],
            [
              -42.951,
              -54.456
            ],
            [
              -43.192,
              -54.41
            ],
            [
              -43.436,
              -54.388
            ],
            [
              -43.681,
              -54.39
            ],
            [
              -43.925,
              -54.416
            ],
            [
              -44.165,
              -54.465
            ],
            [
              -45.364,
              -54.776
            ],
            [
              -45.606,
              -54.852
            ],
            [
              -45.838,
              -54.952
            ],
            [
              -46.059,
              -55.074
            ],
            [
              -46.267,
              -55.219
            ],
            [
              -46.459,
              -55.383
            ],
            [
              -46.633,
              -55.566
            ],
            [
              -46.788,
              -55.766
            ],
            [
              -47.563,
              -56.877
            ],
            [
              -47.685,
              -57.07
            ],
            [
              -47.789,
              -57.274
            ],
            [
              -47.873,
              -57.486
            ],
            [
              -47.938,
              -57.704
            ],
            [
              -49.434,
              -63.723
            ],
            [
              -49.437,
              -63.735
            ],
            [
              -50.488,
              -68.053
            ],
            [
              -45.629,
              -69.235
            ],
            [
              -44.58,
              -64.923
            ]
          ]
        ]
      }
    },
    {
      "type": "Feature",
      "id": "osm:way:318484134",
      "properties": {
        "id": "osm:way:318484134",
        "source_ids": [
          "osm:way:318484134",
          "source:osm"
        ],
        "name": null,
        "class": "service",
        "width_m": 5.0,
        "width_status": "ESTIMATED",
        "width_method": "highway_class_default",
        "surface_status": "ESTIMATED",
        "surface_method": "buffered_centerline",
        "centerline_length_m": 22.36,
        "centerline_local": {
          "type": "LineString",
          "coordinates": [
            [
              109.209,
              4.456
            ],
            [
              107.789,
              -0.291
            ],
            [
              106.537,
              -4.286
            ],
            [
              109.283,
              -9.621
            ],
            [
              116.096,
              -12.007
            ]
          ]
        },
        "tags": {
          "highway": "service"
        }
      },
      "geometry": {
        "type": "Polygon",
        "coordinates": [
          [
            [
              110.174,
              -1.038
            ],
            [
              110.184,
              -1.007
            ],
            [
              111.604,
              3.739
            ],
            [
              106.814,
              5.173
            ],
            [
              105.398,
              0.442
            ],
            [
              104.151,
              -3.538
            ],
            [
              104.09,
              -3.774
            ],
            [
              104.051,
              -4.014
            ],
            [
              104.037,
              -4.257
            ],
            [
              104.046,
              -4.5
            ],
            [
              104.078,
              -4.741
            ],
            [
              104.134,
              -4.978
            ],
            [
              104.213,
              -5.208
            ],
            [
              104.314,
              -5.43
            ],
            [
              107.06,
              -10.765
            ],
            [
              107.178,
              -10.971
            ],
            [
              107.316,
              -11.164
            ],
            [
              107.47,
              -11.343
            ],
            [
              107.642,
              -11.507
            ],
            [
              107.828,
              -11.654
            ],
            [
              108.027,
              -11.783
            ],
            [
              108.237,
              -11.892
            ],
            [
              108.457,
              -11.981
            ],
            [
              115.27,
              -14.367
            ],
            [
              116.923,
              -9.647
            ],
            [
              111.05,
              -7.591
            ],
            [
              109.229,
              -4.054
            ],
            [
              110.174,
              -1.038
            ]
          ]
        ]
      }
    },
    {
      "type": "Feature",
      "id": "osm:way:319061580",
      "properties": {
        "id": "osm:way:319061580",
        "source_ids": [
          "osm:way:319061580",
          "source:osm"
        ],
        "name": null,
        "class": "service",
        "width_m": 5.0,
        "width_status": "ESTIMATED",
        "width_method": "highway_class_default",
        "surface_status": "ESTIMATED",
        "surface_method": "buffered_centerline",
        "centerline_length_m": 29.65,
        "centerline_local": {
          "type": "LineString",
          "coordinates": [
            [
              -277.529,
              163.834
            ],
            [
              -278.257,
              158.163
            ],
            [
              -277.861,
              156.6
            ],
            [
              -276.88,
              155.307
            ],
            [
              -271.43,
              153.568
            ],
            [
              -264.432,
              151.339
            ],
            [
              -263.412,
              153.377
            ],
            [
              -261.289,
              158.295
            ]
          ]
        },
        "tags": {
          "highway": "service"
        }
      },
      "geometry": {
        "type": "Polygon",
        "coordinates": [
          [
            [
              -275.562,
              157.706
            ],
            [
              -275.717,
              158.317
            ],
            [
              -275.05,
              163.516
            ],
            [
              -280.009,
              164.152
            ],
            [
              -280.737,
              158.481
            ],
            [
              -280.755,
              158.247
            ],
            [
              -280.752,
              158.013
            ],
            [
              -280.727,
              157.779
            ],
            [
              -280.68,
              157.549
            ],
            [
              -280.284,
              155.986
            ],
            [
              -280.21,
              155.746
            ],
            [
              -280.113,
              155.515
            ],
            [
              -279.993,
              155.295
            ],
            [
              -279.852,
              155.088
            ],
            [
              -278.871,
              153.796
            ],
            [
              -278.707,
              153.601
            ],
            [
              -278.524,
              153.424
            ],
            [
              -278.323,
              153.266
            ],
            [
              -278.107,
              153.13
            ],
            [
              -277.879,
              153.016
            ],
            [
              -277.64,
              152.926
            ],
            [
              -272.189,
              151.186
            ],
            [
              -265.191,
              148.957
            ],
            [
              -264.946,
              148.892
            ],
            [
              -264.697,
              148.853
            ],
            [
              -264.445,
              148.839
            ],
            [
              -264.192,
              148.85
            ],
            [
              -263.942,
              148.887
            ],
            [
              -263.697,
              148.949
            ],
            [
              -263.46,
              149.035
            ],
            [
              -263.232,
              149.145
            ],
            [
              -263.017,
              149.277
            ],
            [
              -262.816,
              149.431
            ],
            [
              -262.632,
              149.603
            ],
            [
              -262.466,
              149.794
            ],
            [
              -262.32,
              150.0
            ],
            [
              -262.196,
              150.22
            ],
            [
              -261.176,
              152.259
            ],
            [
              -261.117,
              152.387
            ],
            [
              -258.994,
              157.304
            ],
            [
              -263.585,
              159.285
            ],
            [
              -265.679,
              154.433
            ],
            [
              -265.711,
              154.37
            ],
            [
              -270.67,
              155.949
            ],
            [
              -275.367,
              157.449
            ],
            [
              -275.562,
              157.706
            ]
          ]
        ]
      }
    },
    {
      "type": "Feature",
      "id": "osm:way:32488019",
      "properties": {
        "id": "osm:way:32488019",
        "source_ids": [
          "osm:way:32488019",
          "source:osm"
        ],
        "name": "30th Street",
        "class": "residential",
        "width_m": 12.8,
        "width_status": "ESTIMATED",
        "width_method": "lanes_x_3.2m",
        "surface_status": "ESTIMATED",
        "surface_method": "buffered_centerline",
        "centerline_length_m": 33.81,
        "centerline_local": {
          "type": "LineString",
          "coordinates": [
            [
              -240.68,
              167.126
            ],
            [
              -247.04,
              168.354
            ],
            [
              -256.569,
              170.848
            ],
            [
              -273.342,
              175.783
            ]
          ]
        },
        "tags": {
          "highway": "residential",
          "lanes": "4",
          "name": "30th Street",
          "sidewalk": "separate",
          "surface": "asphalt"
        }
      },
      "geometry": {
        "type": "Polygon",
        "coordinates": [
          [
            [
              -248.66,
              162.162
            ],
            [
              -248.252,
              162.07
            ],
            [
              -241.893,
              160.842
            ],
            [
              -239.467,
              173.41
            ],
            [
              -245.621,
              174.598
            ],
            [
              -254.855,
              177.015
            ],
            [
              -271.535,
              181.923
            ],
            [
              -275.148,
              169.644
            ],
            [
              -258.375,
              164.708
            ],
            [
              -258.189,
              164.657
            ],
            [
              -248.66,
              162.162
            ]
          ]
        ]
      }
    },
    {
      "type": "Feature",
      "id": "osm:way:32836580",
      "properties": {
        "id": "osm:way:32836580",
        "source_ids": [
          "osm:way:32836580",
          "source:osm"
        ],
        "name": "31st Street",
        "class": "residential",
        "width_m": 6.4,
        "width_status": "ESTIMATED",
        "width_method": "lanes_x_3.2m",
        "surface_status": "ESTIMATED",
        "surface_method": "buffered_centerline",
        "centerline_length_m": 99.82,
        "centerline_local": {
          "type": "LineString",
          "coordinates": [
            [
              4.475,
              176.361
            ],
            [
              89.417,
              148.002
            ],
            [
              99.155,
              144.754
            ]
          ]
        },
        "tags": {
          "highway": "residential",
          "lanes": "2",
          "name": "31st Street",
          "sidewalk": "separate",
          "surface": "asphalt"
        }
      },
      "geometry": {
        "type": "Polygon",
        "coordinates": [
          [
            [
              100.167,
              147.789
            ],
            [
              90.43,
              151.037
            ],
            [
              5.489,
              179.396
            ],
            [
              3.462,
              173.326
            ],
            [
              88.404,
              144.966
            ],
            [
              98.142,
              141.718
            ],
            [
              100.167,
              147.789
            ]
          ]
        ]
      }
    },
    {
      "type": "Feature",
      "id": "osm:way:32906491",
      "properties": {
        "id": "osm:way:32906491",
        "source_ids": [
          "osm:way:32906491",
          "source:osm"
        ],
        "name": "Federacion Drive",
        "class": "service",
        "width_m": 6.4,
        "width_status": "ESTIMATED",
        "width_method": "lanes_x_3.2m",
        "surface_status": "ESTIMATED",
        "surface_method": "buffered_centerline",
        "centerline_length_m": 2.32,
        "centerline_local": {
          "type": "LineString",
          "coordinates": [
            [
              -330.326,
              -234.107
            ],
            [
              -328.723,
              -235.78
            ]
          ]
        },
        "tags": {
          "highway": "service",
          "lanes": "2",
          "name": "Federacion Drive",
          "surface": "asphalt"
        }
      },
      "geometry": {
        "type": "Polygon",
        "coordinates": [
          [
            [
              -331.033,
              -237.994
            ],
            [
              -326.412,
              -233.567
            ],
            [
              -328.016,
              -231.893
            ],
            [
              -332.637,
              -236.321
            ],
            [
              -331.033,
              -237.994
            ]
          ]
        ]
      }
    },
    {
      "type": "Feature",
      "id": "osm:way:35826308",
      "properties": {
        "id": "osm:way:35826308",
        "source_ids": [
          "osm:way:35826308",
          "source:osm"
        ],
        "name": "28th Street",
        "class": "residential",
        "width_m": 12.8,
        "width_status": "ESTIMATED",
        "width_method": "lanes_x_3.2m",
        "surface_status": "ESTIMATED",
        "surface_method": "buffered_centerline",
        "centerline_length_m": 144.48,
        "centerline_local": {
          "type": "LineString",
          "coordinates": [
            [
              -369.219,
              -2.684
            ],
            [
              -362.406,
              -5.022
            ],
            [
              -327.163,
              -16.999
            ],
            [
              -317.501,
              -20.324
            ],
            [
              -311.914,
              -22.452
            ],
            [
              -305.039,
              -26.44
            ],
            [
              -303.741,
              -27.192
            ],
            [
              -285.223,
              -41.073
            ],
            [
              -280.268,
              -45.31
            ],
            [
              -274.517,
              -49.664
            ],
            [
              -258.336,
              -62.009
            ],
            [
              -252.499,
              -66.474
            ],
            [
              -243.72,
              -70.909
            ]
          ]
        },
        "tags": {
          "highway": "residential",
          "lanes": "4",
          "name": "28th Street",
          "sidewalk": "separate",
          "surface": "asphalt"
        }
      },
      "geometry": {
        "type": "Polygon",
        "coordinates": [
          [
            [
              -325.104,
              -10.939
            ],
            [
              -360.337,
              1.035
            ],
            [
              -367.142,
              3.37
            ],
            [
              -371.297,
              -8.737
            ],
            [
              -364.483,
              -11.075
            ],
            [
              -364.465,
              -11.081
            ],
            [
              -329.234,
              -23.054
            ],
            [
              -319.682,
              -26.342
            ],
            [
              -314.677,
              -28.248
            ],
            [
              -308.249,
              -31.976
            ],
            [
              -307.278,
              -32.539
            ],
            [
              -289.226,
              -46.071
            ],
            [
              -284.428,
              -50.174
            ],
            [
              -284.131,
              -50.412
            ],
            [
              -278.39,
              -54.759
            ],
            [
              -262.221,
              -67.094
            ],
            [
              -256.388,
              -71.557
            ],
            [
              -255.901,
              -71.895
            ],
            [
              -255.385,
              -72.187
            ],
            [
              -246.606,
              -76.622
            ],
            [
              -240.834,
              -65.197
            ],
            [
              -249.082,
              -61.03
            ],
            [
              -254.447,
              -56.926
            ],
            [
              -254.454,
              -56.92
            ],
            [
              -270.635,
              -44.575
            ],
            [
              -270.654,
              -44.561
            ],
            [
              -276.254,
              -40.322
            ],
            [
              -281.063,
              -36.209
            ],
            [
              -281.384,
              -35.952
            ],
            [
              -299.903,
              -22.071
            ],
            [
              -300.531,
              -21.656
            ],
            [
              -301.828,
              -20.903
            ],
            [
              -308.703,
              -16.916
            ],
            [
              -309.161,
              -16.675
            ],
            [
              -309.636,
              -16.471
            ],
            [
              -315.223,
              -14.343
            ],
            [
              -315.419,
              -14.272
            ],
            [
              -325.081,
              -10.947
            ],
            [
              -325.104,
              -10.939
            ]
          ]
        ]
      }
    },
    {
      "type": "Feature",
      "id": "osm:way:35826312",
      "properties": {
        "id": "osm:way:35826312",
        "source_ids": [
          "osm:way:35826312",
          "source:osm"
        ],
        "name": "Lane B",
        "class": "residential",
        "width_m": 6.4,
        "width_status": "ESTIMATED",
        "width_method": "lanes_x_3.2m",
        "surface_status": "ESTIMATED",
        "surface_method": "buffered_centerline",
        "centerline_length_m": 12.8,
        "centerline_local": {
          "type": "LineString",
          "coordinates": [
            [
              -171.179,
              177.864
            ],
            [
              -172.068,
              173.788
            ],
            [
              -172.583,
              165.171
            ]
          ]
        },
        "tags": {
          "highway": "residential",
          "lanes": "2",
          "name": "Lane B",
          "sidewalk": "both",
          "surface": "asphalt"
        }
      },
      "geometry": {
        "type": "Polygon",
        "coordinates": [
          [
            [
              -169.389,
              164.98
            ],
            [
              -168.888,
              173.348
            ],
            [
              -168.052,
              177.181
            ],
            [
              -174.305,
              178.546
            ],
            [
              -175.194,
              174.47
            ],
            [
              -175.238,
              174.226
            ],
            [
              -175.262,
              173.979
            ],
            [
              -175.778,
              165.362
            ],
            [
              -169.389,
              164.98
            ]
          ]
        ]
      }
    },
    {
      "type": "Feature",
      "id": "osm:way:470203064",
      "properties": {
        "id": "osm:way:470203064",
        "source_ids": [
          "osm:way:470203064",
          "source:osm"
        ],
        "name": null,
        "class": "service",
        "width_m": 5.0,
        "width_status": "ESTIMATED",
        "width_method": "highway_class_default",
        "surface_status": "ESTIMATED",
        "surface_method": "buffered_centerline",
        "centerline_length_m": 18.07,
        "centerline_local": {
          "type": "LineString",
          "coordinates": [
            [
              -247.399,
              145.317
            ],
            [
              -264.432,
              151.339
            ]
          ]
        },
        "tags": {
          "highway": "service"
        }
      },
      "geometry": {
        "type": "Polygon",
        "coordinates": [
          [
            [
              -263.598,
              153.696
            ],
            [
              -265.265,
              148.982
            ],
            [
              -248.232,
              142.96
            ],
            [
              -246.565,
              147.674
            ],
            [
              -263.598,
              153.696
            ]
          ]
        ]
      }
    },
    {
      "type": "Feature",
      "id": "osm:way:690148298",
      "properties": {
        "id": "osm:way:690148298",
        "source_ids": [
          "osm:way:690148298",
          "source:osm"
        ],
        "name": "9th Avenue",
        "class": "tertiary",
        "width_m": 12.8,
        "width_status": "ESTIMATED",
        "width_method": "lanes_x_3.2m",
        "surface_status": "ESTIMATED",
        "surface_method": "buffered_centerline",
        "centerline_length_m": 64.85,
        "centerline_local": {
          "type": "LineString",
          "coordinates": [
            [
              57.879,
              22.092
            ],
            [
              59.593,
              27.212
            ],
            [
              75.266,
              73.834
            ],
            [
              78.593,
              83.544
            ]
          ]
        },
        "tags": {
          "highway": "tertiary",
          "lanes": "4",
          "name": "9th Avenue",
          "sidewalk": "separate",
          "surface": "asphalt"
        }
      },
      "geometry": {
        "type": "Polygon",
        "coordinates": [
          [
            [
              53.527,
              29.251
            ],
            [
              53.524,
              29.244
            ],
            [
              51.81,
              24.124
            ],
            [
              63.948,
              20.06
            ],
            [
              65.661,
              25.176
            ],
            [
              81.326,
              71.777
            ],
            [
              84.648,
              81.469
            ],
            [
              72.539,
              85.619
            ],
            [
              69.211,
              75.909
            ],
            [
              69.199,
              75.873
            ],
            [
              53.527,
              29.251
            ]
          ]
        ]
      }
    },
    {
      "type": "Feature",
      "id": "osm:way:690148299",
      "properties": {
        "id": "osm:way:690148299",
        "source_ids": [
          "osm:way:690148299",
          "source:osm"
        ],
        "name": "9th Avenue",
        "class": "tertiary",
        "width_m": 9.6,
        "width_status": "ESTIMATED",
        "width_method": "lanes_x_3.2m",
        "surface_status": "ESTIMATED",
        "surface_method": "buffered_centerline",
        "centerline_length_m": 35.06,
        "centerline_local": {
          "type": "LineString",
          "coordinates": [
            [
              33.142,
              -50.857
            ],
            [
              44.356,
              -17.643
            ]
          ]
        },
        "tags": {
          "highway": "tertiary",
          "lanes": "3",
          "name": "9th Avenue",
          "sidewalk": "separate",
          "surface": "paving_stones"
        }
      },
      "geometry": {
        "type": "Polygon",
        "coordinates": [
          [
            [
              48.904,
              -19.178
            ],
            [
              39.808,
              -16.107
            ],
            [
              28.594,
              -49.322
            ],
            [
              37.69,
              -52.392
            ],
            [
              48.904,
              -19.178
            ]
          ]
        ]
      }
    },
    {
      "type": "Feature",
      "id": "osm:way:72861525",
      "properties": {
        "id": "osm:way:72861525",
        "source_ids": [
          "osm:way:72861525",
          "source:osm"
        ],
        "name": null,
        "class": "service",
        "width_m": 5.0,
        "width_status": "ESTIMATED",
        "width_method": "highway_class_default",
        "surface_status": "ESTIMATED",
        "surface_method": "buffered_centerline",
        "centerline_length_m": 20.61,
        "centerline_local": {
          "type": "LineString",
          "coordinates": [
            [
              -312.846,
              -45.673
            ],
            [
              -309.684,
              -38.894
            ],
            [
              -308.848,
              -37.031
            ],
            [
              -308.31,
              -35.796
            ],
            [
              -303.741,
              -27.192
            ]
          ]
        },
        "tags": {
          "highway": "service"
        }
      },
      "geometry": {
        "type": "Polygon",
        "coordinates": [
          [
            [
              -311.135,
              -36.02
            ],
            [
              -311.957,
              -37.854
            ],
            [
              -315.112,
              -44.616
            ],
            [
              -310.581,
              -46.73
            ],
            [
              -307.418,
              -39.951
            ],
            [
              -307.402,
              -39.917
            ],
            [
              -306.567,
              -38.053
            ],
            [
              -306.557,
              -38.031
            ],
            [
              -306.057,
              -36.884
            ],
            [
              -301.533,
              -28.365
            ],
            [
              -305.949,
              -26.02
            ],
            [
              -310.518,
              -34.624
            ],
            [
              -310.601,
              -34.796
            ],
            [
              -311.135,
              -36.02
            ]
          ]
        ]
      }
    },
    {
      "type": "Feature",
      "id": "osm:way:744614382",
      "properties": {
        "id": "osm:way:744614382",
        "source_ids": [
          "osm:way:744614382",
          "source:osm"
        ],
        "name": "9th Avenue",
        "class": "tertiary",
        "width_m": 12.8,
        "width_status": "ESTIMATED",
        "width_method": "lanes_x_3.2m",
        "surface_status": "ESTIMATED",
        "surface_method": "buffered_centerline",
        "centerline_length_m": 66.13,
        "centerline_local": {
          "type": "LineString",
          "coordinates": [
            [
              -22.4,
              -215.671
            ],
            [
              -10.432,
              -180.062
            ],
            [
              -4.836,
              -163.399
            ],
            [
              -1.2,
              -153.028
            ]
          ]
        },
        "tags": {
          "highway": "tertiary",
          "lanes": "4",
          "name": "9th Avenue",
          "sidewalk": "separate",
          "surface": "asphalt"
        }
      },
      "geometry": {
        "type": "Polygon",
        "coordinates": [
          [
            [
              -10.902,
              -161.361
            ],
            [
              -16.499,
              -178.023
            ],
            [
              -28.466,
              -213.632
            ],
            [
              -16.333,
              -217.71
            ],
            [
              -4.365,
              -182.099
            ],
            [
              1.218,
              -165.477
            ],
            [
              4.839,
              -155.145
            ],
            [
              -7.24,
              -150.911
            ],
            [
              -10.875,
              -161.282
            ],
            [
              -10.902,
              -161.361
            ]
          ]
        ]
      }
    },
    {
      "type": "Feature",
      "id": "osm:way:744615657",
      "properties": {
        "id": "osm:way:744615657",
        "source_ids": [
          "osm:way:744615657",
          "source:osm"
        ],
        "name": "28th Street",
        "class": "residential",
        "width_m": 12.8,
        "width_status": "ESTIMATED",
        "width_method": "lanes_x_3.2m",
        "surface_status": "ESTIMATED",
        "surface_method": "buffered_centerline",
        "centerline_length_m": 44.4,
        "centerline_local": {
          "type": "LineString",
          "coordinates": [
            [
              -191.295,
              -89.12
            ],
            [
              -181.73,
              -92.522
            ],
            [
              -149.149,
              -103.07
            ]
          ]
        },
        "tags": {
          "highway": "residential",
          "lanes": "4",
          "name": "28th Street",
          "sidewalk": "separate",
          "surface": "asphalt"
        }
      },
      "geometry": {
        "type": "Polygon",
        "coordinates": [
          [
            [
              -147.178,
              -96.981
            ],
            [
              -179.672,
              -86.461
            ],
            [
              -189.15,
              -83.09
            ],
            [
              -193.439,
              -95.15
            ],
            [
              -183.875,
              -98.552
            ],
            [
              -183.702,
              -98.61
            ],
            [
              -151.12,
              -109.159
            ],
            [
              -147.178,
              -96.981
            ]
          ]
        ]
      }
    },
    {
      "type": "Feature",
      "id": "osm:way:744615658",
      "properties": {
        "id": "osm:way:744615658",
        "source_ids": [
          "osm:way:744615658",
          "source:osm"
        ],
        "name": "28th Street",
        "class": "residential",
        "width_m": 12.8,
        "width_status": "ESTIMATED",
        "width_method": "lanes_x_3.2m",
        "surface_status": "ESTIMATED",
        "surface_method": "buffered_centerline",
        "centerline_length_m": 95.62,
        "centerline_local": {
          "type": "LineString",
          "coordinates": [
            [
              -1.2,
              -153.028
            ],
            [
              9.074,
              -156.557
            ],
            [
              54.124,
              -172.513
            ],
            [
              89.208,
              -184.156
            ]
          ]
        },
        "tags": {
          "highway": "residential",
          "lanes": "4",
          "name": "28th Street",
          "sidewalk": "separate",
          "surface": "asphalt"
        }
      },
      "geometry": {
        "type": "Polygon",
        "coordinates": [
          [
            [
              11.211,
              -150.524
            ],
            [
              11.153,
              -150.504
            ],
            [
              0.879,
              -146.975
            ],
            [
              -3.28,
              -159.081
            ],
            [
              6.966,
              -162.6
            ],
            [
              51.988,
              -178.546
            ],
            [
              52.108,
              -178.587
            ],
            [
              87.192,
              -190.23
            ],
            [
              91.224,
              -178.081
            ],
            [
              56.201,
              -166.459
            ],
            [
              11.211,
              -150.524
            ]
          ]
        ]
      }
    },
    {
      "type": "Feature",
      "id": "osm:way:744620958",
      "properties": {
        "id": "osm:way:744620958",
        "source_ids": [
          "osm:way:744620958",
          "source:osm"
        ],
        "name": "Lane O",
        "class": "service",
        "width_m": 6.4,
        "width_status": "ESTIMATED",
        "width_method": "lanes_x_3.2m",
        "surface_status": "ESTIMATED",
        "surface_method": "buffered_centerline",
        "centerline_length_m": 49.46,
        "centerline_local": {
          "type": "LineString",
          "coordinates": [
            [
              19.507,
              -91.222
            ],
            [
              29.288,
              -94.492
            ],
            [
              66.457,
              -106.762
            ]
          ]
        },
        "tags": {
          "highway": "service",
          "lanes": "2",
          "name": "Lane O",
          "sidewalk": "both",
          "surface": "asphalt"
        }
      },
      "geometry": {
        "type": "Polygon",
        "coordinates": [
          [
            [
              67.46,
              -103.723
            ],
            [
              30.297,
              -91.456
            ],
            [
              20.521,
              -88.187
            ],
            [
              18.492,
              -94.256
            ],
            [
              28.273,
              -97.527
            ],
            [
              28.285,
              -97.531
            ],
            [
              65.454,
              -109.8
            ],
            [
              67.46,
              -103.723
            ]
          ]
        ]
      }
    },
    {
      "type": "Feature",
      "id": "osm:way:744620959",
      "properties": {
        "id": "osm:way:744620959",
        "source_ids": [
          "osm:way:744620959",
          "source:osm"
        ],
        "name": "Lane P",
        "class": "service",
        "width_m": 6.4,
        "width_status": "ESTIMATED",
        "width_method": "lanes_x_3.2m",
        "surface_status": "ESTIMATED",
        "surface_method": "buffered_centerline",
        "centerline_length_m": 56.73,
        "centerline_local": {
          "type": "LineString",
          "coordinates": [
            [
              57.879,
              22.092
            ],
            [
              47.991,
              25.485
            ],
            [
              4.172,
              40.357
            ]
          ]
        },
        "tags": {
          "highway": "service",
          "lanes": "2",
          "name": "Lane P",
          "sidewalk": "both",
          "surface": "asphalt"
        }
      },
      "geometry": {
        "type": "Polygon",
        "coordinates": [
          [
            [
              3.143,
              37.327
            ],
            [
              46.957,
              22.457
            ],
            [
              56.84,
              19.065
            ],
            [
              58.917,
              25.119
            ],
            [
              49.03,
              28.512
            ],
            [
              49.019,
              28.515
            ],
            [
              5.2,
              43.387
            ],
            [
              3.143,
              37.327
            ]
          ]
        ]
      }
    },
    {
      "type": "Feature",
      "id": "osm:way:744620960",
      "properties": {
        "id": "osm:way:744620960",
        "source_ids": [
          "osm:way:744620960",
          "source:osm"
        ],
        "name": "Lane P",
        "class": "service",
        "width_m": 6.4,
        "width_status": "ESTIMATED",
        "width_method": "lanes_x_3.2m",
        "surface_status": "ESTIMATED",
        "surface_method": "buffered_centerline",
        "centerline_length_m": 54.28,
        "centerline_local": {
          "type": "LineString",
          "coordinates": [
            [
              109.209,
              4.456
            ],
            [
              67.38,
              18.824
            ],
            [
              57.879,
              22.092
            ]
          ]
        },
        "tags": {
          "highway": "service",
          "lanes": "2",
          "name": "Lane P",
          "sidewalk": "both",
          "surface": "asphalt"
        }
      },
      "geometry": {
        "type": "Polygon",
        "coordinates": [
          [
            [
              56.838,
              19.066
            ],
            [
              66.34,
              15.797
            ],
            [
              108.17,
              1.429
            ],
            [
              110.249,
              7.482
            ],
            [
              68.42,
              21.85
            ],
            [
              58.92,
              25.118
            ],
            [
              56.838,
              19.066
            ]
          ]
        ]
      }
    },
    {
      "type": "Feature",
      "id": "osm:way:744620961",
      "properties": {
        "id": "osm:way:744620961",
        "source_ids": [
          "osm:way:744620961",
          "source:osm"
        ],
        "name": "9th Avenue",
        "class": "tertiary",
        "width_m": 9.6,
        "width_status": "ESTIMATED",
        "width_method": "lanes_x_3.2m",
        "surface_status": "ESTIMATED",
        "surface_method": "buffered_centerline",
        "centerline_length_m": 41.97,
        "centerline_local": {
          "type": "LineString",
          "coordinates": [
            [
              44.356,
              -17.643
            ],
            [
              55.933,
              16.376
            ],
            [
              57.879,
              22.092
            ]
          ]
        },
        "tags": {
          "highway": "tertiary",
          "lanes": "3",
          "name": "9th Avenue",
          "sidewalk": "separate",
          "surface": "asphalt"
        }
      },
      "geometry": {
        "type": "Polygon",
        "coordinates": [
          [
            [
              53.335,
              23.639
            ],
            [
              51.389,
              17.922
            ],
            [
              39.812,
              -16.097
            ],
            [
              48.9,
              -19.189
            ],
            [
              60.477,
              14.829
            ],
            [
              62.423,
              20.545
            ],
            [
              53.335,
              23.639
            ]
          ]
        ]
      }
    },
    {
      "type": "Feature",
      "id": "osm:way:744620962",
      "properties": {
        "id": "osm:way:744620962",
        "source_ids": [
          "osm:way:744620962",
          "source:osm"
        ],
        "name": "9th Avenue",
        "class": "tertiary",
        "width_m": 9.6,
        "width_status": "ESTIMATED",
        "width_method": "lanes_x_3.2m",
        "surface_status": "ESTIMATED",
        "surface_method": "buffered_centerline",
        "centerline_length_m": 42.61,
        "centerline_local": {
          "type": "LineString",
          "coordinates": [
            [
              19.507,
              -91.222
            ],
            [
              21.818,
              -84.369
            ],
            [
              31.461,
              -55.834
            ],
            [
              33.142,
              -50.857
            ]
          ]
        },
        "tags": {
          "highway": "tertiary",
          "lanes": "3",
          "name": "9th Avenue",
          "sidewalk": "separate",
          "surface": "asphalt"
        }
      },
      "geometry": {
        "type": "Polygon",
        "coordinates": [
          [
            [
              26.914,
              -54.297
            ],
            [
              17.27,
              -82.835
            ],
            [
              14.958,
              -89.687
            ],
            [
              24.055,
              -92.756
            ],
            [
              26.366,
              -85.904
            ],
            [
              36.009,
              -57.37
            ],
            [
              37.69,
              -52.393
            ],
            [
              28.595,
              -49.321
            ],
            [
              26.914,
              -54.297
            ]
          ]
        ]
      }
    },
    {
      "type": "Feature",
      "id": "osm:way:744620963",
      "properties": {
        "id": "osm:way:744620963",
        "source_ids": [
          "osm:way:744620963",
          "source:osm"
        ],
        "name": "Lane O",
        "class": "service",
        "width_m": 6.4,
        "width_status": "ESTIMATED",
        "width_method": "lanes_x_3.2m",
        "surface_status": "ESTIMATED",
        "surface_method": "buffered_centerline",
        "centerline_length_m": 47.26,
        "centerline_local": {
          "type": "LineString",
          "coordinates": [
            [
              -25.315,
              -76.242
            ],
            [
              10.026,
              -88.053
            ],
            [
              19.507,
              -91.222
            ]
          ]
        },
        "tags": {
          "highway": "service",
          "lanes": "2",
          "name": "Lane O",
          "sidewalk": "both",
          "surface": "asphalt"
        }
      },
      "geometry": {
        "type": "Polygon",
        "coordinates": [
          [
            [
              20.521,
              -88.187
            ],
            [
              11.041,
              -85.018
            ],
            [
              -24.3,
              -73.207
            ],
            [
              -26.329,
              -79.277
            ],
            [
              9.012,
              -91.088
            ],
            [
              18.492,
              -94.257
            ],
            [
              20.521,
              -88.187
            ]
          ]
        ]
      }
    },
    {
      "type": "Feature",
      "id": "osm:way:744620964",
      "properties": {
        "id": "osm:way:744620964",
        "source_ids": [
          "osm:way:744620964",
          "source:osm"
        ],
        "name": "Lane O",
        "class": "service",
        "width_m": 6.4,
        "width_status": "ESTIMATED",
        "width_method": "lanes_x_3.2m",
        "surface_status": "ESTIMATED",
        "surface_method": "buffered_centerline",
        "centerline_length_m": 99.17,
        "centerline_local": {
          "type": "LineString",
          "coordinates": [
            [
              -119.363,
              -44.794
            ],
            [
              -92.793,
              -53.687
            ],
            [
              -76.822,
              -59.113
            ],
            [
              -48.058,
              -68.644
            ],
            [
              -25.315,
              -76.242
            ]
          ]
        },
        "tags": {
          "highway": "service",
          "lanes": "2",
          "name": "Lane O",
          "surface": "asphalt"
        }
      },
      "geometry": {
        "type": "Polygon",
        "coordinates": [
          [
            [
              -91.764,
              -50.657
            ],
            [
              -91.778,
              -50.652
            ],
            [
              -118.348,
              -41.76
            ],
            [
              -120.379,
              -47.829
            ],
            [
              -93.816,
              -56.719
            ],
            [
              -77.851,
              -62.143
            ],
            [
              -77.828,
              -62.151
            ],
            [
              -49.069,
              -71.68
            ],
            [
              -26.328,
              -79.277
            ],
            [
              -24.301,
              -73.207
            ],
            [
              -47.044,
              -65.609
            ],
            [
              -47.052,
              -65.606
            ],
            [
              -75.804,
              -56.079
            ],
            [
              -91.764,
              -50.657
            ]
          ]
        ]
      }
    },
    {
      "type": "Feature",
      "id": "osm:way:744620965",
      "properties": {
        "id": "osm:way:744620965",
        "source_ids": [
          "osm:way:744620965",
          "source:osm"
        ],
        "name": "Lane P",
        "class": "service",
        "width_m": 6.4,
        "width_status": "ESTIMATED",
        "width_method": "lanes_x_3.2m",
        "surface_status": "ESTIMATED",
        "surface_method": "buffered_centerline",
        "centerline_length_m": 96.48,
        "centerline_local": {
          "type": "LineString",
          "coordinates": [
            [
              4.172,
              40.357
            ],
            [
              -15.64,
              46.657
            ],
            [
              -36.81,
              54.275
            ],
            [
              -62.181,
              62.227
            ],
            [
              -87.23,
              71.195
            ]
          ]
        },
        "tags": {
          "highway": "service",
          "lanes": "2",
          "name": "Lane P",
          "surface": "asphalt"
        }
      },
      "geometry": {
        "type": "Polygon",
        "coordinates": [
          [
            [
              -16.724,
              43.646
            ],
            [
              -16.61,
              43.608
            ],
            [
              3.202,
              37.307
            ],
            [
              5.141,
              43.406
            ],
            [
              -14.613,
              49.688
            ],
            [
              -35.727,
              57.286
            ],
            [
              -35.853,
              57.328
            ],
            [
              -61.163,
              65.262
            ],
            [
              -86.152,
              74.208
            ],
            [
              -88.309,
              68.182
            ],
            [
              -63.259,
              59.214
            ],
            [
              -63.138,
              59.174
            ],
            [
              -37.831,
              51.241
            ],
            [
              -16.724,
              43.646
            ]
          ]
        ]
      }
    },
    {
      "type": "Feature",
      "id": "osm:way:744632164",
      "properties": {
        "id": "osm:way:744632164",
        "source_ids": [
          "osm:way:744632164",
          "source:osm"
        ],
        "name": "9th Avenue",
        "class": "tertiary",
        "width_m": 12.8,
        "width_status": "ESTIMATED",
        "width_method": "lanes_x_3.2m",
        "surface_status": "ESTIMATED",
        "surface_method": "buffered_centerline",
        "centerline_length_m": 32.48,
        "centerline_local": {
          "type": "LineString",
          "coordinates": [
            [
              99.155,
              144.754
            ],
            [
              101.973,
              152.941
            ],
            [
              109.729,
              175.461
            ]
          ]
        },
        "tags": {
          "highway": "tertiary",
          "lanes": "4",
          "name": "9th Avenue",
          "sidewalk": "separate",
          "surface": "asphalt"
        }
      },
      "geometry": {
        "type": "Polygon",
        "coordinates": [
          [
            [
              103.678,
              177.545
            ],
            [
              95.922,
              155.024
            ],
            [
              93.103,
              146.837
            ],
            [
              105.206,
              142.67
            ],
            [
              108.025,
              150.857
            ],
            [
              115.78,
              173.377
            ],
            [
              103.678,
              177.545
            ]
          ]
        ]
      }
    },
    {
      "type": "Feature",
      "id": "osm:way:744677545",
      "properties": {
        "id": "osm:way:744677545",
        "source_ids": [
          "osm:way:744677545",
          "source:osm"
        ],
        "name": null,
        "class": "service",
        "width_m": 5.0,
        "width_status": "ESTIMATED",
        "width_method": "highway_class_default",
        "surface_status": "ESTIMATED",
        "surface_method": "buffered_centerline",
        "centerline_length_m": 39.7,
        "centerline_local": {
          "type": "LineString",
          "coordinates": [
            [
              117.342,
              133.713
            ],
            [
              116.7,
              131.833
            ],
            [
              109.89,
              111.861
            ],
            [
              104.528,
              96.137
            ]
          ]
        },
        "tags": {
          "highway": "service",
          "surface": "paving_stones"
        }
      },
      "geometry": {
        "type": "Polygon",
        "coordinates": [
          [
            [
              112.256,
              111.054
            ],
            [
              119.067,
              131.026
            ],
            [
              119.708,
              132.905
            ],
            [
              114.976,
              134.52
            ],
            [
              114.334,
              132.64
            ],
            [
              107.524,
              112.668
            ],
            [
              102.161,
              96.944
            ],
            [
              106.894,
              95.33
            ],
            [
              112.256,
              111.054
            ]
          ]
        ]
      }
    },
    {
      "type": "Feature",
      "id": "osm:way:744677546",
      "properties": {
        "id": "osm:way:744677546",
        "source_ids": [
          "osm:way:744677546",
          "source:osm"
        ],
        "name": null,
        "class": "service",
        "width_m": 5.0,
        "width_status": "ESTIMATED",
        "width_method": "highway_class_default",
        "surface_status": "ESTIMATED",
        "surface_method": "buffered_centerline",
        "centerline_length_m": 13.16,
        "centerline_local": {
          "type": "LineString",
          "coordinates": [
            [
              104.528,
              96.137
            ],
            [
              116.984,
              91.891
            ]
          ]
        },
        "tags": {
          "highway": "service",
          "surface": "paving_stones"
        }
      },
      "geometry": {
        "type": "Polygon",
        "coordinates": [
          [
            [
              116.178,
              89.524
            ],
            [
              117.791,
              94.257
            ],
            [
              105.334,
              98.503
            ],
            [
              103.721,
              93.771
            ],
            [
              116.178,
              89.524
            ]
          ]
        ]
      }
    },
    {
      "type": "Feature",
      "id": "osm:way:744677547",
      "properties": {
        "id": "osm:way:744677547",
        "source_ids": [
          "osm:way:744677547",
          "source:osm"
        ],
        "name": null,
        "class": "service",
        "width_m": 5.0,
        "width_status": "ESTIMATED",
        "width_method": "highway_class_default",
        "surface_status": "ESTIMATED",
        "surface_method": "buffered_centerline",
        "centerline_length_m": 0.66,
        "centerline_local": {
          "type": "LineString",
          "coordinates": [
            [
              117.324,
              131.621
            ],
            [
              116.7,
              131.833
            ]
          ]
        },
        "tags": {
          "highway": "service",
          "surface": "paving_stones"
        }
      },
      "geometry": {
        "type": "Polygon",
        "coordinates": [
          [
            [
              117.507,
              134.199
            ],
            [
              115.894,
              129.467
            ],
            [
              116.517,
              129.254
            ],
            [
              118.13,
              133.987
            ],
            [
              117.507,
              134.199
            ]
          ]
        ]
      }
    },
    {
      "type": "Feature",
      "id": "osm:way:745365881",
      "properties": {
        "id": "osm:way:745365881",
        "source_ids": [
          "osm:way:745365881",
          "source:osm"
        ],
        "name": "7th Avenue",
        "class": "tertiary",
        "width_m": 12.8,
        "width_status": "ESTIMATED",
        "width_method": "lanes_x_3.2m",
        "surface_status": "ESTIMATED",
        "surface_method": "buffered_centerline",
        "centerline_length_m": 31.15,
        "centerline_local": {
          "type": "LineString",
          "coordinates": [
            [
              -101.519,
              177.268
            ],
            [
              -108.323,
              157.141
            ],
            [
              -111.497,
              147.761
            ]
          ]
        },
        "tags": {
          "highway": "tertiary",
          "lanes": "4",
          "name": "7th Avenue",
          "sidewalk": "separate",
          "surface": "asphalt"
        }
      },
      "geometry": {
        "type": "Polygon",
        "coordinates": [
          [
            [
              -105.434,
              145.71
            ],
            [
              -102.26,
              155.091
            ],
            [
              -95.456,
              175.218
            ],
            [
              -107.582,
              179.317
            ],
            [
              -114.385,
              159.191
            ],
            [
              -117.559,
              149.813
            ],
            [
              -105.434,
              145.71
            ]
          ]
        ]
      }
    },
    {
      "type": "Feature",
      "id": "osm:way:745365888",
      "properties": {
        "id": "osm:way:745365888",
        "source_ids": [
          "osm:way:745365888",
          "source:osm"
        ],
        "name": "7th Avenue",
        "class": "tertiary",
        "width_m": 9.6,
        "width_status": "ESTIMATED",
        "width_method": "lanes_x_3.2m",
        "surface_status": "ESTIMATED",
        "surface_method": "buffered_centerline",
        "centerline_length_m": 62.77,
        "centerline_local": {
          "type": "LineString",
          "coordinates": [
            [
              -221.528,
              -177.039
            ],
            [
              -234.767,
              -216.311
            ],
            [
              -241.574,
              -236.526
            ]
          ]
        },
        "tags": {
          "highway": "tertiary",
          "lanes": "3",
          "name": "7th Avenue",
          "sidewalk": "separate",
          "surface": "asphalt"
        }
      },
      "geometry": {
        "type": "Polygon",
        "coordinates": [
          [
            [
              -237.025,
              -238.058
            ],
            [
              -230.218,
              -217.844
            ],
            [
              -216.98,
              -178.572
            ],
            [
              -226.077,
              -175.505
            ],
            [
              -239.316,
              -214.779
            ],
            [
              -246.123,
              -234.995
            ],
            [
              -237.025,
              -238.058
            ]
          ]
        ]
      }
    },
    {
      "type": "Feature",
      "id": "osm:way:745377153",
      "properties": {
        "id": "osm:way:745377153",
        "source_ids": [
          "osm:way:745377153",
          "source:osm"
        ],
        "name": "26th Street",
        "class": "secondary",
        "width_m": 9.6,
        "width_status": "ESTIMATED",
        "width_method": "lanes_x_3.2m",
        "surface_status": "ESTIMATED",
        "surface_method": "buffered_centerline",
        "centerline_length_m": 3.73,
        "centerline_local": {
          "type": "LineString",
          "coordinates": [
            [
              -293.464,
              -236.082
            ],
            [
              -297.004,
              -234.923
            ]
          ]
        },
        "tags": {
          "highway": "secondary",
          "lanes": "3",
          "name": "26th Street",
          "surface": "asphalt"
        }
      },
      "geometry": {
        "type": "Polygon",
        "coordinates": [
          [
            [
              -295.51,
              -230.362
            ],
            [
              -298.498,
              -239.485
            ],
            [
              -294.957,
              -240.644
            ],
            [
              -291.97,
              -231.521
            ],
            [
              -295.51,
              -230.362
            ]
          ]
        ]
      }
    },
    {
      "type": "Feature",
      "id": "osm:way:745377155",
      "properties": {
        "id": "osm:way:745377155",
        "source_ids": [
          "osm:way:745377155",
          "source:osm"
        ],
        "name": "7th Avenue",
        "class": "tertiary",
        "width_m": 9.6,
        "width_status": "ESTIMATED",
        "width_method": "lanes_x_3.2m",
        "surface_status": "ESTIMATED",
        "surface_method": "buffered_centerline",
        "centerline_length_m": 28.34,
        "centerline_local": {
          "type": "LineString",
          "coordinates": [
            [
              -212.255,
              -150.26
            ],
            [
              -214.909,
              -158.061
            ],
            [
              -221.528,
              -177.039
            ]
          ]
        },
        "tags": {
          "highway": "tertiary",
          "lanes": "3",
          "name": "7th Avenue",
          "sidewalk": "separate",
          "surface": "asphalt"
        }
      },
      "geometry": {
        "type": "Polygon",
        "coordinates": [
          [
            [
              -210.377,
              -159.642
            ],
            [
              -210.365,
              -159.607
            ],
            [
              -207.711,
              -151.806
            ],
            [
              -216.8,
              -148.714
            ],
            [
              -219.447,
              -156.498
            ],
            [
              -226.06,
              -175.458
            ],
            [
              -216.996,
              -178.619
            ],
            [
              -210.377,
              -159.642
            ]
          ]
        ]
      }
    },
    {
      "type": "Feature",
      "id": "osm:way:745377156",
      "properties": {
        "id": "osm:way:745377156",
        "source_ids": [
          "osm:way:745377156",
          "source:osm"
        ],
        "name": "7th Avenue",
        "class": "tertiary",
        "width_m": 9.6,
        "width_status": "ESTIMATED",
        "width_method": "lanes_x_3.2m",
        "surface_status": "ESTIMATED",
        "surface_method": "buffered_centerline",
        "centerline_length_m": 64.63,
        "centerline_local": {
          "type": "LineString",
          "coordinates": [
            [
              -191.295,
              -89.12
            ],
            [
              -194.532,
              -98.31
            ],
            [
              -209.634,
              -142.469
            ],
            [
              -212.255,
              -150.26
            ]
          ]
        },
        "tags": {
          "highway": "tertiary",
          "lanes": "3",
          "name": "7th Avenue",
          "sidewalk": "separate",
          "surface": "asphalt"
        }
      },
      "geometry": {
        "type": "Polygon",
        "coordinates": [
          [
            [
              -205.088,
              -144.011
            ],
            [
              -189.997,
              -99.884
            ],
            [
              -186.767,
              -90.714
            ],
            [
              -195.822,
              -87.525
            ],
            [
              -199.059,
              -96.716
            ],
            [
              -199.073,
              -96.757
            ],
            [
              -214.176,
              -140.916
            ],
            [
              -214.183,
              -140.938
            ],
            [
              -216.805,
              -148.729
            ],
            [
              -207.706,
              -151.791
            ],
            [
              -205.088,
              -144.011
            ]
          ]
        ]
      }
    },
    {
      "type": "Feature",
      "id": "osm:way:745377162",
      "properties": {
        "id": "osm:way:745377162",
        "source_ids": [
          "osm:way:745377162",
          "source:osm"
        ],
        "name": "28th Street",
        "class": "residential",
        "width_m": 12.8,
        "width_status": "ESTIMATED",
        "width_method": "lanes_x_3.2m",
        "surface_status": "ESTIMATED",
        "surface_method": "buffered_centerline",
        "centerline_length_m": 55.5,
        "centerline_local": {
          "type": "LineString",
          "coordinates": [
            [
              -243.72,
              -70.909
            ],
            [
              -205.89,
              -84.104
            ],
            [
              -200.732,
              -85.974
            ],
            [
              -191.295,
              -89.12
            ]
          ]
        },
        "tags": {
          "highway": "residential",
          "lanes": "4",
          "name": "28th Street",
          "sidewalk": "separate",
          "surface": "asphalt"
        }
      },
      "geometry": {
        "type": "Polygon",
        "coordinates": [
          [
            [
              -203.708,
              -78.087
            ],
            [
              -203.782,
              -78.061
            ],
            [
              -241.612,
              -64.866
            ],
            [
              -245.827,
              -76.952
            ],
            [
              -208.035,
              -90.134
            ],
            [
              -202.913,
              -91.99
            ],
            [
              -202.756,
              -92.045
            ],
            [
              -193.319,
              -95.191
            ],
            [
              -189.271,
              -83.048
            ],
            [
              -198.629,
              -79.929
            ],
            [
              -203.708,
              -78.087
            ]
          ]
        ]
      }
    },
    {
      "type": "Feature",
      "id": "osm:way:745377163",
      "properties": {
        "id": "osm:way:745377163",
        "source_ids": [
          "osm:way:745377163",
          "source:osm"
        ],
        "name": "30th Street",
        "class": "residential",
        "width_m": 12.8,
        "width_status": "ESTIMATED",
        "width_method": "lanes_x_3.2m",
        "surface_status": "ESTIMATED",
        "surface_method": "buffered_centerline",
        "centerline_length_m": 63.74,
        "centerline_local": {
          "type": "LineString",
          "coordinates": [
            [
              -111.497,
              147.761
            ],
            [
              -120.384,
              150.847
            ],
            [
              -158.179,
              163.067
            ],
            [
              -162.342,
              164.121
            ],
            [
              -167.702,
              165.03
            ],
            [
              -172.583,
              165.171
            ]
          ]
        },
        "tags": {
          "highway": "residential",
          "lanes": "4",
          "name": "30th Street",
          "sidewalk": "separate",
          "surface": "asphalt"
        }
      },
      "geometry": {
        "type": "Polygon",
        "coordinates": [
          [
            [
              -159.951,
              156.914
            ],
            [
              -122.419,
              144.779
            ],
            [
              -113.596,
              141.715
            ],
            [
              -109.397,
              153.807
            ],
            [
              -118.285,
              156.893
            ],
            [
              -118.415,
              156.937
            ],
            [
              -156.21,
              169.157
            ],
            [
              -156.608,
              169.271
            ],
            [
              -160.771,
              170.325
            ],
            [
              -161.271,
              170.431
            ],
            [
              -166.632,
              171.34
            ],
            [
              -167.516,
              171.427
            ],
            [
              -172.398,
              171.569
            ],
            [
              -172.769,
              158.774
            ],
            [
              -168.332,
              158.646
            ],
            [
              -163.664,
              157.854
            ],
            [
              -159.951,
              156.914
            ]
          ]
        ]
      }
    },
    {
      "type": "Feature",
      "id": "osm:way:745377165",
      "properties": {
        "id": "osm:way:745377165",
        "source_ids": [
          "osm:way:745377165",
          "source:osm"
        ],
        "name": "7th Avenue",
        "class": "tertiary",
        "width_m": 12.8,
        "width_status": "ESTIMATED",
        "width_method": "lanes_x_3.2m",
        "surface_status": "ESTIMATED",
        "surface_method": "buffered_centerline",
        "centerline_length_m": 65.07,
        "centerline_local": {
          "type": "LineString",
          "coordinates": [
            [
              -170.642,
              -27.413
            ],
            [
              -172.478,
              -32.908
            ],
            [
              -188.065,
              -79.475
            ],
            [
              -191.295,
              -89.12
            ]
          ]
        },
        "tags": {
          "highway": "tertiary",
          "lanes": "4",
          "name": "7th Avenue",
          "sidewalk": "separate",
          "surface": "asphalt"
        }
      },
      "geometry": {
        "type": "Polygon",
        "coordinates": [
          [
            [
              -181.996,
              -81.507
            ],
            [
              -166.408,
              -34.937
            ],
            [
              -164.572,
              -29.441
            ],
            [
              -176.712,
              -25.384
            ],
            [
              -178.548,
              -30.878
            ],
            [
              -194.134,
              -77.443
            ],
            [
              -197.363,
              -87.087
            ],
            [
              -185.226,
              -91.152
            ],
            [
              -181.996,
              -81.507
            ]
          ]
        ]
      }
    },
    {
      "type": "Feature",
      "id": "osm:way:745377166",
      "properties": {
        "id": "osm:way:745377166",
        "source_ids": [
          "osm:way:745377166",
          "source:osm"
        ],
        "name": "Lane O",
        "class": "service",
        "width_m": 6.4,
        "width_status": "ESTIMATED",
        "width_method": "lanes_x_3.2m",
        "surface_status": "ESTIMATED",
        "surface_method": "buffered_centerline",
        "centerline_length_m": 54.15,
        "centerline_local": {
          "type": "LineString",
          "coordinates": [
            [
              -170.642,
              -27.413
            ],
            [
              -161.206,
              -30.725
            ],
            [
              -119.363,
              -44.794
            ]
          ]
        },
        "tags": {
          "highway": "service",
          "lanes": "2",
          "name": "Lane O",
          "surface": "asphalt"
        }
      },
      "geometry": {
        "type": "Polygon",
        "coordinates": [
          [
            [
              -118.343,
              -41.761
            ],
            [
              -160.166,
              -27.699
            ],
            [
              -169.582,
              -24.393
            ],
            [
              -171.702,
              -30.432
            ],
            [
              -162.266,
              -33.744
            ],
            [
              -162.226,
              -33.758
            ],
            [
              -120.383,
              -47.827
            ],
            [
              -118.343,
              -41.761
            ]
          ]
        ]
      }
    },
    {
      "type": "Feature",
      "id": "osm:way:745377167",
      "properties": {
        "id": "osm:way:745377167",
        "source_ids": [
          "osm:way:745377167",
          "source:osm"
        ],
        "name": "7th Avenue",
        "class": "tertiary",
        "width_m": 9.6,
        "width_status": "ESTIMATED",
        "width_method": "lanes_x_3.2m",
        "surface_status": "ESTIMATED",
        "surface_method": "buffered_centerline",
        "centerline_length_m": 44.0,
        "centerline_local": {
          "type": "LineString",
          "coordinates": [
            [
              -156.682,
              14.31
            ],
            [
              -168.616,
              -21.156
            ],
            [
              -170.642,
              -27.413
            ]
          ]
        },
        "tags": {
          "highway": "tertiary",
          "lanes": "3",
          "name": "7th Avenue",
          "sidewalk": "separate",
          "surface": "asphalt"
        }
      },
      "geometry": {
        "type": "Polygon",
        "coordinates": [
          [
            [
              -166.075,
              -28.892
            ],
            [
              -164.058,
              -22.66
            ],
            [
              -152.132,
              12.779
            ],
            [
              -161.231,
              15.841
            ],
            [
              -173.165,
              -19.625
            ],
            [
              -173.182,
              -19.677
            ],
            [
              -175.209,
              -25.934
            ],
            [
              -166.075,
              -28.892
            ]
          ]
        ]
      }
    },
    {
      "type": "Feature",
      "id": "osm:way:745377171",
      "properties": {
        "id": "osm:way:745377171",
        "source_ids": [
          "osm:way:745377171",
          "source:osm"
        ],
        "name": "Lane P",
        "class": "service",
        "width_m": 6.4,
        "width_status": "ESTIMATED",
        "width_method": "lanes_x_3.2m",
        "surface_status": "ESTIMATED",
        "surface_method": "buffered_centerline",
        "centerline_length_m": 47.52,
        "centerline_local": {
          "type": "LineString",
          "coordinates": [
            [
              -87.23,
              71.195
            ],
            [
              -122.976,
              83.585
            ],
            [
              -132.099,
              86.84
            ]
          ]
        },
        "tags": {
          "highway": "service",
          "lanes": "2",
          "name": "Lane P",
          "surface": "asphalt"
        }
      },
      "geometry": {
        "type": "Polygon",
        "coordinates": [
          [
            [
              -124.051,
              80.571
            ],
            [
              -124.024,
              80.562
            ],
            [
              -88.278,
              68.172
            ],
            [
              -86.182,
              74.219
            ],
            [
              -121.914,
              86.604
            ],
            [
              -131.024,
              89.854
            ],
            [
              -133.174,
              83.825
            ],
            [
              -124.051,
              80.571
            ]
          ]
        ]
      }
    },
    {
      "type": "Feature",
      "id": "osm:way:745377172",
      "properties": {
        "id": "osm:way:745377172",
        "source_ids": [
          "osm:way:745377172",
          "source:osm"
        ],
        "name": "7th Avenue",
        "class": "tertiary",
        "width_m": 12.8,
        "width_status": "ESTIMATED",
        "width_method": "lanes_x_3.2m",
        "surface_status": "ESTIMATED",
        "surface_method": "buffered_centerline",
        "centerline_length_m": 64.31,
        "centerline_local": {
          "type": "LineString",
          "coordinates": [
            [
              -111.497,
              147.761
            ],
            [
              -114.781,
              138.073
            ],
            [
              -130.471,
              91.927
            ],
            [
              -132.099,
              86.84
            ]
          ]
        },
        "tags": {
          "highway": "tertiary",
          "lanes": "4",
          "name": "7th Avenue",
          "sidewalk": "separate",
          "surface": "asphalt"
        }
      },
      "geometry": {
        "type": "Polygon",
        "coordinates": [
          [
            [
              -124.393,
              89.922
            ],
            [
              -108.72,
              136.018
            ],
            [
              -105.435,
              145.706
            ],
            [
              -117.558,
              149.816
            ],
            [
              -120.841,
              140.13
            ],
            [
              -136.53,
              93.987
            ],
            [
              -136.567,
              93.878
            ],
            [
              -138.195,
              88.79
            ],
            [
              -126.004,
              84.889
            ],
            [
              -124.393,
              89.922
            ]
          ]
        ]
      }
    },
    {
      "type": "Feature",
      "id": "osm:way:745377173",
      "properties": {
        "id": "osm:way:745377173",
        "source_ids": [
          "osm:way:745377173",
          "source:osm"
        ],
        "name": "30th Street",
        "class": "residential",
        "width_m": 12.8,
        "width_status": "ESTIMATED",
        "width_method": "lanes_x_3.2m",
        "surface_status": "ESTIMATED",
        "surface_method": "buffered_centerline",
        "centerline_length_m": 54.36,
        "centerline_local": {
          "type": "LineString",
          "coordinates": [
            [
              -59.992,
              130.367
            ],
            [
              -101.727,
              144.457
            ],
            [
              -111.497,
              147.761
            ]
          ]
        },
        "tags": {
          "highway": "residential",
          "lanes": "4",
          "name": "30th Street",
          "sidewalk": "separate",
          "surface": "asphalt"
        }
      },
      "geometry": {
        "type": "Polygon",
        "coordinates": [
          [
            [
              -113.547,
              141.698
            ],
            [
              -103.774,
              138.394
            ],
            [
              -62.039,
              124.303
            ],
            [
              -57.945,
              136.431
            ],
            [
              -99.678,
              150.52
            ],
            [
              -109.446,
              153.824
            ],
            [
              -113.547,
              141.698
            ]
          ]
        ]
      }
    },
    {
      "type": "Feature",
      "id": "osm:way:745722757",
      "properties": {
        "id": "osm:way:745722757",
        "source_ids": [
          "osm:way:745722757",
          "source:osm"
        ],
        "name": "West Gallery Place Drop Off",
        "class": "service",
        "width_m": 5.0,
        "width_status": "ESTIMATED",
        "width_method": "highway_class_default",
        "surface_status": "ESTIMATED",
        "surface_method": "buffered_centerline",
        "centerline_length_m": 69.85,
        "centerline_local": {
          "type": "LineString",
          "coordinates": [
            [
              54.124,
              -172.513
            ],
            [
              50.955,
              -182.634
            ],
            [
              49.07,
              -188.826
            ],
            [
              32.327,
              -238.869
            ]
          ]
        },
        "tags": {
          "highway": "service",
          "name": "West Gallery Place Drop Off"
        }
      },
      "geometry": {
        "type": "Polygon",
        "coordinates": [
          [
            [
              51.461,
              -189.554
            ],
            [
              53.344,
              -183.371
            ],
            [
              56.51,
              -173.26
            ],
            [
              51.739,
              -171.766
            ],
            [
              48.569,
              -181.887
            ],
            [
              48.563,
              -181.905
            ],
            [
              46.688,
              -188.065
            ],
            [
              29.956,
              -238.076
            ],
            [
              34.698,
              -239.662
            ],
            [
              51.44,
              -189.619
            ],
            [
              51.461,
              -189.554
            ]
          ]
        ]
      }
    },
    {
      "type": "Feature",
      "id": "osm:way:746584487",
      "properties": {
        "id": "osm:way:746584487",
        "source_ids": [
          "osm:way:746584487",
          "source:osm"
        ],
        "name": "28th Street",
        "class": "residential",
        "width_m": 12.8,
        "width_status": "ESTIMATED",
        "width_method": "lanes_x_3.2m",
        "surface_status": "ESTIMATED",
        "surface_method": "buffered_centerline",
        "centerline_length_m": 26.69,
        "centerline_local": {
          "type": "LineString",
          "coordinates": [
            [
              89.208,
              -184.156
            ],
            [
              114.554,
              -192.505
            ]
          ]
        },
        "tags": {
          "highway": "residential",
          "lanes": "4",
          "name": "28th Street",
          "sidewalk": "separate",
          "surface": "asphalt"
        }
      },
      "geometry": {
        "type": "Polygon",
        "coordinates": [
          [
            [
              112.552,
              -198.583
            ],
            [
              116.557,
              -186.426
            ],
            [
              91.21,
              -178.077
            ],
            [
              87.206,
              -190.234
            ],
            [
              112.552,
              -198.583
            ]
          ]
        ]
      }
    },
    {
      "type": "Feature",
      "id": "osm:way:747175703",
      "properties": {
        "id": "osm:way:747175703",
        "source_ids": [
          "osm:way:747175703",
          "source:osm"
        ],
        "name": "5th Avenue",
        "class": "secondary",
        "width_m": 12.8,
        "width_status": "ESTIMATED",
        "width_method": "lanes_x_3.2m",
        "surface_status": "ESTIMATED",
        "surface_method": "buffered_centerline",
        "centerline_length_m": 65.12,
        "centerline_local": {
          "type": "LineString",
          "coordinates": [
            [
              -327.771,
              117.254
            ],
            [
              -307.758,
              177.229
            ],
            [
              -307.159,
              179.028
            ]
          ]
        },
        "tags": {
          "highway": "secondary",
          "lanes": "4",
          "name": "5th Avenue",
          "surface": "asphalt"
        }
      },
      "geometry": {
        "type": "Polygon",
        "coordinates": [
          [
            [
              -313.231,
              181.049
            ],
            [
              -313.829,
              179.253
            ],
            [
              -333.842,
              119.28
            ],
            [
              -321.7,
              115.228
            ],
            [
              -301.685,
              175.207
            ],
            [
              -301.086,
              177.006
            ],
            [
              -313.231,
              181.049
            ]
          ]
        ]
      }
    },
    {
      "type": "Feature",
      "id": "osm:way:747175713",
      "properties": {
        "id": "osm:way:747175713",
        "source_ids": [
          "osm:way:747175713",
          "source:osm"
        ],
        "name": "30th Street",
        "class": "residential",
        "width_m": 12.8,
        "width_status": "ESTIMATED",
        "width_method": "lanes_x_3.2m",
        "surface_status": "ESTIMATED",
        "surface_method": "buffered_centerline",
        "centerline_length_m": 68.18,
        "centerline_local": {
          "type": "LineString",
          "coordinates": [
            [
              -172.583,
              165.171
            ],
            [
              -181.248,
              165.434
            ],
            [
              -200.713,
              165.567
            ],
            [
              -226.367,
              165.654
            ],
            [
              -230.892,
              165.936
            ],
            [
              -240.68,
              167.126
            ]
          ]
        },
        "tags": {
          "highway": "residential",
          "lanes": "4",
          "name": "30th Street",
          "sidewalk": "separate",
          "surface": "asphalt"
        }
      },
      "geometry": {
        "type": "Polygon",
        "coordinates": [
          [
            [
              -200.746,
              159.167
            ],
            [
              -181.366,
              159.034
            ],
            [
              -172.777,
              158.774
            ],
            [
              -172.39,
              171.568
            ],
            [
              -181.054,
              171.831
            ],
            [
              -181.204,
              171.833
            ],
            [
              -200.67,
              171.967
            ],
            [
              -200.692,
              171.967
            ],
            [
              -226.157,
              172.053
            ],
            [
              -230.306,
              172.312
            ],
            [
              -239.907,
              173.48
            ],
            [
              -241.452,
              160.773
            ],
            [
              -231.664,
              159.583
            ],
            [
              -231.29,
              159.548
            ],
            [
              -226.765,
              159.266
            ],
            [
              -226.389,
              159.254
            ],
            [
              -200.746,
              159.167
            ]
          ]
        ]
      }
    },
    {
      "type": "Feature",
      "id": "osm:way:747175714",
      "properties": {
        "id": "osm:way:747175714",
        "source_ids": [
          "osm:way:747175714",
          "source:osm"
        ],
        "name": null,
        "class": "service",
        "width_m": 5.0,
        "width_status": "ESTIMATED",
        "width_method": "highway_class_default",
        "surface_status": "ESTIMATED",
        "surface_method": "buffered_centerline",
        "centerline_length_m": 39.16,
        "centerline_local": {
          "type": "LineString",
          "coordinates": [
            [
              -200.713,
              165.567
            ],
            [
              -204.405,
              154.897
            ],
            [
              -213.512,
              128.56
            ]
          ]
        },
        "tags": {
          "highway": "service"
        }
      },
      "geometry": {
        "type": "Polygon",
        "coordinates": [
          [
            [
              -211.15,
              127.743
            ],
            [
              -202.042,
              154.08
            ],
            [
              -198.351,
              164.75
            ],
            [
              -203.076,
              166.384
            ],
            [
              -206.768,
              155.714
            ],
            [
              -215.875,
              129.377
            ],
            [
              -211.15,
              127.743
            ]
          ]
        ]
      }
    },
    {
      "type": "Feature",
      "id": "osm:way:814837399",
      "properties": {
        "id": "osm:way:814837399",
        "source_ids": [
          "osm:way:814837399",
          "source:osm"
        ],
        "name": "5th Avenue",
        "class": "secondary",
        "width_m": 9.6,
        "width_status": "ESTIMATED",
        "width_method": "lanes_x_3.2m",
        "surface_status": "ESTIMATED",
        "surface_method": "buffered_centerline",
        "centerline_length_m": 15.76,
        "centerline_local": {
          "type": "LineString",
          "coordinates": [
            [
              -374.402,
              -17.563
            ],
            [
              -372.611,
              -12.349
            ],
            [
              -369.219,
              -2.684
            ]
          ]
        },
        "tags": {
          "highway": "secondary",
          "lanes": "3",
          "name": "5th Avenue",
          "surface": "asphalt"
        }
      },
      "geometry": {
        "type": "Polygon",
        "coordinates": [
          [
            [
              -377.141,
              -10.759
            ],
            [
              -377.151,
              -10.789
            ],
            [
              -378.942,
              -16.003
            ],
            [
              -369.863,
              -19.122
            ],
            [
              -368.077,
              -13.923
            ],
            [
              -364.69,
              -4.273
            ],
            [
              -373.749,
              -1.094
            ],
            [
              -377.141,
              -10.759
            ]
          ]
        ]
      }
    },
    {
      "type": "Feature",
      "id": "osm:way:814837416",
      "properties": {
        "id": "osm:way:814837416",
        "source_ids": [
          "osm:way:814837416",
          "source:osm"
        ],
        "name": "5th Avenue",
        "class": "secondary",
        "width_m": 9.6,
        "width_status": "ESTIMATED",
        "width_method": "lanes_x_3.2m",
        "surface_status": "ESTIMATED",
        "surface_method": "buffered_centerline",
        "centerline_length_m": 83.68,
        "centerline_local": {
          "type": "LineString",
          "coordinates": [
            [
              -369.219,
              -2.684
            ],
            [
              -365.452,
              8.085
            ],
            [
              -346.403,
              62.457
            ],
            [
              -341.552,
              76.293
            ]
          ]
        },
        "tags": {
          "highway": "secondary",
          "lanes": "3",
          "name": "5th Avenue",
          "surface": "asphalt"
        }
      },
      "geometry": {
        "type": "Polygon",
        "coordinates": [
          [
            [
              -350.933,
              64.045
            ],
            [
              -369.982,
              9.67
            ],
            [
              -373.75,
              -1.098
            ],
            [
              -364.689,
              -4.269
            ],
            [
              -360.921,
              6.499
            ],
            [
              -341.873,
              60.87
            ],
            [
              -337.022,
              74.705
            ],
            [
              -346.082,
              77.881
            ],
            [
              -350.933,
              64.045
            ]
          ]
        ]
      }
    },
    {
      "type": "Feature",
      "id": "osm:way:814837417",
      "properties": {
        "id": "osm:way:814837417",
        "source_ids": [
          "osm:way:814837417",
          "source:osm"
        ],
        "name": "28th Street",
        "class": "residential",
        "width_m": 12.8,
        "width_status": "ESTIMATED",
        "width_method": "lanes_x_3.2m",
        "surface_status": "ESTIMATED",
        "surface_method": "buffered_centerline",
        "centerline_length_m": 5.31,
        "centerline_local": {
          "type": "LineString",
          "coordinates": [
            [
              -374.261,
              -1.002
            ],
            [
              -369.219,
              -2.684
            ]
          ]
        },
        "tags": {
          "highway": "residential",
          "lanes": "4",
          "name": "28th Street",
          "sidewalk": "separate",
          "surface": "asphalt"
        }
      },
      "geometry": {
        "type": "Polygon",
        "coordinates": [
          [
            [
              -371.245,
              -8.755
            ],
            [
              -367.194,
              3.387
            ],
            [
              -372.235,
              5.069
            ],
            [
              -376.286,
              -7.073
            ],
            [
              -371.245,
              -8.755
            ]
          ]
        ]
      }
    },
    {
      "type": "Feature",
      "id": "osm:way:894562383",
      "properties": {
        "id": "osm:way:894562383",
        "source_ids": [
          "osm:way:894562383",
          "source:osm"
        ],
        "name": null,
        "class": "service",
        "width_m": 5.0,
        "width_status": "ESTIMATED",
        "width_method": "highway_class_default",
        "surface_status": "ESTIMATED",
        "surface_method": "buffered_centerline",
        "centerline_length_m": 18.86,
        "centerline_local": {
          "type": "LineString",
          "coordinates": [
            [
              -213.512,
              128.56
            ],
            [
              -195.671,
              122.453
            ]
          ]
        },
        "tags": {
          "highway": "service"
        }
      },
      "geometry": {
        "type": "Polygon",
        "coordinates": [
          [
            [
              -196.481,
              120.088
            ],
            [
              -194.862,
              124.818
            ],
            [
              -212.703,
              130.925
            ],
            [
              -214.322,
              126.194
            ],
            [
              -196.481,
              120.088
            ]
          ]
        ]
      }
    },
    {
      "type": "Feature",
      "id": "osm:way:894584877",
      "properties": {
        "id": "osm:way:894584877",
        "source_ids": [
          "osm:way:894584877",
          "source:osm"
        ],
        "name": null,
        "class": "service",
        "width_m": 5.0,
        "width_status": "ESTIMATED",
        "width_method": "highway_class_default",
        "surface_status": "ESTIMATED",
        "surface_method": "buffered_centerline",
        "centerline_length_m": 3.34,
        "centerline_local": {
          "type": "LineString",
          "coordinates": [
            [
              115.088,
              2.436
            ],
            [
              116.247,
              5.572
            ]
          ]
        },
        "tags": {
          "highway": "service"
        }
      },
      "geometry": {
        "type": "Polygon",
        "coordinates": [
          [
            [
              118.592,
              4.705
            ],
            [
              113.902,
              6.438
            ],
            [
              112.743,
              3.302
            ],
            [
              117.433,
              1.569
            ],
            [
              118.592,
              4.705
            ]
          ]
        ]
      }
    },
    {
      "type": "Feature",
      "id": "osm:way:894584878",
      "properties": {
        "id": "osm:way:894584878",
        "source_ids": [
          "osm:way:894584878",
          "source:osm"
        ],
        "name": null,
        "class": "service",
        "width_m": 5.0,
        "width_status": "ESTIMATED",
        "width_method": "highway_class_default",
        "surface_status": "ESTIMATED",
        "surface_method": "buffered_centerline",
        "centerline_length_m": 12.71,
        "centerline_local": {
          "type": "LineString",
          "coordinates": [
            [
              82.582,
              -125.779
            ],
            [
              83.985,
              -121.752
            ],
            [
              86.695,
              -113.752
            ]
          ]
        },
        "tags": {
          "highway": "service"
        }
      },
      "geometry": {
        "type": "Polygon",
        "coordinates": [
          [
            [
              84.327,
              -112.95
            ],
            [
              81.621,
              -120.939
            ],
            [
              80.221,
              -124.956
            ],
            [
              84.943,
              -126.602
            ],
            [
              86.346,
              -122.574
            ],
            [
              86.353,
              -122.554
            ],
            [
              89.062,
              -114.554
            ],
            [
              84.327,
              -112.95
            ]
          ]
        ]
      }
    },
    {
      "type": "Feature",
      "id": "osm:way:903015507",
      "properties": {
        "id": "osm:way:903015507",
        "source_ids": [
          "osm:way:903015507",
          "source:osm"
        ],
        "name": null,
        "class": "service",
        "width_m": 5.0,
        "width_status": "ESTIMATED",
        "width_method": "highway_class_default",
        "surface_status": "ESTIMATED",
        "surface_method": "buffered_centerline",
        "centerline_length_m": 61.91,
        "centerline_local": {
          "type": "LineString",
          "coordinates": [
            [
              -237.349,
              -21.774
            ],
            [
              -242.22,
              -41.784
            ],
            [
              -243.358,
              -43.722
            ],
            [
              -245.249,
              -44.348
            ],
            [
              -248.117,
              -43.139
            ],
            [
              -258.782,
              -34.826
            ],
            [
              -260.546,
              -33.117
            ],
            [
              -260.662,
              -30.317
            ],
            [
              -255.613,
              -15.995
            ]
          ]
        },
        "tags": {
          "highway": "service"
        }
      },
      "geometry": {
        "type": "Polygon",
        "coordinates": [
          [
            [
              -239.86,
              -42.609
            ],
            [
              -239.791,
              -42.376
            ],
            [
              -234.92,
              -22.365
            ],
            [
              -239.778,
              -21.182
            ],
            [
              -244.562,
              -40.836
            ],
            [
              -245.037,
              -41.644
            ],
            [
              -245.143,
              -41.68
            ],
            [
              -246.841,
              -40.964
            ],
            [
              -257.139,
              -32.936
            ],
            [
              -258.089,
              -32.016
            ],
            [
              -258.144,
              -30.694
            ],
            [
              -253.256,
              -16.827
            ],
            [
              -257.971,
              -15.164
            ],
            [
              -263.02,
              -29.485
            ],
            [
              -263.088,
              -29.713
            ],
            [
              -263.134,
              -29.946
            ],
            [
              -263.158,
              -30.182
            ],
            [
              -263.16,
              -30.42
            ],
            [
              -263.044,
              -33.221
            ],
            [
              -263.023,
              -33.457
            ],
            [
              -262.979,
              -33.691
            ],
            [
              -262.914,
              -33.919
            ],
            [
              -262.827,
              -34.14
            ],
            [
              -262.72,
              -34.352
            ],
            [
              -262.593,
              -34.552
            ],
            [
              -262.448,
              -34.74
            ],
            [
              -262.285,
              -34.913
            ],
            [
              -260.521,
              -36.621
            ],
            [
              -260.319,
              -36.797
            ],
            [
              -249.654,
              -45.111
            ],
            [
              -249.475,
              -45.238
            ],
            [
              -249.286,
              -45.349
            ],
            [
              -249.088,
              -45.443
            ],
            [
              -246.22,
              -46.652
            ],
            [
              -245.979,
              -46.739
            ],
            [
              -245.73,
              -46.801
            ],
            [
              -245.477,
              -46.838
            ],
            [
              -245.22,
              -46.848
            ],
            [
              -244.965,
              -46.832
            ],
            [
              -244.712,
              -46.789
            ],
            [
              -244.464,
              -46.721
            ],
            [
              -242.573,
              -46.096
            ],
            [
              -242.333,
              -46.003
            ],
            [
              -242.104,
              -45.885
            ],
            [
              -241.888,
              -45.745
            ],
            [
              -241.688,
              -45.583
            ],
            [
              -241.506,
              -45.402
            ],
            [
              -241.343,
              -45.203
            ],
            [
              -241.202,
              -44.988
            ],
            [
              -240.064,
              -43.05
            ],
            [
              -239.951,
              -42.834
            ],
            [
              -239.86,
              -42.609
            ]
          ]
        ]
      }
    },
    {
      "type": "Feature",
      "id": "osm:way:903018999",
      "properties": {
        "id": "osm:way:903018999",
        "source_ids": [
          "osm:way:903018999",
          "source:osm"
        ],
        "name": null,
        "class": "service",
        "width_m": 5.0,
        "width_status": "ESTIMATED",
        "width_method": "highway_class_default",
        "surface_status": "ESTIMATED",
        "surface_method": "buffered_centerline",
        "centerline_length_m": 12.66,
        "centerline_local": {
          "type": "LineString",
          "coordinates": [
            [
              -273.342,
              175.783
            ],
            [
              -276.647,
              166.206
            ],
            [
              -277.529,
              163.834
            ]
          ]
        },
        "tags": {
          "highway": "service"
        }
      },
      "geometry": {
        "type": "Polygon",
        "coordinates": [
          [
            [
              -274.304,
              165.334
            ],
            [
              -274.283,
              165.39
            ],
            [
              -270.978,
              174.968
            ],
            [
              -275.705,
              176.599
            ],
            [
              -279.0,
              167.05
            ],
            [
              -279.872,
              164.706
            ],
            [
              -275.186,
              162.962
            ],
            [
              -274.304,
              165.334
            ]
          ]
        ]
      }
    },
    {
      "type": "Feature",
      "id": "osm:way:903019000",
      "properties": {
        "id": "osm:way:903019000",
        "source_ids": [
          "osm:way:903019000",
          "source:osm"
        ],
        "name": null,
        "class": "service",
        "width_m": 5.0,
        "width_status": "ESTIMATED",
        "width_method": "highway_class_default",
        "surface_status": "ESTIMATED",
        "surface_method": "buffered_centerline",
        "centerline_length_m": 13.41,
        "centerline_local": {
          "type": "LineString",
          "coordinates": [
            [
              -261.289,
              158.295
            ],
            [
              -260.442,
              160.346
            ],
            [
              -256.569,
              170.848
            ]
          ]
        },
        "tags": {
          "highway": "service"
        }
      },
      "geometry": {
        "type": "Polygon",
        "coordinates": [
          [
            [
              -258.914,
              171.713
            ],
            [
              -262.771,
              161.256
            ],
            [
              -263.6,
              159.249
            ],
            [
              -258.979,
              157.34
            ],
            [
              -258.131,
              159.391
            ],
            [
              -258.096,
              159.481
            ],
            [
              -254.223,
              169.983
            ],
            [
              -258.914,
              171.713
            ]
          ]
        ]
      }
    },
    {
      "type": "Feature",
      "id": "osm:way:945694565",
      "properties": {
        "id": "osm:way:945694565",
        "source_ids": [
          "osm:way:945694565",
          "source:osm"
        ],
        "name": "7th Avenue",
        "class": "tertiary",
        "width_m": 12.8,
        "width_status": "ESTIMATED",
        "width_method": "lanes_x_3.2m",
        "surface_status": "ESTIMATED",
        "surface_method": "buffered_centerline",
        "centerline_length_m": 76.58,
        "centerline_local": {
          "type": "LineString",
          "coordinates": [
            [
              -132.099,
              86.84
            ],
            [
              -133.968,
              81.322
            ],
            [
              -144.717,
              49.576
            ],
            [
              -145.526,
              47.016
            ],
            [
              -147.564,
              40.57
            ],
            [
              -152.394,
              26.646
            ],
            [
              -156.682,
              14.31
            ]
          ]
        },
        "tags": {
          "highway": "tertiary",
          "lanes": "4",
          "name": "7th Avenue",
          "sidewalk": "separate",
          "surface": "asphalt"
        }
      },
      "geometry": {
        "type": "Polygon",
        "coordinates": [
          [
            [
              -138.634,
              47.586
            ],
            [
              -127.906,
              79.269
            ],
            [
              -126.037,
              84.786
            ],
            [
              -138.161,
              88.893
            ],
            [
              -140.03,
              83.375
            ],
            [
              -150.779,
              51.629
            ],
            [
              -150.82,
              51.504
            ],
            [
              -151.628,
              48.944
            ],
            [
              -153.64,
              42.584
            ],
            [
              -158.44,
              28.745
            ],
            [
              -162.727,
              16.411
            ],
            [
              -150.636,
              12.209
            ],
            [
              -146.347,
              24.548
            ],
            [
              -141.518,
              38.473
            ],
            [
              -141.462,
              38.64
            ],
            [
              -139.423,
              45.088
            ],
            [
              -138.634,
              47.586
            ]
          ]
        ]
      }
    },
    {
      "type": "Feature",
      "id": "osm:way:945694567",
      "properties": {
        "id": "osm:way:945694567",
        "source_ids": [
          "osm:way:945694567",
          "source:osm"
        ],
        "name": "5th Avenue",
        "class": "secondary",
        "width_m": 9.6,
        "width_status": "ESTIMATED",
        "width_method": "lanes_x_3.2m",
        "surface_status": "ESTIMATED",
        "surface_method": "buffered_centerline",
        "centerline_length_m": 11.63,
        "centerline_local": {
          "type": "LineString",
          "coordinates": [
            [
              -331.455,
              106.219
            ],
            [
              -327.771,
              117.254
            ]
          ]
        },
        "tags": {
          "highway": "secondary",
          "lanes": "3",
          "name": "5th Avenue",
          "surface": "asphalt"
        }
      },
      "geometry": {
        "type": "Polygon",
        "coordinates": [
          [
            [
              -323.218,
              115.734
            ],
            [
              -332.324,
              118.774
            ],
            [
              -336.008,
              107.739
            ],
            [
              -326.902,
              104.699
            ],
            [
              -323.218,
              115.734
            ]
          ]
        ]
      }
    },
    {
      "type": "Feature",
      "id": "osm:way:945694568",
      "properties": {
        "id": "osm:way:945694568",
        "source_ids": [
          "osm:way:945694568",
          "source:osm"
        ],
        "name": "5th Avenue",
        "class": "secondary",
        "width_m": 9.6,
        "width_status": "ESTIMATED",
        "width_method": "lanes_x_3.2m",
        "surface_status": "ESTIMATED",
        "surface_method": "buffered_centerline",
        "centerline_length_m": 30.83,
        "centerline_local": {
          "type": "LineString",
          "coordinates": [
            [
              -341.473,
              109.426
            ],
            [
              -346.527,
              93.279
            ],
            [
              -350.865,
              80.058
            ]
          ]
        },
        "tags": {
          "highway": "secondary",
          "lanes": "3",
          "name": "5th Avenue",
          "surface": "asphalt"
        }
      },
      "geometry": {
        "type": "Polygon",
        "coordinates": [
          [
            [
              -341.966,
              91.782
            ],
            [
              -341.946,
              91.845
            ],
            [
              -336.892,
              107.992
            ],
            [
              -346.054,
              110.859
            ],
            [
              -351.098,
              94.744
            ],
            [
              -355.426,
              81.555
            ],
            [
              -346.305,
              78.561
            ],
            [
              -341.966,
              91.782
            ]
          ]
        ]
      }
    },
    {
      "type": "Feature",
      "id": "osm:way:945694569",
      "properties": {
        "id": "osm:way:945694569",
        "source_ids": [
          "osm:way:945694569",
          "source:osm"
        ],
        "name": "5th Avenue",
        "class": "secondary",
        "width_m": 9.6,
        "width_status": "ESTIMATED",
        "width_method": "lanes_x_3.2m",
        "surface_status": "ESTIMATED",
        "surface_method": "buffered_centerline",
        "centerline_length_m": 31.58,
        "centerline_local": {
          "type": "LineString",
          "coordinates": [
            [
              -341.552,
              76.293
            ],
            [
              -336.864,
              90.031
            ],
            [
              -331.455,
              106.219
            ]
          ]
        },
        "tags": {
          "highway": "secondary",
          "lanes": "3",
          "name": "5th Avenue",
          "surface": "asphalt"
        }
      },
      "geometry": {
        "type": "Polygon",
        "coordinates": [
          [
            [
              -336.007,
              107.74
            ],
            [
              -341.412,
              91.567
            ],
            [
              -346.095,
              77.844
            ],
            [
              -337.009,
              74.743
            ],
            [
              -332.321,
              88.481
            ],
            [
              -332.312,
              88.51
            ],
            [
              -326.902,
              104.698
            ],
            [
              -336.007,
              107.74
            ]
          ]
        ]
      }
    },
    {
      "type": "Feature",
      "id": "osm:way:945694570",
      "properties": {
        "id": "osm:way:945694570",
        "source_ids": [
          "osm:way:945694570",
          "source:osm"
        ],
        "name": "5th Avenue",
        "class": "secondary",
        "width_m": 9.6,
        "width_status": "ESTIMATED",
        "width_method": "lanes_x_3.2m",
        "surface_status": "ESTIMATED",
        "surface_method": "buffered_centerline",
        "centerline_length_m": 48.35,
        "centerline_local": {
          "type": "LineString",
          "coordinates": [
            [
              -350.865,
              80.058
            ],
            [
              -365.951,
              34.118
            ]
          ]
        },
        "tags": {
          "highway": "secondary",
          "lanes": "3",
          "name": "5th Avenue",
          "surface": "asphalt"
        }
      },
      "geometry": {
        "type": "Polygon",
        "coordinates": [
          [
            [
              -370.511,
              35.615
            ],
            [
              -361.39,
              32.62
            ],
            [
              -346.305,
              78.561
            ],
            [
              -355.426,
              81.556
            ],
            [
              -370.511,
              35.615
            ]
          ]
        ]
      }
    }
  ]
}
