{
  "type": "FeatureCollection",
  "name": "pilot-paths",
  "schema_version": 2,
  "dataset_id": "pilot-paths",
  "source_id": "source:osm",
  "source_sha256": "09dc9d5aea72e11ad8d84d1c8d2e88132c0a5556e7a2f601824a0a7a74d4adcd",
  "source_retrieved_at": "2026-09-10T13:46:35.844894+00:00",
  "source_crs": "EPSG:4326",
  "projected_crs": "EPSG:32651",
  "local_frame": {
    "origin_wgs84": {
      "longitude": 121.050972,
      "latitude": 14.550806
    },
    "origin_projected": {
      "easting": 289998.297,
      "northing": 1609541.742
    },
    "axes": {
      "x": "east",
      "y": "north",
      "z": "up"
    },
    "units": "metres",
    "transform_library": "pyproj"
  },
  "features": [
    {
      "type": "Feature",
      "id": "osm:way:1064089139",
      "properties": {
        "id": "osm:way:1064089139",
        "source_ids": [
          "osm:way:1064089139",
          "source:osm"
        ],
        "name": null,
        "class": "footway",
        "width_m": 1.8,
        "width_status": "ESTIMATED",
        "width_method": "path_class_default",
        "surface_status": "ESTIMATED",
        "surface_method": "buffered_centerline",
        "centerline_length_m": 1.1,
        "centerline_local": {
          "type": "LineString",
          "coordinates": [
            [
              -314.588,
              18.993
            ],
            [
              -315.642,
              19.3
            ]
          ]
        },
        "tags": {
          "highway": "footway"
        }
      },
      "geometry": {
        "type": "Polygon",
        "coordinates": [
          [
            [
              -315.39,
              20.164
            ],
            [
              -315.894,
              18.436
            ],
            [
              -314.841,
              18.129
            ],
            [
              -314.336,
              19.856
            ],
            [
              -315.39,
              20.164
            ]
          ]
        ]
      }
    },
    {
      "type": "Feature",
      "id": "osm:way:1064089140",
      "properties": {
        "id": "osm:way:1064089140",
        "source_ids": [
          "osm:way:1064089140",
          "source:osm"
        ],
        "name": null,
        "class": "footway",
        "width_m": 1.8,
        "width_status": "ESTIMATED",
        "width_method": "path_class_default",
        "surface_status": "ESTIMATED",
        "surface_method": "buffered_centerline",
        "centerline_length_m": 1.0,
        "centerline_local": {
          "type": "LineString",
          "coordinates": [
            [
              -312.311,
              57.163
            ],
            [
              -311.657,
              57.921
            ]
          ]
        },
        "tags": {
          "highway": "footway"
        }
      },
      "geometry": {
        "type": "Polygon",
        "coordinates": [
          [
            [
              -310.976,
              57.334
            ],
            [
              -312.339,
              58.509
            ],
            [
              -312.992,
              57.751
            ],
            [
              -311.629,
              56.576
            ],
            [
              -310.976,
              57.334
            ]
          ]
        ]
      }
    },
    {
      "type": "Feature",
      "id": "osm:way:110262540",
      "properties": {
        "id": "osm:way:110262540",
        "source_ids": [
          "osm:way:110262540",
          "source:osm"
        ],
        "name": "8th Avenue",
        "class": "pedestrian",
        "width_m": 5.0,
        "width_status": "ESTIMATED",
        "width_method": "path_class_default",
        "surface_status": "ESTIMATED",
        "surface_method": "buffered_centerline",
        "centerline_length_m": 55.02,
        "centerline_local": {
          "type": "LineString",
          "coordinates": [
            [
              -76.822,
              -59.113
            ],
            [
              -94.654,
              -111.161
            ]
          ]
        },
        "tags": {
          "highway": "pedestrian",
          "name": "8th Avenue",
          "surface": "concrete"
        }
      },
      "geometry": {
        "type": "Polygon",
        "coordinates": [
          [
            [
              -97.019,
              -110.351
            ],
            [
              -92.289,
              -111.971
            ],
            [
              -74.457,
              -59.923
            ],
            [
              -79.187,
              -58.303
            ],
            [
              -97.019,
              -110.351
            ]
          ]
        ]
      }
    },
    {
      "type": "Feature",
      "id": "osm:way:1156000159",
      "properties": {
        "id": "osm:way:1156000159",
        "source_ids": [
          "osm:way:1156000159",
          "source:osm"
        ],
        "name": null,
        "class": "footway",
        "width_m": 1.5,
        "width_status": "VERIFIED_GEOGRAPHIC",
        "width_method": "osm_width",
        "surface_status": "ESTIMATED",
        "surface_method": "buffered_centerline",
        "centerline_length_m": 18.03,
        "centerline_local": {
          "type": "LineString",
          "coordinates": [
            [
              -111.401,
              177.352
            ],
            [
              -117.156,
              160.27
            ]
          ]
        },
        "tags": {
          "footway": "sidewalk",
          "highway": "footway",
          "surface": "concrete",
          "width": "1.5"
        }
      },
      "geometry": {
        "type": "Polygon",
        "coordinates": [
          [
            [
              -117.867,
              160.51
            ],
            [
              -116.446,
              160.031
            ],
            [
              -110.69,
              177.113
            ],
            [
              -112.112,
              177.592
            ],
            [
              -117.867,
              160.51
            ]
          ]
        ]
      }
    },
    {
      "type": "Feature",
      "id": "osm:way:1170881168",
      "properties": {
        "id": "osm:way:1170881168",
        "source_ids": [
          "osm:way:1170881168",
          "source:osm"
        ],
        "name": "8th Avenue",
        "class": "pedestrian",
        "width_m": 5.0,
        "width_status": "ESTIMATED",
        "width_method": "path_class_default",
        "surface_status": "ESTIMATED",
        "surface_method": "buffered_centerline",
        "centerline_length_m": 57.81,
        "centerline_local": {
          "type": "LineString",
          "coordinates": [
            [
              -119.164,
              -182.739
            ],
            [
              -120.855,
              -187.672
            ],
            [
              -135.657,
              -230.726
            ],
            [
              -137.955,
              -237.413
            ]
          ]
        },
        "tags": {
          "highway": "pedestrian",
          "name": "8th Avenue"
        }
      },
      "geometry": {
        "type": "Polygon",
        "coordinates": [
          [
            [
              -133.292,
              -231.539
            ],
            [
              -118.49,
              -188.483
            ],
            [
              -116.799,
              -183.55
            ],
            [
              -121.528,
              -181.929
            ],
            [
              -123.219,
              -186.86
            ],
            [
              -138.021,
              -229.914
            ],
            [
              -140.319,
              -236.6
            ],
            [
              -135.591,
              -238.226
            ],
            [
              -133.292,
              -231.539
            ]
          ]
        ]
      }
    },
    {
      "type": "Feature",
      "id": "osm:way:1222045871",
      "properties": {
        "id": "osm:way:1222045871",
        "source_ids": [
          "osm:way:1222045871",
          "source:osm"
        ],
        "name": "Bonifacio High Street",
        "class": "pedestrian",
        "width_m": 5.0,
        "width_status": "ESTIMATED",
        "width_method": "path_class_default",
        "surface_status": "ESTIMATED",
        "surface_method": "buffered_centerline",
        "centerline_length_m": 48.27,
        "centerline_local": {
          "type": "LineString",
          "coordinates": [
            [
              -189.302,
              74.414
            ],
            [
              -193.19,
              74.868
            ],
            [
              -228.715,
              79.023
            ],
            [
              -237.231,
              80.114
            ]
          ]
        },
        "tags": {
          "highway": "pedestrian",
          "name": "Bonifacio High Street"
        }
      },
      "geometry": {
        "type": "Polygon",
        "coordinates": [
          [
            [
              -229.005,
              76.54
            ],
            [
              -193.48,
              72.385
            ],
            [
              -189.592,
              71.931
            ],
            [
              -189.013,
              76.898
            ],
            [
              -192.9,
              77.351
            ],
            [
              -228.41,
              81.505
            ],
            [
              -236.914,
              82.594
            ],
            [
              -237.549,
              77.635
            ],
            [
              -229.032,
              76.544
            ],
            [
              -229.005,
              76.54
            ]
          ]
        ]
      }
    },
    {
      "type": "Feature",
      "id": "osm:way:1222045872",
      "properties": {
        "id": "osm:way:1222045872",
        "source_ids": [
          "osm:way:1222045872",
          "source:osm"
        ],
        "name": "Bonifacio High Street",
        "class": "pedestrian",
        "width_m": 5.0,
        "width_status": "ESTIMATED",
        "width_method": "path_class_default",
        "surface_status": "ESTIMATED",
        "surface_method": "buffered_centerline",
        "centerline_length_m": 20.24,
        "centerline_local": {
          "type": "LineString",
          "coordinates": [
            [
              -237.231,
              80.114
            ],
            [
              -240.277,
              73.18
            ],
            [
              -252.46,
              76.659
            ]
          ]
        },
        "tags": {
          "highway": "pedestrian",
          "name": "Bonifacio High Street"
        }
      },
      "geometry": {
        "type": "Polygon",
        "coordinates": [
          [
            [
              -238.094,
              71.96
            ],
            [
              -237.988,
              72.175
            ],
            [
              -234.942,
              79.109
            ],
            [
              -239.52,
              81.12
            ],
            [
              -241.688,
              76.183
            ],
            [
              -251.773,
              79.063
            ],
            [
              -253.146,
              74.255
            ],
            [
              -240.963,
              70.776
            ],
            [
              -240.73,
              70.721
            ],
            [
              -240.493,
              70.689
            ],
            [
              -240.255,
              70.68
            ],
            [
              -240.016,
              70.693
            ],
            [
              -239.779,
              70.73
            ],
            [
              -239.548,
              70.788
            ],
            [
              -239.323,
              70.869
            ],
            [
              -239.106,
              70.971
            ],
            [
              -238.9,
              71.093
            ],
            [
              -238.707,
              71.234
            ],
            [
              -238.529,
              71.392
            ],
            [
              -238.366,
              71.568
            ],
            [
              -238.221,
              71.757
            ],
            [
              -238.094,
              71.96
            ]
          ]
        ]
      }
    },
    {
      "type": "Feature",
      "id": "osm:way:1497842918",
      "properties": {
        "id": "osm:way:1497842918",
        "source_ids": [
          "osm:way:1497842918",
          "source:osm"
        ],
        "name": null,
        "class": "corridor",
        "width_m": 1.8,
        "width_status": "ESTIMATED",
        "width_method": "path_class_default",
        "surface_status": "ESTIMATED",
        "surface_method": "buffered_centerline",
        "centerline_length_m": 4.64,
        "centerline_local": {
          "type": "LineString",
          "coordinates": [
            [
              -284.803,
              107.369
            ],
            [
              -283.15,
              111.704
            ]
          ]
        },
        "tags": {
          "highway": "corridor"
        }
      },
      "geometry": {
        "type": "Polygon",
        "coordinates": [
          [
            [
              -282.309,
              111.383
            ],
            [
              -283.99,
              112.025
            ],
            [
              -285.644,
              107.69
            ],
            [
              -283.963,
              107.048
            ],
            [
              -282.309,
              111.383
            ]
          ]
        ]
      }
    },
    {
      "type": "Feature",
      "id": "osm:way:1497842919",
      "properties": {
        "id": "osm:way:1497842919",
        "source_ids": [
          "osm:way:1497842919",
          "source:osm"
        ],
        "name": null,
        "class": "steps",
        "width_m": 2.0,
        "width_status": "ESTIMATED",
        "width_method": "path_class_default",
        "surface_status": "ESTIMATED",
        "surface_method": "buffered_centerline",
        "centerline_length_m": 10.47,
        "centerline_local": {
          "type": "LineString",
          "coordinates": [
            [
              -278.692,
              135.093
            ],
            [
              -274.868,
              144.843
            ]
          ]
        },
        "tags": {
          "highway": "steps",
          "surface": "tiles"
        }
      },
      "geometry": {
        "type": "Polygon",
        "coordinates": [
          [
            [
              -273.937,
              144.478
            ],
            [
              -275.799,
              145.209
            ],
            [
              -279.622,
              135.459
            ],
            [
              -277.761,
              134.728
            ],
            [
              -273.937,
              144.478
            ]
          ]
        ]
      }
    },
    {
      "type": "Feature",
      "id": "osm:way:1497842921",
      "properties": {
        "id": "osm:way:1497842921",
        "source_ids": [
          "osm:way:1497842921",
          "source:osm"
        ],
        "name": null,
        "class": "steps",
        "width_m": 2.0,
        "width_status": "ESTIMATED",
        "width_method": "path_class_default",
        "surface_status": "ESTIMATED",
        "surface_method": "buffered_centerline",
        "centerline_length_m": 8.24,
        "centerline_local": {
          "type": "LineString",
          "coordinates": [
            [
              -283.15,
              111.704
            ],
            [
              -280.216,
              119.403
            ]
          ]
        },
        "tags": {
          "highway": "steps"
        }
      },
      "geometry": {
        "type": "Polygon",
        "coordinates": [
          [
            [
              -279.282,
              119.047
            ],
            [
              -281.151,
              119.759
            ],
            [
              -284.084,
              112.06
            ],
            [
              -282.215,
              111.348
            ],
            [
              -279.282,
              119.047
            ]
          ]
        ]
      }
    },
    {
      "type": "Feature",
      "id": "osm:way:1497842922",
      "properties": {
        "id": "osm:way:1497842922",
        "source_ids": [
          "osm:way:1497842922",
          "source:osm"
        ],
        "name": null,
        "class": "steps",
        "width_m": 2.0,
        "width_status": "ESTIMATED",
        "width_method": "path_class_default",
        "surface_status": "ESTIMATED",
        "surface_method": "buffered_centerline",
        "centerline_length_m": 8.64,
        "centerline_local": {
          "type": "LineString",
          "coordinates": [
            [
              -287.562,
              112.472
            ],
            [
              -284.411,
              120.513
            ]
          ]
        },
        "tags": {
          "highway": "steps",
          "surface": "tiles"
        }
      },
      "geometry": {
        "type": "Polygon",
        "coordinates": [
          [
            [
              -283.48,
              120.148
            ],
            [
              -285.342,
              120.877
            ],
            [
              -288.493,
              112.837
            ],
            [
              -286.631,
              112.107
            ],
            [
              -283.48,
              120.148
            ]
          ]
        ]
      }
    },
    {
      "type": "Feature",
      "id": "osm:way:1497842923",
      "properties": {
        "id": "osm:way:1497842923",
        "source_ids": [
          "osm:way:1497842923",
          "source:osm"
        ],
        "name": null,
        "class": "corridor",
        "width_m": 1.8,
        "width_status": "ESTIMATED",
        "width_method": "path_class_default",
        "surface_status": "ESTIMATED",
        "surface_method": "buffered_centerline",
        "centerline_length_m": 3.96,
        "centerline_local": {
          "type": "LineString",
          "coordinates": [
            [
              -289.006,
              108.788
            ],
            [
              -287.562,
              112.472
            ]
          ]
        },
        "tags": {
          "highway": "corridor",
          "surface": "tiles"
        }
      },
      "geometry": {
        "type": "Polygon",
        "coordinates": [
          [
            [
              -286.724,
              112.144
            ],
            [
              -288.4,
              112.8
            ],
            [
              -289.844,
              109.117
            ],
            [
              -288.168,
              108.46
            ],
            [
              -286.724,
              112.144
            ]
          ]
        ]
      }
    },
    {
      "type": "Feature",
      "id": "osm:way:1497842924",
      "properties": {
        "id": "osm:way:1497842924",
        "source_ids": [
          "osm:way:1497842924",
          "source:osm"
        ],
        "name": null,
        "class": "corridor",
        "width_m": 1.8,
        "width_status": "ESTIMATED",
        "width_method": "path_class_default",
        "surface_status": "ESTIMATED",
        "surface_method": "buffered_centerline",
        "centerline_length_m": 15.66,
        "centerline_local": {
          "type": "LineString",
          "coordinates": [
            [
              -284.411,
              120.513
            ],
            [
              -278.692,
              135.093
            ]
          ]
        },
        "tags": {
          "highway": "corridor",
          "surface": "tiles"
        }
      },
      "geometry": {
        "type": "Polygon",
        "coordinates": [
          [
            [
              -277.854,
              134.765
            ],
            [
              -279.529,
              135.422
            ],
            [
              -285.249,
              120.841
            ],
            [
              -283.573,
              120.184
            ],
            [
              -277.854,
              134.765
            ]
          ]
        ]
      }
    },
    {
      "type": "Feature",
      "id": "osm:way:1497842925",
      "properties": {
        "id": "osm:way:1497842925",
        "source_ids": [
          "osm:way:1497842925",
          "source:osm"
        ],
        "name": null,
        "class": "steps",
        "width_m": 2.0,
        "width_status": "ESTIMATED",
        "width_method": "path_class_default",
        "surface_status": "ESTIMATED",
        "surface_method": "buffered_centerline",
        "centerline_length_m": 10.44,
        "centerline_local": {
          "type": "LineString",
          "coordinates": [
            [
              -274.604,
              134.107
            ],
            [
              -270.888,
              143.858
            ]
          ]
        },
        "tags": {
          "highway": "steps"
        }
      },
      "geometry": {
        "type": "Polygon",
        "coordinates": [
          [
            [
              -269.953,
              143.502
            ],
            [
              -271.822,
              144.214
            ],
            [
              -275.538,
              134.463
            ],
            [
              -273.669,
              133.751
            ],
            [
              -269.953,
              143.502
            ]
          ]
        ]
      }
    },
    {
      "type": "Feature",
      "id": "osm:way:1497842926",
      "properties": {
        "id": "osm:way:1497842926",
        "source_ids": [
          "osm:way:1497842926",
          "source:osm"
        ],
        "name": null,
        "class": "corridor",
        "width_m": 1.8,
        "width_status": "ESTIMATED",
        "width_method": "path_class_default",
        "surface_status": "ESTIMATED",
        "surface_method": "buffered_centerline",
        "centerline_length_m": 42.13,
        "centerline_local": {
          "type": "LineString",
          "coordinates": [
            [
              -265.926,
              145.553
            ],
            [
              -280.568,
              106.049
            ]
          ]
        },
        "tags": {
          "highway": "corridor",
          "surface": "tiles"
        }
      },
      "geometry": {
        "type": "Polygon",
        "coordinates": [
          [
            [
              -281.412,
              106.362
            ],
            [
              -279.724,
              105.736
            ],
            [
              -265.082,
              145.24
            ],
            [
              -266.77,
              145.865
            ],
            [
              -281.412,
              106.362
            ]
          ]
        ]
      }
    },
    {
      "type": "Feature",
      "id": "osm:way:1497842927",
      "properties": {
        "id": "osm:way:1497842927",
        "source_ids": [
          "osm:way:1497842927",
          "source:osm"
        ],
        "name": null,
        "class": "corridor",
        "width_m": 1.8,
        "width_status": "ESTIMATED",
        "width_method": "path_class_default",
        "surface_status": "ESTIMATED",
        "surface_method": "buffered_centerline",
        "centerline_length_m": 3.21,
        "centerline_local": {
          "type": "LineString",
          "coordinates": [
            [
              -270.888,
              143.858
            ],
            [
              -269.741,
              146.858
            ]
          ]
        },
        "tags": {
          "highway": "corridor"
        }
      },
      "geometry": {
        "type": "Polygon",
        "coordinates": [
          [
            [
              -268.9,
              146.537
            ],
            [
              -270.582,
              147.179
            ],
            [
              -271.729,
              144.179
            ],
            [
              -270.047,
              143.536
            ],
            [
              -268.9,
              146.537
            ]
          ]
        ]
      }
    },
    {
      "type": "Feature",
      "id": "osm:way:1497842928",
      "properties": {
        "id": "osm:way:1497842928",
        "source_ids": [
          "osm:way:1497842928",
          "source:osm"
        ],
        "name": null,
        "class": "corridor",
        "width_m": 1.8,
        "width_status": "ESTIMATED",
        "width_method": "path_class_default",
        "surface_status": "ESTIMATED",
        "surface_method": "buffered_centerline",
        "centerline_length_m": 51.69,
        "centerline_local": {
          "type": "LineString",
          "coordinates": [
            [
              -273.578,
              148.141
            ],
            [
              -278.05,
              149.64
            ],
            [
              -293.466,
              110.287
            ],
            [
              -289.006,
              108.788
            ]
          ]
        },
        "tags": {
          "highway": "corridor",
          "surface": "tiles"
        }
      },
      "geometry": {
        "type": "Polygon",
        "coordinates": [
          [
            [
              -292.284,
              110.839
            ],
            [
              -277.524,
              148.515
            ],
            [
              -273.864,
              147.288
            ],
            [
              -273.292,
              148.995
            ],
            [
              -277.763,
              150.494
            ],
            [
              -277.851,
              150.518
            ],
            [
              -277.941,
              150.534
            ],
            [
              -278.032,
              150.54
            ],
            [
              -278.123,
              150.537
            ],
            [
              -278.214,
              150.525
            ],
            [
              -278.302,
              150.504
            ],
            [
              -278.389,
              150.474
            ],
            [
              -278.471,
              150.435
            ],
            [
              -278.55,
              150.389
            ],
            [
              -278.623,
              150.334
            ],
            [
              -278.69,
              150.273
            ],
            [
              -278.751,
              150.205
            ],
            [
              -278.804,
              150.131
            ],
            [
              -278.85,
              150.052
            ],
            [
              -278.888,
              149.969
            ],
            [
              -294.304,
              110.615
            ],
            [
              -294.332,
              110.534
            ],
            [
              -294.351,
              110.451
            ],
            [
              -294.363,
              110.366
            ],
            [
              -294.366,
              110.28
            ],
            [
              -294.362,
              110.195
            ],
            [
              -294.349,
              110.11
            ],
            [
              -294.328,
              110.027
            ],
            [
              -294.299,
              109.946
            ],
            [
              -294.263,
              109.868
            ],
            [
              -294.219,
              109.794
            ],
            [
              -294.169,
              109.725
            ],
            [
              -294.112,
              109.661
            ],
            [
              -294.05,
              109.602
            ],
            [
              -293.982,
              109.55
            ],
            [
              -293.91,
              109.504
            ],
            [
              -293.833,
              109.465
            ],
            [
              -293.753,
              109.434
            ],
            [
              -289.293,
              107.935
            ],
            [
              -288.719,
              109.641
            ],
            [
              -292.284,
              110.839
            ]
          ]
        ]
      }
    },
    {
      "type": "Feature",
      "id": "osm:way:1497842929",
      "properties": {
        "id": "osm:way:1497842929",
        "source_ids": [
          "osm:way:1497842929",
          "source:osm"
        ],
        "name": null,
        "class": "corridor",
        "width_m": 1.8,
        "width_status": "ESTIMATED",
        "width_method": "path_class_default",
        "surface_status": "ESTIMATED",
        "surface_method": "buffered_centerline",
        "centerline_length_m": 15.74,
        "centerline_local": {
          "type": "LineString",
          "coordinates": [
            [
              -280.216,
              119.403
            ],
            [
              -274.604,
              134.107
            ]
          ]
        },
        "tags": {
          "highway": "corridor"
        }
      },
      "geometry": {
        "type": "Polygon",
        "coordinates": [
          [
            [
              -273.763,
              133.786
            ],
            [
              -275.445,
              134.428
            ],
            [
              -281.057,
              119.724
            ],
            [
              -279.376,
              119.082
            ],
            [
              -273.763,
              133.786
            ]
          ]
        ]
      }
    },
    {
      "type": "Feature",
      "id": "osm:way:1497842930",
      "properties": {
        "id": "osm:way:1497842930",
        "source_ids": [
          "osm:way:1497842930",
          "source:osm"
        ],
        "name": null,
        "class": "corridor",
        "width_m": 1.8,
        "width_status": "ESTIMATED",
        "width_method": "path_class_default",
        "surface_status": "ESTIMATED",
        "surface_method": "buffered_centerline",
        "centerline_length_m": 9.38,
        "centerline_local": {
          "type": "LineString",
          "coordinates": [
            [
              -274.868,
              144.843
            ],
            [
              -273.578,
              148.141
            ],
            [
              -272.356,
              151.196
            ],
            [
              -271.43,
              153.568
            ]
          ]
        },
        "tags": {
          "highway": "corridor",
          "surface": "tiles"
        }
      },
      "geometry": {
        "type": "Polygon",
        "coordinates": [
          [
            [
              -274.414,
              148.476
            ],
            [
              -274.417,
              148.469
            ],
            [
              -275.706,
              145.171
            ],
            [
              -274.029,
              144.516
            ],
            [
              -272.741,
              147.81
            ],
            [
              -271.52,
              150.862
            ],
            [
              -271.517,
              150.869
            ],
            [
              -270.592,
              153.24
            ],
            [
              -272.268,
              153.895
            ],
            [
              -273.193,
              151.527
            ],
            [
              -274.414,
              148.476
            ]
          ]
        ]
      }
    },
    {
      "type": "Feature",
      "id": "osm:way:1497842931",
      "properties": {
        "id": "osm:way:1497842931",
        "source_ids": [
          "osm:way:1497842931",
          "source:osm"
        ],
        "name": null,
        "class": "corridor",
        "width_m": 1.8,
        "width_status": "ESTIMATED",
        "width_method": "path_class_default",
        "surface_status": "ESTIMATED",
        "surface_method": "buffered_centerline",
        "centerline_length_m": 8.87,
        "centerline_local": {
          "type": "LineString",
          "coordinates": [
            [
              -289.006,
              108.788
            ],
            [
              -284.803,
              107.369
            ],
            [
              -280.568,
              106.049
            ]
          ]
        },
        "tags": {
          "highway": "corridor"
        }
      },
      "geometry": {
        "type": "Polygon",
        "coordinates": [
          [
            [
              -280.3,
              106.908
            ],
            [
              -284.526,
              108.225
            ],
            [
              -288.718,
              109.641
            ],
            [
              -289.294,
              107.936
            ],
            [
              -285.091,
              106.516
            ],
            [
              -285.071,
              106.51
            ],
            [
              -280.836,
              105.19
            ],
            [
              -280.3,
              106.908
            ]
          ]
        ]
      }
    },
    {
      "type": "Feature",
      "id": "osm:way:1497842932",
      "properties": {
        "id": "osm:way:1497842932",
        "source_ids": [
          "osm:way:1497842932",
          "source:osm"
        ],
        "name": null,
        "class": "corridor",
        "width_m": 1.8,
        "width_status": "ESTIMATED",
        "width_method": "path_class_default",
        "surface_status": "ESTIMATED",
        "surface_method": "buffered_centerline",
        "centerline_length_m": 8.08,
        "centerline_local": {
          "type": "LineString",
          "coordinates": [
            [
              -265.926,
              145.553
            ],
            [
              -269.741,
              146.858
            ],
            [
              -273.578,
              148.141
            ]
          ]
        },
        "tags": {
          "highway": "corridor"
        }
      },
      "geometry": {
        "type": "Polygon",
        "coordinates": [
          [
            [
              -273.864,
              147.288
            ],
            [
              -270.03,
              146.005
            ],
            [
              -266.217,
              144.701
            ],
            [
              -265.634,
              146.404
            ],
            [
              -269.45,
              147.709
            ],
            [
              -269.456,
              147.711
            ],
            [
              -273.293,
              148.995
            ],
            [
              -273.864,
              147.288
            ]
          ]
        ]
      }
    },
    {
      "type": "Feature",
      "id": "osm:way:1531328139",
      "properties": {
        "id": "osm:way:1531328139",
        "source_ids": [
          "osm:way:1531328139",
          "source:osm"
        ],
        "name": null,
        "class": "footway",
        "width_m": 1.8,
        "width_status": "ESTIMATED",
        "width_method": "path_class_default",
        "surface_status": "ESTIMATED",
        "surface_method": "buffered_centerline",
        "centerline_length_m": 11.98,
        "centerline_local": {
          "type": "LineString",
          "coordinates": [
            [
              -0.328,
              25.898
            ],
            [
              -4.37,
              14.623
            ]
          ]
        },
        "tags": {
          "highway": "footway"
        }
      },
      "geometry": {
        "type": "Polygon",
        "coordinates": [
          [
            [
              -5.217,
              14.927
            ],
            [
              -3.523,
              14.319
            ],
            [
              0.519,
              25.595
            ],
            [
              -1.176,
              26.202
            ],
            [
              -5.217,
              14.927
            ]
          ]
        ]
      }
    },
    {
      "type": "Feature",
      "id": "osm:way:1531328140",
      "properties": {
        "id": "osm:way:1531328140",
        "source_ids": [
          "osm:way:1531328140",
          "source:osm"
        ],
        "name": null,
        "class": "footway",
        "width_m": 1.8,
        "width_status": "ESTIMATED",
        "width_method": "path_class_default",
        "surface_status": "ESTIMATED",
        "surface_method": "buffered_centerline",
        "centerline_length_m": 1.88,
        "centerline_local": {
          "type": "LineString",
          "coordinates": [
            [
              -8.522,
              2.983
            ],
            [
              -9.12,
              1.196
            ]
          ]
        },
        "tags": {
          "highway": "footway"
        }
      },
      "geometry": {
        "type": "Polygon",
        "coordinates": [
          [
            [
              -9.973,
              1.481
            ],
            [
              -8.266,
              0.91
            ],
            [
              -7.669,
              2.698
            ],
            [
              -9.376,
              3.269
            ],
            [
              -9.973,
              1.481
            ]
          ]
        ]
      }
    },
    {
      "type": "Feature",
      "id": "osm:way:1531328141",
      "properties": {
        "id": "osm:way:1531328141",
        "source_ids": [
          "osm:way:1531328141",
          "source:osm"
        ],
        "name": null,
        "class": "footway",
        "width_m": 1.8,
        "width_status": "ESTIMATED",
        "width_method": "path_class_default",
        "surface_status": "ESTIMATED",
        "surface_method": "buffered_centerline",
        "centerline_length_m": 39.28,
        "centerline_local": {
          "type": "LineString",
          "coordinates": [
            [
              -12.15,
              2.35
            ],
            [
              -27.861,
              -33.647
            ]
          ]
        },
        "tags": {
          "highway": "footway"
        }
      },
      "geometry": {
        "type": "Polygon",
        "coordinates": [
          [
            [
              -28.686,
              -33.287
            ],
            [
              -27.036,
              -34.007
            ],
            [
              -11.325,
              1.99
            ],
            [
              -12.974,
              2.71
            ],
            [
              -28.686,
              -33.287
            ]
          ]
        ]
      }
    },
    {
      "type": "Feature",
      "id": "osm:way:178125953",
      "properties": {
        "id": "osm:way:178125953",
        "source_ids": [
          "osm:way:178125953",
          "source:osm"
        ],
        "name": null,
        "class": "pedestrian",
        "width_m": 5.0,
        "width_status": "ESTIMATED",
        "width_method": "path_class_default",
        "surface_status": "VERIFIED_GEOGRAPHIC",
        "surface_method": "osm_area_geometry",
        "centerline_length_m": 90.19,
        "centerline_local": {
          "type": "LineString",
          "coordinates": [
            [
              -2.933,
              -15.258
            ],
            [
              -5.872,
              -16.129
            ],
            [
              -8.116,
              -17.615
            ],
            [
              -9.513,
              -19.595
            ],
            [
              -9.846,
              -22.004
            ],
            [
              -9.401,
              -24.089
            ],
            [
              -7.838,
              -26.658
            ],
            [
              -4.701,
              -29.142
            ],
            [
              -0.563,
              -31.767
            ],
            [
              1.662,
              -32.561
            ],
            [
              4.359,
              -33.535
            ],
            [
              11.614,
              -34.737
            ],
            [
              17.295,
              -34.664
            ],
            [
              21.0,
              -33.788
            ],
            [
              22.981,
              -32.831
            ],
            [
              24.229,
              -31.78
            ],
            [
              26.357,
              -24.992
            ],
            [
              24.311,
              -22.219
            ],
            [
              21.024,
              -19.59
            ],
            [
              18.964,
              -18.466
            ],
            [
              17.344,
              -17.578
            ],
            [
              12.745,
              -15.967
            ],
            [
              6.911,
              -14.888
            ],
            [
              5.543,
              -14.876
            ],
            [
              1.339,
              -14.818
            ],
            [
              -2.933,
              -15.258
            ]
          ]
        },
        "tags": {
          "area": "yes",
          "highway": "pedestrian"
        }
      },
      "geometry": {
        "type": "Polygon",
        "coordinates": [
          [
            [
              5.543,
              -14.876
            ],
            [
              1.339,
              -14.818
            ],
            [
              -2.933,
              -15.258
            ],
            [
              -5.872,
              -16.129
            ],
            [
              -8.116,
              -17.615
            ],
            [
              -9.513,
              -19.595
            ],
            [
              -9.846,
              -22.004
            ],
            [
              -9.401,
              -24.089
            ],
            [
              -7.838,
              -26.658
            ],
            [
              -4.701,
              -29.142
            ],
            [
              -0.563,
              -31.767
            ],
            [
              1.662,
              -32.561
            ],
            [
              4.359,
              -33.535
            ],
            [
              11.614,
              -34.737
            ],
            [
              17.295,
              -34.664
            ],
            [
              21.0,
              -33.788
            ],
            [
              22.981,
              -32.831
            ],
            [
              24.229,
              -31.78
            ],
            [
              26.357,
              -24.992
            ],
            [
              24.311,
              -22.219
            ],
            [
              21.024,
              -19.59
            ],
            [
              18.964,
              -18.466
            ],
            [
              17.344,
              -17.578
            ],
            [
              12.745,
              -15.967
            ],
            [
              6.911,
              -14.888
            ],
            [
              5.543,
              -14.876
            ]
          ]
        ]
      }
    },
    {
      "type": "Feature",
      "id": "osm:way:178125955",
      "properties": {
        "id": "osm:way:178125955",
        "source_ids": [
          "osm:way:178125955",
          "source:osm"
        ],
        "name": "Bonifacio High Street",
        "class": "pedestrian",
        "width_m": 5.0,
        "width_status": "ESTIMATED",
        "width_method": "path_class_default",
        "surface_status": "ESTIMATED",
        "surface_method": "buffered_centerline",
        "centerline_length_m": 64.84,
        "centerline_local": {
          "type": "LineString",
          "coordinates": [
            [
              53.975,
              -20.968
            ],
            [
              60.5,
              -23.026
            ],
            [
              71.853,
              -26.609
            ],
            [
              96.589,
              -34.423
            ],
            [
              109.94,
              -38.632
            ],
            [
              115.854,
              -40.324
            ]
          ]
        },
        "tags": {
          "highway": "pedestrian",
          "name": "Bonifacio High Street",
          "surface": "concrete"
        }
      },
      "geometry": {
        "type": "Polygon",
        "coordinates": [
          [
            [
              72.605,
              -24.225
            ],
            [
              61.253,
              -20.642
            ],
            [
              54.727,
              -18.583
            ],
            [
              53.223,
              -23.352
            ],
            [
              59.748,
              -25.41
            ],
            [
              71.1,
              -28.993
            ],
            [
              95.837,
              -36.808
            ],
            [
              109.189,
              -41.016
            ],
            [
              109.253,
              -41.036
            ],
            [
              115.167,
              -42.728
            ],
            [
              116.542,
              -37.921
            ],
            [
              110.66,
              -36.238
            ],
            [
              97.341,
              -32.039
            ],
            [
              72.605,
              -24.225
            ]
          ]
        ]
      }
    },
    {
      "type": "Feature",
      "id": "osm:way:178125958",
      "properties": {
        "id": "osm:way:178125958",
        "source_ids": [
          "osm:way:178125958",
          "source:osm"
        ],
        "name": "Bonifacio High Street",
        "class": "pedestrian",
        "width_m": 5.0,
        "width_status": "ESTIMATED",
        "width_method": "path_class_default",
        "surface_status": "ESTIMATED",
        "surface_method": "buffered_centerline",
        "centerline_length_m": 89.66,
        "centerline_local": {
          "type": "LineString",
          "coordinates": [
            [
              -49.593,
              16.57
            ],
            [
              -12.15,
              2.35
            ],
            [
              -9.12,
              1.196
            ],
            [
              7.763,
              -4.781
            ],
            [
              22.755,
              -10.088
            ],
            [
              34.587,
              -14.273
            ]
          ]
        },
        "tags": {
          "highway": "pedestrian",
          "name": "Bonifacio High Street",
          "surface": "concrete"
        }
      },
      "geometry": {
        "type": "Polygon",
        "coordinates": [
          [
            [
              -11.259,
              4.686
            ],
            [
              -11.262,
              4.688
            ],
            [
              -48.706,
              18.907
            ],
            [
              -50.481,
              14.233
            ],
            [
              -13.038,
              0.014
            ],
            [
              -10.01,
              -1.14
            ],
            [
              -9.954,
              -1.161
            ],
            [
              6.929,
              -7.137
            ],
            [
              21.921,
              -12.445
            ],
            [
              33.753,
              -16.63
            ],
            [
              35.42,
              -11.916
            ],
            [
              23.589,
              -7.731
            ],
            [
              8.597,
              -2.424
            ],
            [
              -8.257,
              3.542
            ],
            [
              -11.259,
              4.686
            ]
          ]
        ]
      }
    },
    {
      "type": "Feature",
      "id": "osm:way:178125959",
      "properties": {
        "id": "osm:way:178125959",
        "source_ids": [
          "osm:way:178125959",
          "source:osm"
        ],
        "name": "Bonifacio High Street",
        "class": "pedestrian",
        "width_m": 5.0,
        "width_status": "ESTIMATED",
        "width_method": "path_class_default",
        "surface_status": "ESTIMATED",
        "surface_method": "buffered_centerline",
        "centerline_length_m": 81.95,
        "centerline_local": {
          "type": "LineString",
          "coordinates": [
            [
              -63.959,
              -23.478
            ],
            [
              -75.69,
              -18.819
            ],
            [
              -105.158,
              -7.135
            ],
            [
              -123.71,
              0.228
            ],
            [
              -132.906,
              3.87
            ],
            [
              -140.136,
              6.743
            ]
          ]
        },
        "tags": {
          "highway": "pedestrian",
          "name": "Bonifacio High Street",
          "surface": "concrete"
        }
      },
      "geometry": {
        "type": "Polygon",
        "coordinates": [
          [
            [
              -106.079,
              -9.459
            ],
            [
              -76.613,
              -21.142
            ],
            [
              -64.882,
              -25.802
            ],
            [
              -63.036,
              -21.155
            ],
            [
              -74.769,
              -16.495
            ],
            [
              -104.236,
              -4.811
            ],
            [
              -122.79,
              2.552
            ],
            [
              -131.984,
              6.194
            ],
            [
              -139.213,
              9.066
            ],
            [
              -141.059,
              4.42
            ],
            [
              -133.829,
              1.547
            ],
            [
              -133.827,
              1.546
            ],
            [
              -124.632,
              -2.096
            ],
            [
              -106.079,
              -9.459
            ]
          ]
        ]
      }
    },
    {
      "type": "Feature",
      "id": "osm:way:182107196",
      "properties": {
        "id": "osm:way:182107196",
        "source_ids": [
          "osm:way:182107196",
          "source:osm"
        ],
        "name": null,
        "class": "footway",
        "width_m": 1.8,
        "width_status": "ESTIMATED",
        "width_method": "path_class_default",
        "surface_status": "ESTIMATED",
        "surface_method": "buffered_centerline",
        "centerline_length_m": 94.37,
        "centerline_local": {
          "type": "LineString",
          "coordinates": [
            [
              -20.117,
              -176.836
            ],
            [
              -22.514,
              -176.03
            ],
            [
              -44.725,
              -174.235
            ],
            [
              -75.563,
              -171.614
            ],
            [
              -113.957,
              -167.568
            ]
          ]
        },
        "tags": {
          "highway": "footway",
          "surface": "concrete"
        }
      },
      "geometry": {
        "type": "Polygon",
        "coordinates": [
          [
            [
              -44.797,
              -175.132
            ],
            [
              -22.696,
              -176.918
            ],
            [
              -20.404,
              -177.689
            ],
            [
              -19.83,
              -175.983
            ],
            [
              -22.227,
              -175.177
            ],
            [
              -22.333,
              -175.148
            ],
            [
              -22.441,
              -175.133
            ],
            [
              -44.651,
              -173.338
            ],
            [
              -75.478,
              -170.718
            ],
            [
              -113.862,
              -166.673
            ],
            [
              -114.051,
              -168.463
            ],
            [
              -75.658,
              -172.509
            ],
            [
              -75.64,
              -172.511
            ],
            [
              -44.801,
              -175.132
            ],
            [
              -44.797,
              -175.132
            ]
          ]
        ]
      }
    },
    {
      "type": "Feature",
      "id": "osm:way:182107197",
      "properties": {
        "id": "osm:way:182107197",
        "source_ids": [
          "osm:way:182107197",
          "source:osm"
        ],
        "name": null,
        "class": "footway",
        "width_m": 1.8,
        "width_status": "ESTIMATED",
        "width_method": "path_class_default",
        "surface_status": "ESTIMATED",
        "surface_method": "buffered_centerline",
        "centerline_length_m": 90.69,
        "centerline_local": {
          "type": "LineString",
          "coordinates": [
            [
              -191.667,
              -122.571
            ],
            [
              -180.448,
              -129.063
            ],
            [
              -172.439,
              -134.156
            ],
            [
              -160.796,
              -141.548
            ],
            [
              -147.256,
              -150.152
            ],
            [
              -143.729,
              -152.395
            ],
            [
              -115.272,
              -171.408
            ]
          ]
        },
        "tags": {
          "highway": "footway",
          "surface": "concrete"
        }
      },
      "geometry": {
        "type": "Polygon",
        "coordinates": [
          [
            [
              -179.965,
              -128.304
            ],
            [
              -179.997,
              -128.284
            ],
            [
              -191.216,
              -121.792
            ],
            [
              -192.118,
              -123.35
            ],
            [
              -180.915,
              -129.833
            ],
            [
              -172.922,
              -134.915
            ],
            [
              -161.279,
              -142.308
            ],
            [
              -147.739,
              -150.911
            ],
            [
              -144.22,
              -153.149
            ],
            [
              -115.772,
              -172.156
            ],
            [
              -114.772,
              -170.659
            ],
            [
              -143.229,
              -151.647
            ],
            [
              -143.245,
              -151.636
            ],
            [
              -146.773,
              -149.392
            ],
            [
              -160.314,
              -140.788
            ],
            [
              -171.957,
              -133.396
            ],
            [
              -179.965,
              -128.304
            ]
          ]
        ]
      }
    },
    {
      "type": "Feature",
      "id": "osm:way:182107199",
      "properties": {
        "id": "osm:way:182107199",
        "source_ids": [
          "osm:way:182107199",
          "source:osm"
        ],
        "name": null,
        "class": "footway",
        "width_m": 1.8,
        "width_status": "ESTIMATED",
        "width_method": "path_class_default",
        "surface_status": "ESTIMATED",
        "surface_method": "buffered_centerline",
        "centerline_length_m": 167.64,
        "centerline_local": {
          "type": "LineString",
          "coordinates": [
            [
              -180.448,
              -129.063
            ],
            [
              -171.762,
              -115.459
            ],
            [
              -169.917,
              -114.025
            ],
            [
              -148.507,
              -121.313
            ],
            [
              -103.377,
              -136.705
            ],
            [
              -61.386,
              -151.174
            ],
            [
              -45.921,
              -156.508
            ],
            [
              -44.488,
              -159.131
            ],
            [
              -44.725,
              -174.235
            ]
          ]
        },
        "tags": {
          "highway": "footway",
          "surface": "concrete"
        }
      },
      "geometry": {
        "type": "Polygon",
        "coordinates": [
          [
            [
              -172.46,
              -114.892
            ],
            [
              -172.52,
              -114.975
            ],
            [
              -181.206,
              -128.579
            ],
            [
              -179.689,
              -129.547
            ],
            [
              -171.087,
              -116.074
            ],
            [
              -169.748,
              -115.034
            ],
            [
              -148.798,
              -122.165
            ],
            [
              -103.669,
              -137.557
            ],
            [
              -61.68,
              -152.025
            ],
            [
              -46.544,
              -157.245
            ],
            [
              -45.392,
              -159.355
            ],
            [
              -45.625,
              -174.221
            ],
            [
              -43.825,
              -174.249
            ],
            [
              -43.588,
              -159.146
            ],
            [
              -43.591,
              -159.053
            ],
            [
              -43.604,
              -158.961
            ],
            [
              -43.627,
              -158.871
            ],
            [
              -43.658,
              -158.784
            ],
            [
              -43.698,
              -158.7
            ],
            [
              -45.131,
              -156.076
            ],
            [
              -45.174,
              -156.005
            ],
            [
              -45.224,
              -155.938
            ],
            [
              -45.279,
              -155.877
            ],
            [
              -45.34,
              -155.82
            ],
            [
              -45.406,
              -155.769
            ],
            [
              -45.476,
              -155.725
            ],
            [
              -45.55,
              -155.687
            ],
            [
              -45.627,
              -155.657
            ],
            [
              -61.093,
              -150.323
            ],
            [
              -103.084,
              -135.854
            ],
            [
              -103.087,
              -135.853
            ],
            [
              -148.217,
              -120.461
            ],
            [
              -169.627,
              -113.173
            ],
            [
              -169.713,
              -113.149
            ],
            [
              -169.8,
              -113.133
            ],
            [
              -169.889,
              -113.126
            ],
            [
              -169.978,
              -113.127
            ],
            [
              -170.066,
              -113.138
            ],
            [
              -170.153,
              -113.157
            ],
            [
              -170.238,
              -113.184
            ],
            [
              -170.319,
              -113.22
            ],
            [
              -170.397,
              -113.264
            ],
            [
              -170.469,
              -113.315
            ],
            [
              -172.314,
              -114.749
            ],
            [
              -172.391,
              -114.816
            ],
            [
              -172.46,
              -114.892
            ]
          ]
        ]
      }
    },
    {
      "type": "Feature",
      "id": "osm:way:182107201",
      "properties": {
        "id": "osm:way:182107201",
        "source_ids": [
          "osm:way:182107201",
          "source:osm"
        ],
        "name": "8th Avenue",
        "class": "pedestrian",
        "width_m": 5.0,
        "width_status": "ESTIMATED",
        "width_method": "path_class_default",
        "surface_status": "ESTIMATED",
        "surface_method": "buffered_centerline",
        "centerline_length_m": 49.62,
        "centerline_local": {
          "type": "LineString",
          "coordinates": [
            [
              -117.516,
              -177.929
            ],
            [
              -115.272,
              -171.408
            ],
            [
              -113.957,
              -167.568
            ],
            [
              -103.377,
              -136.705
            ],
            [
              -101.41,
              -131.001
            ]
          ]
        },
        "tags": {
          "highway": "pedestrian",
          "name": "8th Avenue",
          "surface": "concrete"
        }
      },
      "geometry": {
        "type": "Polygon",
        "coordinates": [
          [
            [
              -116.322,
              -166.757
            ],
            [
              -117.637,
              -170.596
            ],
            [
              -119.88,
              -177.115
            ],
            [
              -115.152,
              -178.742
            ],
            [
              -112.908,
              -172.221
            ],
            [
              -112.907,
              -172.218
            ],
            [
              -111.592,
              -168.378
            ],
            [
              -101.013,
              -137.518
            ],
            [
              -99.046,
              -131.816
            ],
            [
              -103.773,
              -130.186
            ],
            [
              -105.74,
              -135.89
            ],
            [
              -105.742,
              -135.895
            ],
            [
              -116.322,
              -166.757
            ]
          ]
        ]
      }
    },
    {
      "type": "Feature",
      "id": "osm:way:183499078",
      "properties": {
        "id": "osm:way:183499078",
        "source_ids": [
          "osm:way:183499078",
          "source:osm"
        ],
        "name": null,
        "class": "footway",
        "width_m": 1.8,
        "width_status": "ESTIMATED",
        "width_method": "path_class_default",
        "surface_status": "ESTIMATED",
        "surface_method": "buffered_centerline",
        "centerline_length_m": 54.2,
        "centerline_local": {
          "type": "LineString",
          "coordinates": [
            [
              -40.343,
              144.109
            ],
            [
              -30.7,
              142.278
            ],
            [
              -25.034,
              141.865
            ],
            [
              -17.556,
              140.351
            ],
            [
              -8.714,
              138.106
            ],
            [
              -1.877,
              134.673
            ],
            [
              0.94,
              132.657
            ],
            [
              1.742,
              130.647
            ],
            [
              1.636,
              128.29
            ],
            [
              2.528,
              126.734
            ],
            [
              6.662,
              124.905
            ]
          ]
        },
        "tags": {
          "highway": "footway",
          "surface": "asphalt"
        }
      },
      "geometry": {
        "type": "Polygon",
        "coordinates": [
          [
            [
              -24.969,
              142.762
            ],
            [
              -30.583,
              143.172
            ],
            [
              -40.175,
              144.993
            ],
            [
              -40.511,
              143.225
            ],
            [
              -30.868,
              141.394
            ],
            [
              -30.766,
              141.381
            ],
            [
              -25.157,
              140.971
            ],
            [
              -17.756,
              139.473
            ],
            [
              -9.031,
              137.258
            ],
            [
              -2.344,
              133.9
            ],
            [
              0.202,
              132.078
            ],
            [
              0.834,
              130.493
            ],
            [
              0.737,
              128.331
            ],
            [
              0.737,
              128.246
            ],
            [
              0.745,
              128.162
            ],
            [
              0.761,
              128.079
            ],
            [
              0.785,
              127.997
            ],
            [
              0.816,
              127.919
            ],
            [
              0.855,
              127.843
            ],
            [
              1.747,
              126.286
            ],
            [
              1.799,
              126.206
            ],
            [
              1.858,
              126.132
            ],
            [
              1.926,
              126.065
            ],
            [
              1.999,
              126.005
            ],
            [
              2.079,
              125.953
            ],
            [
              2.164,
              125.91
            ],
            [
              6.298,
              124.082
            ],
            [
              7.026,
              125.729
            ],
            [
              3.162,
              127.437
            ],
            [
              2.547,
              128.511
            ],
            [
              2.641,
              130.606
            ],
            [
              2.641,
              130.702
            ],
            [
              2.63,
              130.797
            ],
            [
              2.609,
              130.89
            ],
            [
              2.578,
              130.98
            ],
            [
              1.776,
              132.99
            ],
            [
              1.741,
              133.068
            ],
            [
              1.698,
              133.142
            ],
            [
              1.649,
              133.212
            ],
            [
              1.593,
              133.276
            ],
            [
              1.531,
              133.336
            ],
            [
              1.464,
              133.389
            ],
            [
              -1.354,
              135.405
            ],
            [
              -1.412,
              135.443
            ],
            [
              -1.474,
              135.477
            ],
            [
              -8.31,
              138.911
            ],
            [
              -8.4,
              138.95
            ],
            [
              -8.493,
              138.979
            ],
            [
              -17.334,
              141.223
            ],
            [
              -17.377,
              141.233
            ],
            [
              -24.856,
              142.747
            ],
            [
              -24.969,
              142.762
            ]
          ]
        ]
      }
    },
    {
      "type": "Feature",
      "id": "osm:way:183499080",
      "properties": {
        "id": "osm:way:183499080",
        "source_ids": [
          "osm:way:183499080",
          "source:osm"
        ],
        "name": null,
        "class": "footway",
        "width_m": 1.8,
        "width_status": "ESTIMATED",
        "width_method": "path_class_default",
        "surface_status": "ESTIMATED",
        "surface_method": "buffered_centerline",
        "centerline_length_m": 2.12,
        "centerline_local": {
          "type": "LineString",
          "coordinates": [
            [
              45.879,
              131.465
            ],
            [
              47.868,
              132.2
            ]
          ]
        },
        "tags": {
          "highway": "footway"
        }
      },
      "geometry": {
        "type": "Polygon",
        "coordinates": [
          [
            [
              48.18,
              131.356
            ],
            [
              47.556,
              133.044
            ],
            [
              45.567,
              132.309
            ],
            [
              46.191,
              130.62
            ],
            [
              48.18,
              131.356
            ]
          ]
        ]
      }
    },
    {
      "type": "Feature",
      "id": "osm:way:183499081",
      "properties": {
        "id": "osm:way:183499081",
        "source_ids": [
          "osm:way:183499081",
          "source:osm"
        ],
        "name": null,
        "class": "footway",
        "width_m": 1.8,
        "width_status": "ESTIMATED",
        "width_method": "path_class_default",
        "surface_status": "ESTIMATED",
        "surface_method": "buffered_centerline",
        "centerline_length_m": 35.18,
        "centerline_local": {
          "type": "LineString",
          "coordinates": [
            [
              -147.256,
              -150.152
            ],
            [
              -148.507,
              -121.313
            ],
            [
              -149.068,
              -115.023
            ]
          ]
        },
        "tags": {
          "highway": "footway",
          "surface": "concrete"
        }
      },
      "geometry": {
        "type": "Polygon",
        "coordinates": [
          [
            [
              -149.964,
              -115.102
            ],
            [
              -149.406,
              -121.373
            ],
            [
              -148.155,
              -150.191
            ],
            [
              -146.357,
              -150.113
            ],
            [
              -147.608,
              -121.274
            ],
            [
              -147.611,
              -121.233
            ],
            [
              -148.171,
              -114.943
            ],
            [
              -149.964,
              -115.102
            ]
          ]
        ]
      }
    },
    {
      "type": "Feature",
      "id": "osm:way:183499082",
      "properties": {
        "id": "osm:way:183499082",
        "source_ids": [
          "osm:way:183499082",
          "source:osm"
        ],
        "name": null,
        "class": "footway",
        "width_m": 1.8,
        "width_status": "ESTIMATED",
        "width_method": "path_class_default",
        "surface_status": "ESTIMATED",
        "surface_method": "buffered_centerline",
        "centerline_length_m": 4.77,
        "centerline_local": {
          "type": "LineString",
          "coordinates": [
            [
              15.408,
              121.555
            ],
            [
              13.946,
              117.019
            ]
          ]
        },
        "tags": {
          "highway": "footway"
        }
      },
      "geometry": {
        "type": "Polygon",
        "coordinates": [
          [
            [
              13.09,
              117.295
            ],
            [
              14.803,
              116.743
            ],
            [
              16.264,
              121.279
            ],
            [
              14.551,
              121.831
            ],
            [
              13.09,
              117.295
            ]
          ]
        ]
      }
    },
    {
      "type": "Feature",
      "id": "osm:way:183499083",
      "properties": {
        "id": "osm:way:183499083",
        "source_ids": [
          "osm:way:183499083",
          "source:osm"
        ],
        "name": null,
        "class": "footway",
        "width_m": 1.8,
        "width_status": "ESTIMATED",
        "width_method": "path_class_default",
        "surface_status": "ESTIMATED",
        "surface_method": "buffered_centerline",
        "centerline_length_m": 16.87,
        "centerline_local": {
          "type": "LineString",
          "coordinates": [
            [
              -143.729,
              -152.395
            ],
            [
              -142.935,
              -169.245
            ]
          ]
        },
        "tags": {
          "highway": "footway",
          "surface": "concrete"
        }
      },
      "geometry": {
        "type": "Polygon",
        "coordinates": [
          [
            [
              -143.834,
              -169.288
            ],
            [
              -142.036,
              -169.203
            ],
            [
              -142.83,
              -152.353
            ],
            [
              -144.628,
              -152.438
            ],
            [
              -143.834,
              -169.288
            ]
          ]
        ]
      }
    },
    {
      "type": "Feature",
      "id": "osm:way:183499084",
      "properties": {
        "id": "osm:way:183499084",
        "source_ids": [
          "osm:way:183499084",
          "source:osm"
        ],
        "name": null,
        "class": "footway",
        "width_m": 1.8,
        "width_status": "ESTIMATED",
        "width_method": "path_class_default",
        "surface_status": "ESTIMATED",
        "surface_method": "buffered_centerline",
        "centerline_length_m": 86.75,
        "centerline_local": {
          "type": "LineString",
          "coordinates": [
            [
              45.321,
              115.39
            ],
            [
              47.159,
              113.504
            ],
            [
              50.153,
              112.017
            ],
            [
              53.347,
              111.083
            ],
            [
              57.188,
              111.504
            ],
            [
              61.139,
              113.473
            ],
            [
              65.548,
              115.98
            ],
            [
              68.228,
              119.311
            ],
            [
              70.093,
              123.201
            ],
            [
              70.633,
              125.786
            ],
            [
              70.847,
              126.836
            ],
            [
              70.711,
              131.097
            ],
            [
              70.19,
              134.466
            ],
            [
              68.11,
              137.118
            ],
            [
              66.207,
              138.86
            ],
            [
              62.547,
              139.522
            ],
            [
              57.972,
              138.931
            ],
            [
              53.567,
              136.788
            ],
            [
              50.173,
              134.46
            ],
            [
              47.868,
              132.2
            ],
            [
              45.826,
              129.041
            ],
            [
              44.785,
              124.513
            ],
            [
              44.562,
              119.878
            ],
            [
              45.321,
              115.39
            ]
          ]
        },
        "tags": {
          "highway": "footway",
          "surface": "asphalt"
        }
      },
      "geometry": {
        "type": "Polygon",
        "coordinates": [
          [
            [
              43.674,
              119.728
            ],
            [
              44.434,
              115.24
            ],
            [
              44.453,
              115.151
            ],
            [
              44.482,
              115.065
            ],
            [
              44.519,
              114.982
            ],
            [
              44.564,
              114.903
            ],
            [
              44.616,
              114.83
            ],
            [
              44.676,
              114.762
            ],
            [
              46.514,
              112.876
            ],
            [
              46.589,
              112.807
            ],
            [
              46.671,
              112.748
            ],
            [
              46.759,
              112.698
            ],
            [
              49.753,
              111.211
            ],
            [
              49.826,
              111.179
            ],
            [
              49.901,
              111.154
            ],
            [
              53.094,
              110.219
            ],
            [
              53.18,
              110.198
            ],
            [
              53.268,
              110.186
            ],
            [
              53.356,
              110.183
            ],
            [
              53.445,
              110.188
            ],
            [
              57.286,
              110.609
            ],
            [
              57.364,
              110.621
            ],
            [
              57.442,
              110.64
            ],
            [
              57.517,
              110.666
            ],
            [
              57.589,
              110.698
            ],
            [
              61.54,
              112.667
            ],
            [
              61.584,
              112.691
            ],
            [
              65.993,
              115.198
            ],
            [
              66.064,
              115.243
            ],
            [
              66.131,
              115.295
            ],
            [
              66.193,
              115.353
            ],
            [
              66.249,
              115.416
            ],
            [
              68.929,
              118.746
            ],
            [
              68.989,
              118.831
            ],
            [
              69.039,
              118.922
            ],
            [
              70.905,
              122.812
            ],
            [
              70.946,
              122.913
            ],
            [
              70.974,
              123.017
            ],
            [
              71.514,
              125.602
            ],
            [
              71.515,
              125.607
            ],
            [
              71.729,
              126.656
            ],
            [
              71.743,
              126.76
            ],
            [
              71.746,
              126.864
            ],
            [
              71.61,
              131.126
            ],
            [
              71.6,
              131.235
            ],
            [
              71.079,
              134.604
            ],
            [
              71.06,
              134.694
            ],
            [
              71.033,
              134.781
            ],
            [
              70.996,
              134.866
            ],
            [
              70.951,
              134.946
            ],
            [
              70.898,
              135.021
            ],
            [
              68.819,
              137.673
            ],
            [
              68.771,
              137.729
            ],
            [
              68.718,
              137.781
            ],
            [
              66.814,
              139.524
            ],
            [
              66.75,
              139.578
            ],
            [
              66.68,
              139.626
            ],
            [
              66.606,
              139.667
            ],
            [
              66.529,
              139.701
            ],
            [
              66.449,
              139.727
            ],
            [
              66.367,
              139.746
            ],
            [
              62.708,
              140.408
            ],
            [
              62.616,
              140.42
            ],
            [
              62.524,
              140.422
            ],
            [
              62.432,
              140.415
            ],
            [
              57.857,
              139.823
            ],
            [
              57.761,
              139.806
            ],
            [
              57.668,
              139.778
            ],
            [
              57.578,
              139.74
            ],
            [
              53.173,
              137.598
            ],
            [
              53.114,
              137.566
            ],
            [
              53.057,
              137.53
            ],
            [
              49.664,
              135.202
            ],
            [
              49.601,
              135.155
            ],
            [
              49.543,
              135.103
            ],
            [
              47.238,
              132.843
            ],
            [
              47.171,
              132.769
            ],
            [
              47.113,
              132.689
            ],
            [
              45.07,
              129.53
            ],
            [
              45.03,
              129.463
            ],
            [
              44.997,
              129.392
            ],
            [
              44.969,
              129.319
            ],
            [
              44.949,
              129.243
            ],
            [
              43.907,
              124.715
            ],
            [
              43.893,
              124.636
            ],
            [
              43.886,
              124.556
            ],
            [
              43.663,
              119.921
            ],
            [
              43.663,
              119.824
            ],
            [
              43.674,
              119.728
            ]
          ],
          [
            [
              47.696,
              114.242
            ],
            [
              46.161,
              115.817
            ],
            [
              45.465,
              119.932
            ],
            [
              45.68,
              124.39
            ],
            [
              46.667,
              128.686
            ],
            [
              48.57,
              131.627
            ],
            [
              50.747,
              133.762
            ],
            [
              54.02,
              136.008
            ],
            [
              58.233,
              138.057
            ],
            [
              62.524,
              138.612
            ],
            [
              65.791,
              138.021
            ],
            [
              67.448,
              136.504
            ],
            [
              69.336,
              134.096
            ],
            [
              69.813,
              131.014
            ],
            [
              69.944,
              126.912
            ],
            [
              69.751,
              125.968
            ],
            [
              69.235,
              123.492
            ],
            [
              67.461,
              119.794
            ],
            [
              64.954,
              116.678
            ],
            [
              60.715,
              114.267
            ],
            [
              56.93,
              112.381
            ],
            [
              53.427,
              111.997
            ],
            [
              50.483,
              112.859
            ],
            [
              47.696,
              114.242
            ]
          ]
        ]
      }
    },
    {
      "type": "Feature",
      "id": "osm:way:183499085",
      "properties": {
        "id": "osm:way:183499085",
        "source_ids": [
          "osm:way:183499085",
          "source:osm"
        ],
        "name": null,
        "class": "footway",
        "width_m": 1.8,
        "width_status": "ESTIMATED",
        "width_method": "path_class_default",
        "surface_status": "ESTIMATED",
        "surface_method": "buffered_centerline",
        "centerline_length_m": 31.55,
        "centerline_local": {
          "type": "LineString",
          "coordinates": [
            [
              -57.61,
              -145.673
            ],
            [
              -61.386,
              -151.174
            ],
            [
              -75.563,
              -171.614
            ]
          ]
        },
        "tags": {
          "highway": "footway",
          "surface": "concrete"
        }
      },
      "geometry": {
        "type": "Polygon",
        "coordinates": [
          [
            [
              -60.647,
              -151.687
            ],
            [
              -60.645,
              -151.683
            ],
            [
              -56.868,
              -146.183
            ],
            [
              -58.352,
              -145.164
            ],
            [
              -62.127,
              -150.663
            ],
            [
              -76.303,
              -171.101
            ],
            [
              -74.824,
              -172.127
            ],
            [
              -60.647,
              -151.687
            ]
          ]
        ]
      }
    },
    {
      "type": "Feature",
      "id": "osm:way:183499086",
      "properties": {
        "id": "osm:way:183499086",
        "source_ids": [
          "osm:way:183499086",
          "source:osm"
        ],
        "name": null,
        "class": "footway",
        "width_m": 1.8,
        "width_status": "ESTIMATED",
        "width_method": "path_class_default",
        "surface_status": "ESTIMATED",
        "surface_method": "buffered_centerline",
        "centerline_length_m": 19.43,
        "centerline_local": {
          "type": "LineString",
          "coordinates": [
            [
              27.414,
              121.364
            ],
            [
              33.234,
              121.226
            ],
            [
              38.976,
              119.627
            ],
            [
              42.065,
              117.874
            ],
            [
              45.321,
              115.39
            ]
          ]
        },
        "tags": {
          "highway": "footway",
          "surface": "asphalt"
        }
      },
      "geometry": {
        "type": "Polygon",
        "coordinates": [
          [
            [
              33.329,
              122.12
            ],
            [
              33.255,
              122.125
            ],
            [
              27.435,
              122.264
            ],
            [
              27.393,
              120.464
            ],
            [
              33.1,
              120.328
            ],
            [
              38.628,
              118.79
            ],
            [
              41.568,
              117.122
            ],
            [
              44.775,
              114.674
            ],
            [
              45.867,
              116.105
            ],
            [
              42.611,
              118.59
            ],
            [
              42.509,
              118.657
            ],
            [
              39.42,
              120.41
            ],
            [
              39.321,
              120.458
            ],
            [
              39.217,
              120.494
            ],
            [
              33.475,
              122.093
            ],
            [
              33.403,
              122.11
            ],
            [
              33.329,
              122.12
            ]
          ]
        ]
      }
    },
    {
      "type": "Feature",
      "id": "osm:way:183499087",
      "properties": {
        "id": "osm:way:183499087",
        "source_ids": [
          "osm:way:183499087",
          "source:osm"
        ],
        "name": null,
        "class": "footway",
        "width_m": 1.8,
        "width_status": "ESTIMATED",
        "width_method": "path_class_default",
        "surface_status": "ESTIMATED",
        "surface_method": "buffered_centerline",
        "centerline_length_m": 285.06,
        "centerline_local": {
          "type": "LineString",
          "coordinates": [
            [
              27.414,
              121.364
            ],
            [
              32.544,
              122.504
            ],
            [
              38.051,
              124.903
            ],
            [
              42.651,
              128.405
            ],
            [
              45.879,
              131.465
            ],
            [
              48.836,
              135.711
            ],
            [
              49.964,
              139.065
            ],
            [
              50.079,
              142.429
            ],
            [
              48.916,
              145.072
            ],
            [
              46.2,
              147.63
            ],
            [
              42.747,
              149.751
            ],
            [
              35.703,
              152.921
            ],
            [
              27.332,
              154.608
            ],
            [
              17.517,
              155.223
            ],
            [
              8.925,
              155.042
            ],
            [
              0.53,
              156.564
            ],
            [
              -2.319,
              157.429
            ],
            [
              -5.76,
              158.432
            ],
            [
              -10.86,
              160.745
            ],
            [
              -16.407,
              163.703
            ],
            [
              -21.943,
              168.021
            ],
            [
              -27.763,
              171.889
            ],
            [
              -33.787,
              173.39
            ],
            [
              -41.009,
              173.364
            ],
            [
              -47.695,
              171.783
            ],
            [
              -53.469,
              169.652
            ],
            [
              -59.536,
              165.975
            ],
            [
              -63.112,
              163.825
            ],
            [
              -66.344,
              160.223
            ],
            [
              -68.018,
              157.327
            ],
            [
              -68.496,
              154.343
            ],
            [
              -67.158,
              150.779
            ],
            [
              -64.162,
              148.219
            ],
            [
              -56.693,
              145.61
            ],
            [
              -48.381,
              144.444
            ],
            [
              -40.343,
              144.109
            ],
            [
              -27.814,
              144.456
            ],
            [
              -18.411,
              143.734
            ],
            [
              -10.736,
              142.395
            ],
            [
              -7.608,
              141.472
            ],
            [
              -4.812,
              140.618
            ],
            [
              2.205,
              138.113
            ],
            [
              6.845,
              136.158
            ],
            [
              9.394,
              134.233
            ],
            [
              9.561,
              132.328
            ],
            [
              8.527,
              129.969
            ],
            [
              6.509,
              128.448
            ],
            [
              5.673,
              126.452
            ],
            [
              6.662,
              124.905
            ],
            [
              9.668,
              123.419
            ],
            [
              15.408,
              121.555
            ],
            [
              21.437,
              120.773
            ],
            [
              27.414,
              121.364
            ]
          ]
        },
        "tags": {
          "highway": "footway",
          "surface": "asphalt"
        }
      },
      "geometry": {
        "type": "Polygon",
        "coordinates": [
          [
            [
              21.526,
              119.877
            ],
            [
              27.503,
              120.468
            ],
            [
              27.609,
              120.485
            ],
            [
              32.739,
              121.626
            ],
            [
              32.823,
              121.648
            ],
            [
              32.903,
              121.679
            ],
            [
              38.41,
              124.078
            ],
            [
              38.506,
              124.126
            ],
            [
              38.596,
              124.187
            ],
            [
              43.196,
              127.689
            ],
            [
              43.27,
              127.751
            ],
            [
              46.498,
              130.811
            ],
            [
              46.561,
              130.878
            ],
            [
              46.617,
              130.95
            ],
            [
              49.575,
              135.197
            ],
            [
              49.62,
              135.269
            ],
            [
              49.658,
              135.345
            ],
            [
              49.689,
              135.424
            ],
            [
              50.817,
              138.779
            ],
            [
              50.841,
              138.862
            ],
            [
              50.857,
              138.948
            ],
            [
              50.864,
              139.035
            ],
            [
              50.979,
              142.398
            ],
            [
              50.978,
              142.479
            ],
            [
              50.97,
              142.559
            ],
            [
              50.955,
              142.638
            ],
            [
              50.932,
              142.716
            ],
            [
              50.903,
              142.791
            ],
            [
              49.74,
              145.435
            ],
            [
              49.7,
              145.516
            ],
            [
              49.651,
              145.592
            ],
            [
              49.596,
              145.663
            ],
            [
              49.533,
              145.728
            ],
            [
              46.817,
              148.285
            ],
            [
              46.747,
              148.345
            ],
            [
              46.671,
              148.397
            ],
            [
              43.219,
              150.518
            ],
            [
              43.117,
              150.572
            ],
            [
              36.073,
              153.742
            ],
            [
              35.979,
              153.778
            ],
            [
              35.881,
              153.803
            ],
            [
              27.51,
              155.49
            ],
            [
              27.388,
              155.506
            ],
            [
              17.574,
              156.121
            ],
            [
              17.498,
              156.123
            ],
            [
              8.996,
              155.944
            ],
            [
              0.742,
              157.44
            ],
            [
              -2.057,
              158.29
            ],
            [
              -2.067,
              158.293
            ],
            [
              -5.446,
              159.278
            ],
            [
              -10.462,
              161.552
            ],
            [
              -15.915,
              164.46
            ],
            [
              -21.39,
              168.731
            ],
            [
              -21.445,
              168.771
            ],
            [
              -27.265,
              172.639
            ],
            [
              -27.354,
              172.691
            ],
            [
              -27.447,
              172.732
            ],
            [
              -27.545,
              172.762
            ],
            [
              -33.569,
              174.264
            ],
            [
              -33.642,
              174.279
            ],
            [
              -33.716,
              174.288
            ],
            [
              -33.79,
              174.29
            ],
            [
              -41.012,
              174.264
            ],
            [
              -41.115,
              174.257
            ],
            [
              -41.216,
              174.239
            ],
            [
              -47.902,
              172.659
            ],
            [
              -48.006,
              172.627
            ],
            [
              -53.78,
              170.497
            ],
            [
              -53.86,
              170.463
            ],
            [
              -53.935,
              170.422
            ],
            [
              -60.002,
              166.745
            ],
            [
              -63.576,
              164.597
            ],
            [
              -63.65,
              164.547
            ],
            [
              -63.719,
              164.49
            ],
            [
              -63.782,
              164.426
            ],
            [
              -67.014,
              160.824
            ],
            [
              -67.073,
              160.752
            ],
            [
              -67.123,
              160.673
            ],
            [
              -68.797,
              157.777
            ],
            [
              -68.835,
              157.704
            ],
            [
              -68.866,
              157.628
            ],
            [
              -68.89,
              157.55
            ],
            [
              -68.907,
              157.469
            ],
            [
              -69.385,
              154.486
            ],
            [
              -69.395,
              154.393
            ],
            [
              -69.395,
              154.3
            ],
            [
              -69.386,
              154.207
            ],
            [
              -69.367,
              154.116
            ],
            [
              -69.339,
              154.027
            ],
            [
              -68.0,
              150.463
            ],
            [
              -67.964,
              150.38
            ],
            [
              -67.92,
              150.3
            ],
            [
              -67.868,
              150.226
            ],
            [
              -67.808,
              150.157
            ],
            [
              -67.743,
              150.095
            ],
            [
              -64.746,
              147.535
            ],
            [
              -64.68,
              147.484
            ],
            [
              -64.61,
              147.439
            ],
            [
              -64.536,
              147.401
            ],
            [
              -64.458,
              147.37
            ],
            [
              -56.989,
              144.761
            ],
            [
              -56.905,
              144.736
            ],
            [
              -56.818,
              144.719
            ],
            [
              -48.506,
              143.552
            ],
            [
              -48.418,
              143.544
            ],
            [
              -40.38,
              143.21
            ],
            [
              -40.318,
              143.21
            ],
            [
              -27.837,
              143.555
            ],
            [
              -18.523,
              142.84
            ],
            [
              -10.942,
              141.518
            ],
            [
              -7.866,
              140.61
            ],
            [
              -5.095,
              139.764
            ],
            [
              1.879,
              137.273
            ],
            [
              6.392,
              135.373
            ],
            [
              8.532,
              133.756
            ],
            [
              8.644,
              132.479
            ],
            [
              7.797,
              130.546
            ],
            [
              5.968,
              129.167
            ],
            [
              5.895,
              129.106
            ],
            [
              5.829,
              129.037
            ],
            [
              5.771,
              128.962
            ],
            [
              5.721,
              128.881
            ],
            [
              5.679,
              128.796
            ],
            [
              4.843,
              126.8
            ],
            [
              4.813,
              126.718
            ],
            [
              4.792,
              126.634
            ],
            [
              4.778,
              126.548
            ],
            [
              4.773,
              126.462
            ],
            [
              4.776,
              126.375
            ],
            [
              4.788,
              126.289
            ],
            [
              4.808,
              126.204
            ],
            [
              4.836,
              126.122
            ],
            [
              4.872,
              126.043
            ],
            [
              4.915,
              125.967
            ],
            [
              5.904,
              124.421
            ],
            [
              5.951,
              124.354
            ],
            [
              6.004,
              124.292
            ],
            [
              6.062,
              124.235
            ],
            [
              6.125,
              124.184
            ],
            [
              6.192,
              124.138
            ],
            [
              6.263,
              124.099
            ],
            [
              9.269,
              122.612
            ],
            [
              9.39,
              122.563
            ],
            [
              15.13,
              120.699
            ],
            [
              15.21,
              120.677
            ],
            [
              15.292,
              120.662
            ],
            [
              21.322,
              119.881
            ],
            [
              21.424,
              119.873
            ],
            [
              21.526,
              119.877
            ]
          ],
          [
            [
              32.264,
              123.364
            ],
            [
              27.272,
              122.254
            ],
            [
              21.451,
              121.679
            ],
            [
              15.606,
              122.437
            ],
            [
              10.008,
              124.255
            ],
            [
              7.286,
              125.601
            ],
            [
              6.685,
              126.54
            ],
            [
              7.245,
              127.876
            ],
            [
              9.069,
              129.25
            ],
            [
              9.14,
              129.309
            ],
            [
              9.204,
              129.376
            ],
            [
              9.261,
              129.448
            ],
            [
              9.31,
              129.526
            ],
            [
              9.352,
              129.608
            ],
            [
              10.385,
              131.967
            ],
            [
              10.417,
              132.051
            ],
            [
              10.44,
              132.138
            ],
            [
              10.455,
              132.227
            ],
            [
              10.461,
              132.317
            ],
            [
              10.457,
              132.407
            ],
            [
              10.29,
              134.312
            ],
            [
              10.279,
              134.395
            ],
            [
              10.26,
              134.476
            ],
            [
              10.234,
              134.556
            ],
            [
              10.2,
              134.632
            ],
            [
              10.16,
              134.705
            ],
            [
              10.113,
              134.774
            ],
            [
              10.06,
              134.839
            ],
            [
              10.0,
              134.898
            ],
            [
              9.936,
              134.951
            ],
            [
              7.387,
              136.877
            ],
            [
              7.326,
              136.919
            ],
            [
              7.261,
              136.956
            ],
            [
              7.194,
              136.988
            ],
            [
              2.554,
              138.942
            ],
            [
              2.508,
              138.96
            ],
            [
              -4.51,
              141.466
            ],
            [
              -4.549,
              141.479
            ],
            [
              -7.345,
              142.333
            ],
            [
              -7.353,
              142.335
            ],
            [
              -10.482,
              143.259
            ],
            [
              -10.582,
              143.282
            ],
            [
              -18.256,
              144.62
            ],
            [
              -18.342,
              144.631
            ],
            [
              -27.746,
              145.353
            ],
            [
              -27.839,
              145.356
            ],
            [
              -40.336,
              145.01
            ],
            [
              -48.3,
              145.341
            ],
            [
              -56.48,
              146.489
            ],
            [
              -63.705,
              149.013
            ],
            [
              -66.397,
              151.313
            ],
            [
              -67.57,
              154.436
            ],
            [
              -67.156,
              157.02
            ],
            [
              -65.612,
              159.692
            ],
            [
              -62.532,
              163.124
            ],
            [
              -59.073,
              165.203
            ],
            [
              -59.07,
              165.205
            ],
            [
              -53.076,
              168.838
            ],
            [
              -47.434,
              170.92
            ],
            [
              -40.902,
              172.464
            ],
            [
              -33.895,
              172.49
            ],
            [
              -28.132,
              171.054
            ],
            [
              -22.47,
              167.291
            ],
            [
              -16.961,
              162.993
            ],
            [
              -16.898,
              162.948
            ],
            [
              -16.831,
              162.908
            ],
            [
              -11.283,
              159.95
            ],
            [
              -11.231,
              159.925
            ],
            [
              -6.131,
              157.613
            ],
            [
              -6.012,
              157.568
            ],
            [
              -2.576,
              156.566
            ],
            [
              0.269,
              155.703
            ],
            [
              0.37,
              155.678
            ],
            [
              8.764,
              154.157
            ],
            [
              8.854,
              154.145
            ],
            [
              8.944,
              154.142
            ],
            [
              17.499,
              154.323
            ],
            [
              27.214,
              153.714
            ],
            [
              35.426,
              152.059
            ],
            [
              42.326,
              148.954
            ],
            [
              45.65,
              146.911
            ],
            [
              48.166,
              144.543
            ],
            [
              49.173,
              142.254
            ],
            [
              49.069,
              139.228
            ],
            [
              48.024,
              136.12
            ],
            [
              45.193,
              132.054
            ],
            [
              42.067,
              129.091
            ],
            [
              37.592,
              125.684
            ],
            [
              32.264,
              123.364
            ]
          ]
        ]
      }
    },
    {
      "type": "Feature",
      "id": "osm:way:183499088",
      "properties": {
        "id": "osm:way:183499088",
        "source_ids": [
          "osm:way:183499088",
          "source:osm"
        ],
        "name": null,
        "class": "footway",
        "width_m": 1.8,
        "width_status": "ESTIMATED",
        "width_method": "path_class_default",
        "surface_status": "ESTIMATED",
        "surface_method": "buffered_centerline",
        "centerline_length_m": 34.35,
        "centerline_local": {
          "type": "LineString",
          "coordinates": [
            [
              66.207,
              138.86
            ],
            [
              61.984,
              143.013
            ],
            [
              56.9,
              145.956
            ],
            [
              52.071,
              148.432
            ],
            [
              46.927,
              150.722
            ],
            [
              42.09,
              152.247
            ],
            [
              35.703,
              152.921
            ]
          ]
        },
        "tags": {
          "highway": "footway",
          "surface": "asphalt"
        }
      },
      "geometry": {
        "type": "Polygon",
        "coordinates": [
          [
            [
              56.469,
              145.166
            ],
            [
              61.435,
              142.291
            ],
            [
              65.576,
              138.219
            ],
            [
              66.838,
              139.502
            ],
            [
              62.615,
              143.655
            ],
            [
              62.559,
              143.705
            ],
            [
              62.499,
              143.751
            ],
            [
              62.435,
              143.792
            ],
            [
              57.351,
              146.735
            ],
            [
              57.311,
              146.757
            ],
            [
              52.481,
              149.233
            ],
            [
              52.437,
              149.254
            ],
            [
              47.293,
              151.544
            ],
            [
              47.198,
              151.581
            ],
            [
              42.36,
              153.105
            ],
            [
              42.273,
              153.128
            ],
            [
              42.184,
              153.142
            ],
            [
              35.798,
              153.816
            ],
            [
              35.609,
              152.026
            ],
            [
              41.905,
              151.361
            ],
            [
              46.608,
              149.879
            ],
            [
              51.682,
              147.62
            ],
            [
              56.469,
              145.166
            ]
          ]
        ]
      }
    },
    {
      "type": "Feature",
      "id": "osm:way:183499089",
      "properties": {
        "id": "osm:way:183499089",
        "source_ids": [
          "osm:way:183499089",
          "source:osm"
        ],
        "name": null,
        "class": "footway",
        "width_m": 1.8,
        "width_status": "ESTIMATED",
        "width_method": "path_class_default",
        "surface_status": "ESTIMATED",
        "surface_method": "buffered_centerline",
        "centerline_length_m": 48.59,
        "centerline_local": {
          "type": "LineString",
          "coordinates": [
            [
              17.517,
              155.223
            ],
            [
              10.402,
              157.641
            ],
            [
              2.199,
              160.08
            ],
            [
              -1.08,
              161.17
            ],
            [
              -4.82,
              162.408
            ],
            [
              -10.646,
              165.546
            ],
            [
              -16.46,
              168.86
            ],
            [
              -22.024,
              171.187
            ],
            [
              -27.763,
              171.889
            ]
          ]
        },
        "tags": {
          "highway": "footway",
          "surface": "asphalt"
        }
      },
      "geometry": {
        "type": "Polygon",
        "coordinates": [
          [
            [
              1.942,
              159.217
            ],
            [
              10.129,
              156.783
            ],
            [
              17.228,
              154.371
            ],
            [
              17.807,
              156.075
            ],
            [
              10.692,
              158.493
            ],
            [
              10.659,
              158.504
            ],
            [
              2.469,
              160.938
            ],
            [
              -0.796,
              162.024
            ],
            [
              -0.797,
              162.024
            ],
            [
              -4.463,
              163.238
            ],
            [
              -10.21,
              166.333
            ],
            [
              -16.015,
              169.642
            ],
            [
              -16.113,
              169.69
            ],
            [
              -21.677,
              172.017
            ],
            [
              -21.754,
              172.046
            ],
            [
              -21.833,
              172.067
            ],
            [
              -21.915,
              172.081
            ],
            [
              -27.654,
              172.783
            ],
            [
              -27.872,
              170.996
            ],
            [
              -22.257,
              170.309
            ],
            [
              -16.858,
              168.051
            ],
            [
              -11.092,
              164.764
            ],
            [
              -11.073,
              164.753
            ],
            [
              -5.247,
              161.616
            ],
            [
              -5.176,
              161.582
            ],
            [
              -5.103,
              161.554
            ],
            [
              -1.363,
              160.316
            ],
            [
              1.915,
              159.226
            ],
            [
              1.942,
              159.217
            ]
          ]
        ]
      }
    },
    {
      "type": "Feature",
      "id": "osm:way:183499090",
      "properties": {
        "id": "osm:way:183499090",
        "source_ids": [
          "osm:way:183499090",
          "source:osm"
        ],
        "name": null,
        "class": "footway",
        "width_m": 1.8,
        "width_status": "ESTIMATED",
        "width_method": "path_class_default",
        "surface_status": "ESTIMATED",
        "surface_method": "buffered_centerline",
        "centerline_length_m": 26.34,
        "centerline_local": {
          "type": "LineString",
          "coordinates": [
            [
              -63.112,
              163.825
            ],
            [
              -66.808,
              162.75
            ],
            [
              -70.574,
              160.968
            ],
            [
              -72.507,
              159.258
            ],
            [
              -73.36,
              156.631
            ],
            [
              -72.284,
              153.811
            ],
            [
              -70.02,
              151.424
            ],
            [
              -64.162,
              148.219
            ]
          ]
        },
        "tags": {
          "highway": "footway",
          "surface": "asphalt"
        }
      },
      "geometry": {
        "type": "Polygon",
        "coordinates": [
          [
            [
              -70.073,
              160.209
            ],
            [
              -66.487,
              161.906
            ],
            [
              -62.861,
              162.961
            ],
            [
              -63.363,
              164.689
            ],
            [
              -67.059,
              163.614
            ],
            [
              -67.127,
              163.592
            ],
            [
              -67.193,
              163.564
            ],
            [
              -70.959,
              161.781
            ],
            [
              -71.034,
              161.741
            ],
            [
              -71.104,
              161.695
            ],
            [
              -71.17,
              161.642
            ],
            [
              -73.104,
              159.932
            ],
            [
              -73.172,
              159.865
            ],
            [
              -73.233,
              159.791
            ],
            [
              -73.285,
              159.71
            ],
            [
              -73.329,
              159.625
            ],
            [
              -73.363,
              159.536
            ],
            [
              -74.216,
              156.909
            ],
            [
              -74.239,
              156.825
            ],
            [
              -74.253,
              156.739
            ],
            [
              -74.259,
              156.652
            ],
            [
              -74.257,
              156.565
            ],
            [
              -74.247,
              156.478
            ],
            [
              -74.228,
              156.393
            ],
            [
              -74.201,
              156.311
            ],
            [
              -73.125,
              153.49
            ],
            [
              -73.09,
              153.409
            ],
            [
              -73.046,
              153.332
            ],
            [
              -72.995,
              153.259
            ],
            [
              -72.937,
              153.192
            ],
            [
              -70.673,
              150.804
            ],
            [
              -70.605,
              150.74
            ],
            [
              -70.531,
              150.683
            ],
            [
              -70.452,
              150.634
            ],
            [
              -64.594,
              147.43
            ],
            [
              -63.73,
              149.009
            ],
            [
              -69.464,
              152.145
            ],
            [
              -71.508,
              154.3
            ],
            [
              -72.406,
              156.655
            ],
            [
              -71.727,
              158.746
            ],
            [
              -70.073,
              160.209
            ]
          ]
        ]
      }
    },
    {
      "type": "Feature",
      "id": "osm:way:203893569",
      "properties": {
        "id": "osm:way:203893569",
        "source_ids": [
          "osm:way:203893569",
          "source:osm"
        ],
        "name": null,
        "class": "steps",
        "width_m": 2.0,
        "width_status": "ESTIMATED",
        "width_method": "path_class_default",
        "surface_status": "ESTIMATED",
        "surface_method": "buffered_centerline",
        "centerline_length_m": 5.76,
        "centerline_local": {
          "type": "LineString",
          "coordinates": [
            [
              -217.701,
              38.404
            ],
            [
              -216.186,
              32.846
            ]
          ]
        },
        "tags": {
          "highway": "steps"
        }
      },
      "geometry": {
        "type": "Polygon",
        "coordinates": [
          [
            [
              -217.15,
              32.583
            ],
            [
              -215.221,
              33.11
            ],
            [
              -216.736,
              38.667
            ],
            [
              -218.666,
              38.141
            ],
            [
              -217.15,
              32.583
            ]
          ]
        ]
      }
    },
    {
      "type": "Feature",
      "id": "osm:way:203893574",
      "properties": {
        "id": "osm:way:203893574",
        "source_ids": [
          "osm:way:203893574",
          "source:osm"
        ],
        "name": "Bonifacio High Street",
        "class": "footway",
        "width_m": 1.8,
        "width_status": "ESTIMATED",
        "width_method": "path_class_default",
        "surface_status": "ESTIMATED",
        "surface_method": "buffered_centerline",
        "centerline_length_m": 19.46,
        "centerline_local": {
          "type": "LineString",
          "coordinates": [
            [
              -165.578,
              17.684
            ],
            [
              -156.682,
              14.31
            ],
            [
              -147.377,
              10.811
            ]
          ]
        },
        "tags": {
          "footway": "crossing",
          "highway": "footway",
          "name": "Bonifacio High Street",
          "surface": "paving_stones"
        }
      },
      "geometry": {
        "type": "Polygon",
        "coordinates": [
          [
            [
              -147.06,
              11.653
            ],
            [
              -156.364,
              15.152
            ],
            [
              -165.259,
              18.525
            ],
            [
              -165.897,
              16.842
            ],
            [
              -157.001,
              13.468
            ],
            [
              -156.998,
              13.468
            ],
            [
              -147.694,
              9.968
            ],
            [
              -147.06,
              11.653
            ]
          ]
        ]
      }
    },
    {
      "type": "Feature",
      "id": "osm:way:203893576",
      "properties": {
        "id": "osm:way:203893576",
        "source_ids": [
          "osm:way:203893576",
          "source:osm"
        ],
        "name": null,
        "class": "footway",
        "width_m": 1.8,
        "width_status": "ESTIMATED",
        "width_method": "path_class_default",
        "surface_status": "ESTIMATED",
        "surface_method": "buffered_centerline",
        "centerline_length_m": 16.51,
        "centerline_local": {
          "type": "LineString",
          "coordinates": [
            [
              -289.024,
              51.265
            ],
            [
              -293.977,
              67.011
            ]
          ]
        },
        "tags": {
          "highway": "footway"
        }
      },
      "geometry": {
        "type": "Polygon",
        "coordinates": [
          [
            [
              -293.119,
              67.281
            ],
            [
              -294.836,
              66.741
            ],
            [
              -289.883,
              50.995
            ],
            [
              -288.166,
              51.535
            ],
            [
              -293.119,
              67.281
            ]
          ]
        ]
      }
    },
    {
      "type": "Feature",
      "id": "osm:way:203893584",
      "properties": {
        "id": "osm:way:203893584",
        "source_ids": [
          "osm:way:203893584",
          "source:osm"
        ],
        "name": null,
        "class": "footway",
        "width_m": 1.8,
        "width_status": "ESTIMATED",
        "width_method": "path_class_default",
        "surface_status": "ESTIMATED",
        "surface_method": "buffered_centerline",
        "centerline_length_m": 13.93,
        "centerline_local": {
          "type": "LineString",
          "coordinates": [
            [
              -216.186,
              32.846
            ],
            [
              -215.057,
              28.654
            ],
            [
              -212.528,
              19.403
            ]
          ]
        },
        "tags": {
          "highway": "footway"
        }
      },
      "geometry": {
        "type": "Polygon",
        "coordinates": [
          [
            [
              -211.66,
              19.64
            ],
            [
              -214.189,
              28.889
            ],
            [
              -215.316,
              33.08
            ],
            [
              -217.055,
              32.613
            ],
            [
              -215.926,
              28.42
            ],
            [
              -215.925,
              28.416
            ],
            [
              -213.396,
              19.165
            ],
            [
              -211.66,
              19.64
            ]
          ]
        ]
      }
    },
    {
      "type": "Feature",
      "id": "osm:way:203893586",
      "properties": {
        "id": "osm:way:203893586",
        "source_ids": [
          "osm:way:203893586",
          "source:osm"
        ],
        "name": null,
        "class": "footway",
        "width_m": 1.8,
        "width_status": "ESTIMATED",
        "width_method": "path_class_default",
        "surface_status": "ESTIMATED",
        "surface_method": "buffered_centerline",
        "centerline_length_m": 46.4,
        "centerline_local": {
          "type": "LineString",
          "coordinates": [
            [
              -211.348,
              14.933
            ],
            [
              -209.467,
              8.044
            ],
            [
              -170.556,
              2.831
            ]
          ]
        },
        "tags": {
          "highway": "footway"
        }
      },
      "geometry": {
        "type": "Polygon",
        "coordinates": [
          [
            [
              -170.436,
              3.723
            ],
            [
              -208.756,
              8.857
            ],
            [
              -210.48,
              15.17
            ],
            [
              -212.216,
              14.696
            ],
            [
              -210.335,
              7.807
            ],
            [
              -210.308,
              7.724
            ],
            [
              -210.273,
              7.643
            ],
            [
              -210.23,
              7.567
            ],
            [
              -210.18,
              7.495
            ],
            [
              -210.123,
              7.428
            ],
            [
              -210.059,
              7.367
            ],
            [
              -209.991,
              7.312
            ],
            [
              -209.917,
              7.265
            ],
            [
              -209.839,
              7.225
            ],
            [
              -209.757,
              7.192
            ],
            [
              -209.673,
              7.168
            ],
            [
              -209.586,
              7.152
            ],
            [
              -170.675,
              1.939
            ],
            [
              -170.436,
              3.723
            ]
          ]
        ]
      }
    },
    {
      "type": "Feature",
      "id": "osm:way:203893587",
      "properties": {
        "id": "osm:way:203893587",
        "source_ids": [
          "osm:way:203893587",
          "source:osm"
        ],
        "name": null,
        "class": "footway",
        "width_m": 1.8,
        "width_status": "ESTIMATED",
        "width_method": "path_class_default",
        "surface_status": "ESTIMATED",
        "surface_method": "buffered_centerline",
        "centerline_length_m": 57.03,
        "centerline_local": {
          "type": "LineString",
          "coordinates": [
            [
              -241.431,
              35.265
            ],
            [
              -215.057,
              28.654
            ],
            [
              -196.854,
              52.302
            ]
          ]
        },
        "tags": {
          "highway": "footway"
        }
      },
      "geometry": {
        "type": "Polygon",
        "coordinates": [
          [
            [
              -197.567,
              52.851
            ],
            [
              -215.411,
              29.67
            ],
            [
              -241.212,
              36.138
            ],
            [
              -241.65,
              34.392
            ],
            [
              -215.276,
              27.781
            ],
            [
              -215.191,
              27.764
            ],
            [
              -215.104,
              27.755
            ],
            [
              -215.017,
              27.755
            ],
            [
              -214.931,
              27.763
            ],
            [
              -214.845,
              27.779
            ],
            [
              -214.762,
              27.804
            ],
            [
              -214.681,
              27.836
            ],
            [
              -214.604,
              27.876
            ],
            [
              -214.531,
              27.924
            ],
            [
              -214.463,
              27.978
            ],
            [
              -214.4,
              28.038
            ],
            [
              -214.344,
              28.105
            ],
            [
              -196.141,
              51.753
            ],
            [
              -197.567,
              52.851
            ]
          ]
        ]
      }
    },
    {
      "type": "Feature",
      "id": "osm:way:203893588",
      "properties": {
        "id": "osm:way:203893588",
        "source_ids": [
          "osm:way:203893588",
          "source:osm"
        ],
        "name": null,
        "class": "steps",
        "width_m": 2.0,
        "width_status": "ESTIMATED",
        "width_method": "path_class_default",
        "surface_status": "ESTIMATED",
        "surface_method": "buffered_centerline",
        "centerline_length_m": 20.99,
        "centerline_local": {
          "type": "LineString",
          "coordinates": [
            [
              -176.365,
              70.94
            ],
            [
              -164.679,
              53.509
            ]
          ]
        },
        "tags": {
          "highway": "steps"
        }
      },
      "geometry": {
        "type": "Polygon",
        "coordinates": [
          [
            [
              -165.509,
              52.953
            ],
            [
              -163.848,
              54.066
            ],
            [
              -175.534,
              71.496
            ],
            [
              -177.195,
              70.383
            ],
            [
              -165.509,
              52.953
            ]
          ]
        ]
      }
    },
    {
      "type": "Feature",
      "id": "osm:way:203893591",
      "properties": {
        "id": "osm:way:203893591",
        "source_ids": [
          "osm:way:203893591",
          "source:osm"
        ],
        "name": null,
        "class": "footway",
        "width_m": 1.8,
        "width_status": "ESTIMATED",
        "width_method": "path_class_default",
        "surface_status": "ESTIMATED",
        "surface_method": "buffered_centerline",
        "centerline_length_m": 42.09,
        "centerline_local": {
          "type": "LineString",
          "coordinates": [
            [
              -228.715,
              79.023
            ],
            [
              -227.962,
              76.25
            ],
            [
              -220.261,
              47.843
            ],
            [
              -217.701,
              38.404
            ]
          ]
        },
        "tags": {
          "highway": "footway"
        }
      },
      "geometry": {
        "type": "Polygon",
        "coordinates": [
          [
            [
              -219.392,
              48.079
            ],
            [
              -227.094,
              76.486
            ],
            [
              -227.846,
              79.259
            ],
            [
              -229.583,
              78.788
            ],
            [
              -228.831,
              76.015
            ],
            [
              -221.13,
              47.608
            ],
            [
              -218.57,
              38.168
            ],
            [
              -216.832,
              38.639
            ],
            [
              -219.392,
              48.079
            ]
          ]
        ]
      }
    },
    {
      "type": "Feature",
      "id": "osm:way:203893592",
      "properties": {
        "id": "osm:way:203893592",
        "source_ids": [
          "osm:way:203893592",
          "source:osm"
        ],
        "name": null,
        "class": "footway",
        "width_m": 1.8,
        "width_status": "ESTIMATED",
        "width_method": "path_class_default",
        "surface_status": "ESTIMATED",
        "surface_method": "buffered_centerline",
        "centerline_length_m": 38.43,
        "centerline_local": {
          "type": "LineString",
          "coordinates": [
            [
              -252.46,
              76.659
            ],
            [
              -252.503,
              51.384
            ],
            [
              -249.87,
              40.405
            ],
            [
              -248.24,
              39.506
            ]
          ]
        },
        "tags": {
          "highway": "footway"
        }
      },
      "geometry": {
        "type": "Polygon",
        "coordinates": [
          [
            [
              -249.088,
              41.002
            ],
            [
              -251.603,
              51.489
            ],
            [
              -251.56,
              76.658
            ],
            [
              -253.36,
              76.661
            ],
            [
              -253.403,
              51.385
            ],
            [
              -253.397,
              51.279
            ],
            [
              -253.379,
              51.174
            ],
            [
              -250.746,
              40.196
            ],
            [
              -250.719,
              40.106
            ],
            [
              -250.683,
              40.019
            ],
            [
              -250.639,
              39.937
            ],
            [
              -250.586,
              39.86
            ],
            [
              -250.526,
              39.789
            ],
            [
              -250.458,
              39.724
            ],
            [
              -250.384,
              39.667
            ],
            [
              -250.305,
              39.617
            ],
            [
              -248.674,
              38.718
            ],
            [
              -247.805,
              40.294
            ],
            [
              -249.088,
              41.002
            ]
          ]
        ]
      }
    },
    {
      "type": "Feature",
      "id": "osm:way:203893593",
      "properties": {
        "id": "osm:way:203893593",
        "source_ids": [
          "osm:way:203893593",
          "source:osm"
        ],
        "name": null,
        "class": "footway",
        "width_m": 1.8,
        "width_status": "ESTIMATED",
        "width_method": "path_class_default",
        "surface_status": "ESTIMATED",
        "surface_method": "buffered_centerline",
        "centerline_length_m": 8.66,
        "centerline_local": {
          "type": "LineString",
          "coordinates": [
            [
              -266.453,
              -16.799
            ],
            [
              -265.224,
              -12.958
            ],
            [
              -263.807,
              -8.555
            ]
          ]
        },
        "tags": {
          "highway": "footway"
        }
      },
      "geometry": {
        "type": "Polygon",
        "coordinates": [
          [
            [
              -266.081,
              -12.683
            ],
            [
              -266.081,
              -12.684
            ],
            [
              -267.31,
              -16.525
            ],
            [
              -265.596,
              -17.073
            ],
            [
              -264.367,
              -13.234
            ],
            [
              -262.95,
              -8.831
            ],
            [
              -264.663,
              -8.279
            ],
            [
              -266.081,
              -12.683
            ]
          ]
        ]
      }
    },
    {
      "type": "Feature",
      "id": "osm:way:203893595",
      "properties": {
        "id": "osm:way:203893595",
        "source_ids": [
          "osm:way:203893595",
          "source:osm"
        ],
        "name": null,
        "class": "footway",
        "width_m": 1.8,
        "width_status": "ESTIMATED",
        "width_method": "path_class_default",
        "surface_status": "ESTIMATED",
        "surface_method": "buffered_centerline",
        "centerline_length_m": 57.54,
        "centerline_local": {
          "type": "LineString",
          "coordinates": [
            [
              -311.657,
              57.921
            ],
            [
              -293.977,
              67.011
            ],
            [
              -286.298,
              70.043
            ],
            [
              -259.837,
              57.212
            ]
          ]
        },
        "tags": {
          "highway": "footway"
        }
      },
      "geometry": {
        "type": "Polygon",
        "coordinates": [
          [
            [
              -294.308,
              67.848
            ],
            [
              -294.389,
              67.811
            ],
            [
              -312.069,
              58.722
            ],
            [
              -311.246,
              57.121
            ],
            [
              -293.605,
              66.19
            ],
            [
              -286.335,
              69.061
            ],
            [
              -260.23,
              56.402
            ],
            [
              -259.445,
              58.022
            ],
            [
              -285.905,
              70.853
            ],
            [
              -285.991,
              70.889
            ],
            [
              -286.08,
              70.917
            ],
            [
              -286.171,
              70.934
            ],
            [
              -286.264,
              70.943
            ],
            [
              -286.357,
              70.942
            ],
            [
              -286.45,
              70.931
            ],
            [
              -286.54,
              70.91
            ],
            [
              -286.629,
              70.881
            ],
            [
              -294.308,
              67.848
            ]
          ]
        ]
      }
    },
    {
      "type": "Feature",
      "id": "osm:way:203893596",
      "properties": {
        "id": "osm:way:203893596",
        "source_ids": [
          "osm:way:203893596",
          "source:osm"
        ],
        "name": null,
        "class": "footway",
        "width_m": 1.8,
        "width_status": "ESTIMATED",
        "width_method": "path_class_default",
        "surface_status": "ESTIMATED",
        "surface_method": "buffered_centerline",
        "centerline_length_m": 12.38,
        "centerline_local": {
          "type": "LineString",
          "coordinates": [
            [
              -59.536,
              165.975
            ],
            [
              -58.869,
              170.883
            ],
            [
              -60.067,
              174.578
            ],
            [
              -62.715,
              176.936
            ]
          ]
        },
        "tags": {
          "highway": "footway",
          "surface": "asphalt"
        }
      },
      "geometry": {
        "type": "Polygon",
        "coordinates": [
          [
            [
              -60.847,
              174.068
            ],
            [
              -59.789,
              170.8
            ],
            [
              -60.428,
              166.096
            ],
            [
              -58.645,
              165.854
            ],
            [
              -57.978,
              170.761
            ],
            [
              -57.97,
              170.842
            ],
            [
              -57.97,
              170.922
            ],
            [
              -57.977,
              171.003
            ],
            [
              -57.992,
              171.082
            ],
            [
              -58.013,
              171.16
            ],
            [
              -59.21,
              174.855
            ],
            [
              -59.245,
              174.944
            ],
            [
              -59.288,
              175.029
            ],
            [
              -59.34,
              175.109
            ],
            [
              -59.4,
              175.183
            ],
            [
              -59.468,
              175.25
            ],
            [
              -62.117,
              177.608
            ],
            [
              -63.314,
              176.263
            ],
            [
              -60.847,
              174.068
            ]
          ]
        ]
      }
    },
    {
      "type": "Feature",
      "id": "osm:way:203893598",
      "properties": {
        "id": "osm:way:203893598",
        "source_ids": [
          "osm:way:203893598",
          "source:osm"
        ],
        "name": "Bonifacio High Street",
        "class": "pedestrian",
        "width_m": 5.0,
        "width_status": "ESTIMATED",
        "width_method": "path_class_default",
        "surface_status": "ESTIMATED",
        "surface_method": "buffered_centerline",
        "centerline_length_m": 77.63,
        "centerline_local": {
          "type": "LineString",
          "coordinates": [
            [
              -252.46,
              76.659
            ],
            [
              -273.415,
              82.892
            ],
            [
              -291.98,
              88.794
            ],
            [
              -326.64,
              99.538
            ]
          ]
        },
        "tags": {
          "highway": "pedestrian",
          "name": "Bonifacio High Street"
        }
      },
      "geometry": {
        "type": "Polygon",
        "coordinates": [
          [
            [
              -274.172,
              80.51
            ],
            [
              -274.127,
              80.496
            ],
            [
              -253.172,
              74.263
            ],
            [
              -251.747,
              79.055
            ],
            [
              -272.68,
              85.282
            ],
            [
              -291.222,
              91.177
            ],
            [
              -291.24,
              91.182
            ],
            [
              -325.899,
              101.926
            ],
            [
              -327.38,
              97.15
            ],
            [
              -292.729,
              86.409
            ],
            [
              -274.172,
              80.51
            ]
          ]
        ]
      }
    },
    {
      "type": "Feature",
      "id": "osm:way:203893600",
      "properties": {
        "id": "osm:way:203893600",
        "source_ids": [
          "osm:way:203893600",
          "source:osm"
        ],
        "name": null,
        "class": "footway",
        "width_m": 1.8,
        "width_status": "ESTIMATED",
        "width_method": "path_class_default",
        "surface_status": "ESTIMATED",
        "surface_method": "buffered_centerline",
        "centerline_length_m": 45.05,
        "centerline_local": {
          "type": "LineString",
          "coordinates": [
            [
              -253.755,
              42.409
            ],
            [
              -259.837,
              57.212
            ],
            [
              -273.415,
              82.892
            ]
          ]
        },
        "tags": {
          "highway": "footway"
        }
      },
      "geometry": {
        "type": "Polygon",
        "coordinates": [
          [
            [
              -274.21,
              82.471
            ],
            [
              -260.653,
              56.83
            ],
            [
              -254.588,
              42.067
            ],
            [
              -252.923,
              42.751
            ],
            [
              -259.005,
              57.554
            ],
            [
              -259.042,
              57.633
            ],
            [
              -272.619,
              83.313
            ],
            [
              -274.21,
              82.471
            ]
          ]
        ]
      }
    },
    {
      "type": "Feature",
      "id": "osm:way:203893602",
      "properties": {
        "id": "osm:way:203893602",
        "source_ids": [
          "osm:way:203893602",
          "source:osm"
        ],
        "name": null,
        "class": "footway",
        "width_m": 1.8,
        "width_status": "ESTIMATED",
        "width_method": "path_class_default",
        "surface_status": "ESTIMATED",
        "surface_method": "buffered_centerline",
        "centerline_length_m": 118.06,
        "centerline_local": {
          "type": "LineString",
          "coordinates": [
            [
              -227.962,
              76.25
            ],
            [
              -203.553,
              68.096
            ],
            [
              -220.261,
              47.843
            ],
            [
              -246.792,
              43.633
            ],
            [
              -238.759,
              67.877
            ],
            [
              -227.962,
              76.25
            ]
          ]
        },
        "tags": {
          "highway": "footway"
        }
      },
      "geometry": {
        "type": "Polygon",
        "coordinates": [
          [
            [
              -228.441,
              77.012
            ],
            [
              -228.514,
              76.962
            ],
            [
              -239.311,
              68.588
            ],
            [
              -239.378,
              68.53
            ],
            [
              -239.439,
              68.466
            ],
            [
              -239.494,
              68.397
            ],
            [
              -239.541,
              68.322
            ],
            [
              -239.581,
              68.243
            ],
            [
              -239.613,
              68.16
            ],
            [
              -247.647,
              43.916
            ],
            [
              -247.67,
              43.831
            ],
            [
              -247.685,
              43.745
            ],
            [
              -247.692,
              43.657
            ],
            [
              -247.69,
              43.57
            ],
            [
              -247.68,
              43.482
            ],
            [
              -247.661,
              43.397
            ],
            [
              -247.634,
              43.313
            ],
            [
              -247.599,
              43.233
            ],
            [
              -247.556,
              43.156
            ],
            [
              -247.506,
              43.084
            ],
            [
              -247.449,
              43.017
            ],
            [
              -247.386,
              42.956
            ],
            [
              -247.317,
              42.902
            ],
            [
              -247.244,
              42.854
            ],
            [
              -247.166,
              42.814
            ],
            [
              -247.084,
              42.781
            ],
            [
              -247.0,
              42.757
            ],
            [
              -246.914,
              42.741
            ],
            [
              -246.826,
              42.733
            ],
            [
              -246.738,
              42.734
            ],
            [
              -246.651,
              42.744
            ],
            [
              -220.12,
              46.954
            ],
            [
              -220.029,
              46.974
            ],
            [
              -219.941,
              47.002
            ],
            [
              -219.855,
              47.04
            ],
            [
              -219.775,
              47.086
            ],
            [
              -219.699,
              47.14
            ],
            [
              -219.63,
              47.202
            ],
            [
              -219.567,
              47.27
            ],
            [
              -202.858,
              67.523
            ],
            [
              -202.806,
              67.593
            ],
            [
              -202.761,
              67.667
            ],
            [
              -202.723,
              67.746
            ],
            [
              -202.693,
              67.828
            ],
            [
              -202.671,
              67.912
            ],
            [
              -202.658,
              67.998
            ],
            [
              -202.653,
              68.085
            ],
            [
              -202.656,
              68.173
            ],
            [
              -202.668,
              68.259
            ],
            [
              -202.687,
              68.344
            ],
            [
              -202.716,
              68.426
            ],
            [
              -202.751,
              68.506
            ],
            [
              -202.795,
              68.581
            ],
            [
              -202.845,
              68.652
            ],
            [
              -202.903,
              68.718
            ],
            [
              -202.966,
              68.778
            ],
            [
              -203.035,
              68.832
            ],
            [
              -203.108,
              68.878
            ],
            [
              -203.186,
              68.918
            ],
            [
              -203.267,
              68.949
            ],
            [
              -227.677,
              77.104
            ],
            [
              -227.762,
              77.128
            ],
            [
              -227.849,
              77.143
            ],
            [
              -227.937,
              77.15
            ],
            [
              -228.025,
              77.148
            ],
            [
              -228.113,
              77.138
            ],
            [
              -228.199,
              77.118
            ],
            [
              -228.283,
              77.091
            ],
            [
              -228.364,
              77.055
            ],
            [
              -228.441,
              77.012
            ]
          ],
          [
            [
              -237.991,
              67.334
            ],
            [
              -227.791,
              75.244
            ],
            [
              -205.081,
              67.657
            ],
            [
              -220.739,
              48.679
            ],
            [
              -245.473,
              44.753
            ],
            [
              -237.991,
              67.334
            ]
          ]
        ]
      }
    },
    {
      "type": "Feature",
      "id": "osm:way:203893603",
      "properties": {
        "id": "osm:way:203893603",
        "source_ids": [
          "osm:way:203893603",
          "source:osm"
        ],
        "name": null,
        "class": "footway",
        "width_m": 1.8,
        "width_status": "ESTIMATED",
        "width_method": "path_class_default",
        "surface_status": "ESTIMATED",
        "surface_method": "buffered_centerline",
        "centerline_length_m": 68.9,
        "centerline_local": {
          "type": "LineString",
          "coordinates": [
            [
              -291.98,
              88.794
            ],
            [
              -311.657,
              57.921
            ],
            [
              -326.817,
              86.426
            ]
          ]
        },
        "tags": {
          "highway": "footway"
        }
      },
      "geometry": {
        "type": "Polygon",
        "coordinates": [
          [
            [
              -310.95,
              57.365
            ],
            [
              -310.898,
              57.438
            ],
            [
              -291.221,
              88.311
            ],
            [
              -292.739,
              89.278
            ],
            [
              -311.587,
              59.706
            ],
            [
              -326.022,
              86.848
            ],
            [
              -327.611,
              86.003
            ],
            [
              -312.452,
              57.499
            ],
            [
              -312.406,
              57.422
            ],
            [
              -312.353,
              57.35
            ],
            [
              -312.293,
              57.284
            ],
            [
              -312.227,
              57.224
            ],
            [
              -312.155,
              57.171
            ],
            [
              -312.078,
              57.126
            ],
            [
              -311.997,
              57.088
            ],
            [
              -311.913,
              57.058
            ],
            [
              -311.826,
              57.037
            ],
            [
              -311.737,
              57.025
            ],
            [
              -311.648,
              57.022
            ],
            [
              -311.559,
              57.027
            ],
            [
              -311.471,
              57.041
            ],
            [
              -311.384,
              57.064
            ],
            [
              -311.301,
              57.095
            ],
            [
              -311.22,
              57.135
            ],
            [
              -311.145,
              57.182
            ],
            [
              -311.074,
              57.236
            ],
            [
              -311.009,
              57.297
            ],
            [
              -310.95,
              57.365
            ]
          ]
        ]
      }
    },
    {
      "type": "Feature",
      "id": "osm:way:203893605",
      "properties": {
        "id": "osm:way:203893605",
        "source_ids": [
          "osm:way:203893605",
          "source:osm"
        ],
        "name": "8th Avenue",
        "class": "pedestrian",
        "width_m": 5.0,
        "width_status": "ESTIMATED",
        "width_method": "path_class_default",
        "surface_status": "ESTIMATED",
        "surface_method": "buffered_centerline",
        "centerline_length_m": 48.09,
        "centerline_local": {
          "type": "LineString",
          "coordinates": [
            [
              2.55,
              172.15
            ],
            [
              -1.08,
              161.17
            ],
            [
              -2.319,
              157.429
            ],
            [
              -7.608,
              141.472
            ],
            [
              -8.714,
              138.106
            ],
            [
              -12.533,
              126.486
            ]
          ]
        },
        "tags": {
          "highway": "pedestrian",
          "name": "8th Avenue",
          "surface": "paving_stones"
        }
      },
      "geometry": {
        "type": "Polygon",
        "coordinates": [
          [
            [
              0.054,
              156.643
            ],
            [
              1.294,
              160.385
            ],
            [
              4.924,
              171.365
            ],
            [
              0.176,
              172.935
            ],
            [
              -3.453,
              161.955
            ],
            [
              -4.692,
              158.215
            ],
            [
              -9.981,
              142.259
            ],
            [
              -9.983,
              142.253
            ],
            [
              -11.089,
              138.887
            ],
            [
              -14.908,
              127.266
            ],
            [
              -10.157,
              125.706
            ],
            [
              -6.339,
              137.326
            ],
            [
              -5.234,
              140.688
            ],
            [
              0.054,
              156.643
            ]
          ]
        ]
      }
    },
    {
      "type": "Feature",
      "id": "osm:way:203893606",
      "properties": {
        "id": "osm:way:203893606",
        "source_ids": [
          "osm:way:203893606",
          "source:osm"
        ],
        "name": null,
        "class": "pedestrian",
        "width_m": 5.0,
        "width_status": "ESTIMATED",
        "width_method": "path_class_default",
        "surface_status": "ESTIMATED",
        "surface_method": "buffered_centerline",
        "centerline_length_m": 60.97,
        "centerline_local": {
          "type": "LineString",
          "coordinates": [
            [
              -237.231,
              80.114
            ],
            [
              -220.725,
              130.89
            ],
            [
              -213.512,
              128.56
            ]
          ]
        },
        "tags": {
          "highway": "pedestrian"
        }
      },
      "geometry": {
        "type": "Polygon",
        "coordinates": [
          [
            [
              -223.016,
              131.892
            ],
            [
              -223.103,
              131.663
            ],
            [
              -239.609,
              80.887
            ],
            [
              -234.854,
              79.342
            ],
            [
              -219.119,
              127.744
            ],
            [
              -214.281,
              126.181
            ],
            [
              -212.744,
              130.939
            ],
            [
              -219.957,
              133.269
            ],
            [
              -220.193,
              133.333
            ],
            [
              -220.435,
              133.373
            ],
            [
              -220.679,
              133.39
            ],
            [
              -220.924,
              133.382
            ],
            [
              -221.167,
              133.351
            ],
            [
              -221.406,
              133.295
            ],
            [
              -221.638,
              133.217
            ],
            [
              -221.862,
              133.117
            ],
            [
              -222.074,
              132.995
            ],
            [
              -222.274,
              132.852
            ],
            [
              -222.459,
              132.691
            ],
            [
              -222.627,
              132.513
            ],
            [
              -222.776,
              132.319
            ],
            [
              -222.907,
              132.111
            ],
            [
              -223.016,
              131.892
            ]
          ]
        ]
      }
    },
    {
      "type": "Feature",
      "id": "osm:way:203893607",
      "properties": {
        "id": "osm:way:203893607",
        "source_ids": [
          "osm:way:203893607",
          "source:osm"
        ],
        "name": null,
        "class": "footway",
        "width_m": 1.8,
        "width_status": "ESTIMATED",
        "width_method": "path_class_default",
        "surface_status": "ESTIMATED",
        "surface_method": "buffered_centerline",
        "centerline_length_m": 105.39,
        "centerline_local": {
          "type": "LineString",
          "coordinates": [
            [
              -252.221,
              27.688
            ],
            [
              -212.528,
              19.403
            ],
            [
              -188.32,
              44.361
            ],
            [
              -189.302,
              74.414
            ]
          ]
        },
        "tags": {
          "highway": "footway"
        }
      },
      "geometry": {
        "type": "Polygon",
        "coordinates": [
          [
            [
              -189.232,
              44.713
            ],
            [
              -212.829,
              20.385
            ],
            [
              -252.037,
              28.569
            ],
            [
              -252.405,
              26.807
            ],
            [
              -212.712,
              18.522
            ],
            [
              -212.622,
              18.508
            ],
            [
              -212.532,
              18.503
            ],
            [
              -212.442,
              18.507
            ],
            [
              -212.352,
              18.52
            ],
            [
              -212.264,
              18.542
            ],
            [
              -212.179,
              18.573
            ],
            [
              -212.097,
              18.612
            ],
            [
              -212.02,
              18.659
            ],
            [
              -211.948,
              18.714
            ],
            [
              -211.882,
              18.776
            ],
            [
              -187.674,
              43.734
            ],
            [
              -187.614,
              43.802
            ],
            [
              -187.562,
              43.875
            ],
            [
              -187.517,
              43.954
            ],
            [
              -187.48,
              44.036
            ],
            [
              -187.452,
              44.122
            ],
            [
              -187.433,
              44.21
            ],
            [
              -187.422,
              44.3
            ],
            [
              -187.42,
              44.39
            ],
            [
              -188.403,
              74.444
            ],
            [
              -190.202,
              74.385
            ],
            [
              -189.232,
              44.713
            ]
          ]
        ]
      }
    },
    {
      "type": "Feature",
      "id": "osm:way:203893611",
      "properties": {
        "id": "osm:way:203893611",
        "source_ids": [
          "osm:way:203893611",
          "source:osm"
        ],
        "name": null,
        "class": "footway",
        "width_m": 1.8,
        "width_status": "ESTIMATED",
        "width_method": "path_class_default",
        "surface_status": "ESTIMATED",
        "surface_method": "buffered_centerline",
        "centerline_length_m": 4.62,
        "centerline_local": {
          "type": "LineString",
          "coordinates": [
            [
              -212.528,
              19.403
            ],
            [
              -211.348,
              14.933
            ]
          ]
        },
        "tags": {
          "highway": "footway"
        }
      },
      "geometry": {
        "type": "Polygon",
        "coordinates": [
          [
            [
              -212.218,
              14.703
            ],
            [
              -210.478,
              15.162
            ],
            [
              -211.658,
              19.632
            ],
            [
              -213.398,
              19.173
            ],
            [
              -212.218,
              14.703
            ]
          ]
        ]
      }
    },
    {
      "type": "Feature",
      "id": "osm:way:203893614",
      "properties": {
        "id": "osm:way:203893614",
        "source_ids": [
          "osm:way:203893614",
          "source:osm"
        ],
        "name": null,
        "class": "footway",
        "width_m": 1.8,
        "width_status": "ESTIMATED",
        "width_method": "path_class_default",
        "surface_status": "ESTIMATED",
        "surface_method": "buffered_centerline",
        "centerline_length_m": 26.3,
        "centerline_local": {
          "type": "MultiLineString",
          "coordinates": [
            [
              [
                -33.787,
                173.39
              ],
              [
                -43.537,
                176.429
              ],
              [
                -45.496,
                176.788
              ]
            ],
            [
              [
                -80.279,
                177.086
              ],
              [
                -84.256,
                175.659
              ],
              [
                -92.782,
                170.686
              ]
            ]
          ]
        },
        "tags": {
          "highway": "footway",
          "surface": "asphalt"
        }
      },
      "geometry": {
        "type": "MultiPolygon",
        "coordinates": [
          [
            [
              [
                -45.658,
                175.903
              ],
              [
                -43.753,
                175.553
              ],
              [
                -34.054,
                172.531
              ],
              [
                -33.519,
                174.25
              ],
              [
                -43.269,
                177.288
              ],
              [
                -43.375,
                177.314
              ],
              [
                -45.333,
                177.674
              ],
              [
                -45.658,
                175.903
              ]
            ]
          ],
          [
            [
              [
                -92.328,
                169.908
              ],
              [
                -83.874,
                174.84
              ],
              [
                -79.975,
                176.239
              ],
              [
                -80.583,
                177.933
              ],
              [
                -84.56,
                176.506
              ],
              [
                -84.637,
                176.475
              ],
              [
                -84.71,
                176.437
              ],
              [
                -93.235,
                171.463
              ],
              [
                -92.328,
                169.908
              ]
            ]
          ]
        ]
      }
    },
    {
      "type": "Feature",
      "id": "osm:way:205899870",
      "properties": {
        "id": "osm:way:205899870",
        "source_ids": [
          "osm:way:205899870",
          "source:osm"
        ],
        "name": null,
        "class": "steps",
        "width_m": 2.0,
        "width_status": "ESTIMATED",
        "width_method": "path_class_default",
        "surface_status": "ESTIMATED",
        "surface_method": "buffered_centerline",
        "centerline_length_m": 17.67,
        "centerline_local": {
          "type": "LineString",
          "coordinates": [
            [
              -277.876,
              -31.508
            ],
            [
              -272.396,
              -14.712
            ]
          ]
        },
        "tags": {
          "highway": "steps"
        }
      },
      "geometry": {
        "type": "Polygon",
        "coordinates": [
          [
            [
              -271.446,
              -15.022
            ],
            [
              -273.347,
              -14.402
            ],
            [
              -278.826,
              -31.198
            ],
            [
              -276.925,
              -31.818
            ],
            [
              -271.446,
              -15.022
            ]
          ]
        ]
      }
    },
    {
      "type": "Feature",
      "id": "osm:way:205899874",
      "properties": {
        "id": "osm:way:205899874",
        "source_ids": [
          "osm:way:205899874",
          "source:osm"
        ],
        "name": null,
        "class": "steps",
        "width_m": 2.0,
        "width_status": "ESTIMATED",
        "width_method": "path_class_default",
        "surface_status": "ESTIMATED",
        "surface_method": "buffered_centerline",
        "centerline_length_m": 6.35,
        "centerline_local": {
          "type": "LineString",
          "coordinates": [
            [
              -263.807,
              -8.555
            ],
            [
              -261.879,
              -2.507
            ]
          ]
        },
        "tags": {
          "highway": "steps"
        }
      },
      "geometry": {
        "type": "Polygon",
        "coordinates": [
          [
            [
              -260.926,
              -2.811
            ],
            [
              -262.832,
              -2.203
            ],
            [
              -264.759,
              -8.251
            ],
            [
              -262.854,
              -8.859
            ],
            [
              -260.926,
              -2.811
            ]
          ]
        ]
      }
    },
    {
      "type": "Feature",
      "id": "osm:way:205899875",
      "properties": {
        "id": "osm:way:205899875",
        "source_ids": [
          "osm:way:205899875",
          "source:osm"
        ],
        "name": null,
        "class": "steps",
        "width_m": 2.0,
        "width_status": "ESTIMATED",
        "width_method": "path_class_default",
        "surface_status": "ESTIMATED",
        "surface_method": "buffered_centerline",
        "centerline_length_m": 20.04,
        "centerline_local": {
          "type": "LineString",
          "coordinates": [
            [
              -272.556,
              -35.892
            ],
            [
              -266.453,
              -16.799
            ]
          ]
        },
        "tags": {
          "highway": "steps"
        }
      },
      "geometry": {
        "type": "Polygon",
        "coordinates": [
          [
            [
              -265.501,
              -17.104
            ],
            [
              -267.406,
              -16.495
            ],
            [
              -273.509,
              -35.587
            ],
            [
              -271.604,
              -36.196
            ],
            [
              -265.501,
              -17.104
            ]
          ]
        ]
      }
    },
    {
      "type": "Feature",
      "id": "osm:way:205899879",
      "properties": {
        "id": "osm:way:205899879",
        "source_ids": [
          "osm:way:205899879",
          "source:osm"
        ],
        "name": null,
        "class": "pedestrian",
        "width_m": 5.0,
        "width_status": "ESTIMATED",
        "width_method": "path_class_default",
        "surface_status": "ESTIMATED",
        "surface_method": "buffered_centerline",
        "centerline_length_m": 60.09,
        "centerline_local": {
          "type": "LineString",
          "coordinates": [
            [
              -272.396,
              -14.712
            ],
            [
              -271.201,
              -11.059
            ],
            [
              -268.334,
              -2.264
            ],
            [
              -253.755,
              42.409
            ]
          ]
        },
        "tags": {
          "highway": "pedestrian"
        }
      },
      "geometry": {
        "type": "Polygon",
        "coordinates": [
          [
            [
              -270.711,
              -1.489
            ],
            [
              -273.577,
              -10.283
            ],
            [
              -274.772,
              -13.934
            ],
            [
              -270.02,
              -15.49
            ],
            [
              -268.825,
              -11.837
            ],
            [
              -268.824,
              -11.834
            ],
            [
              -265.957,
              -3.039
            ],
            [
              -251.379,
              41.633
            ],
            [
              -256.132,
              43.184
            ],
            [
              -270.711,
              -1.489
            ]
          ]
        ]
      }
    },
    {
      "type": "Feature",
      "id": "osm:way:205899880",
      "properties": {
        "id": "osm:way:205899880",
        "source_ids": [
          "osm:way:205899880",
          "source:osm"
        ],
        "name": null,
        "class": "footway",
        "width_m": 1.8,
        "width_status": "ESTIMATED",
        "width_method": "path_class_default",
        "surface_status": "ESTIMATED",
        "surface_method": "buffered_centerline",
        "centerline_length_m": 24.77,
        "centerline_local": {
          "type": "LineString",
          "coordinates": [
            [
              -268.334,
              -2.264
            ],
            [
              -265.571,
              -3.151
            ],
            [
              -260.085,
              14.431
            ],
            [
              -256.762,
              13.495
            ]
          ]
        },
        "tags": {
          "highway": "footway"
        }
      },
      "geometry": {
        "type": "Polygon",
        "coordinates": [
          [
            [
              -260.944,
              14.699
            ],
            [
              -266.16,
              -2.016
            ],
            [
              -268.059,
              -1.407
            ],
            [
              -268.609,
              -3.121
            ],
            [
              -265.846,
              -4.008
            ],
            [
              -265.76,
              -4.03
            ],
            [
              -265.673,
              -4.045
            ],
            [
              -265.584,
              -4.05
            ],
            [
              -265.496,
              -4.047
            ],
            [
              -265.408,
              -4.036
            ],
            [
              -265.321,
              -4.015
            ],
            [
              -265.237,
              -3.986
            ],
            [
              -265.156,
              -3.949
            ],
            [
              -265.08,
              -3.905
            ],
            [
              -265.008,
              -3.853
            ],
            [
              -264.941,
              -3.794
            ],
            [
              -264.881,
              -3.728
            ],
            [
              -264.828,
              -3.658
            ],
            [
              -264.781,
              -3.582
            ],
            [
              -264.743,
              -3.502
            ],
            [
              -264.712,
              -3.419
            ],
            [
              -259.487,
              13.328
            ],
            [
              -257.006,
              12.629
            ],
            [
              -256.518,
              14.362
            ],
            [
              -259.841,
              15.298
            ],
            [
              -259.925,
              15.317
            ],
            [
              -260.012,
              15.328
            ],
            [
              -260.098,
              15.331
            ],
            [
              -260.185,
              15.326
            ],
            [
              -260.27,
              15.312
            ],
            [
              -260.354,
              15.29
            ],
            [
              -260.436,
              15.26
            ],
            [
              -260.514,
              15.223
            ],
            [
              -260.588,
              15.178
            ],
            [
              -260.658,
              15.126
            ],
            [
              -260.722,
              15.067
            ],
            [
              -260.78,
              15.003
            ],
            [
              -260.832,
              14.933
            ],
            [
              -260.877,
              14.859
            ],
            [
              -260.914,
              14.781
            ],
            [
              -260.944,
              14.699
            ]
          ]
        ]
      }
    },
    {
      "type": "Feature",
      "id": "osm:way:205899882",
      "properties": {
        "id": "osm:way:205899882",
        "source_ids": [
          "osm:way:205899882",
          "source:osm"
        ],
        "name": null,
        "class": "footway",
        "width_m": 1.8,
        "width_status": "ESTIMATED",
        "width_method": "path_class_default",
        "surface_status": "ESTIMATED",
        "surface_method": "buffered_centerline",
        "centerline_length_m": 48.55,
        "centerline_local": {
          "type": "LineString",
          "coordinates": [
            [
              -261.879,
              -2.507
            ],
            [
              -256.762,
              13.495
            ],
            [
              -252.221,
              27.688
            ],
            [
              -248.24,
              39.506
            ],
            [
              -246.792,
              43.633
            ]
          ]
        },
        "tags": {
          "highway": "footway"
        }
      },
      "geometry": {
        "type": "Polygon",
        "coordinates": [
          [
            [
              -253.078,
              27.962
            ],
            [
              -257.619,
              13.77
            ],
            [
              -262.736,
              -2.233
            ],
            [
              -261.022,
              -2.781
            ],
            [
              -255.905,
              13.221
            ],
            [
              -251.366,
              27.407
            ],
            [
              -247.388,
              39.214
            ],
            [
              -245.943,
              43.335
            ],
            [
              -247.641,
              43.931
            ],
            [
              -249.089,
              39.804
            ],
            [
              -249.093,
              39.794
            ],
            [
              -253.074,
              27.975
            ],
            [
              -253.078,
              27.962
            ]
          ]
        ]
      }
    },
    {
      "type": "Feature",
      "id": "osm:way:222122972",
      "properties": {
        "id": "osm:way:222122972",
        "source_ids": [
          "osm:way:222122972",
          "source:osm"
        ],
        "name": null,
        "class": "footway",
        "width_m": 1.8,
        "width_status": "ESTIMATED",
        "width_method": "path_class_default",
        "surface_status": "ESTIMATED",
        "surface_method": "buffered_centerline",
        "centerline_length_m": 16.64,
        "centerline_local": {
          "type": "LineString",
          "coordinates": [
            [
              -171.762,
              -115.459
            ],
            [
              -187.419,
              -109.836
            ]
          ]
        },
        "tags": {
          "highway": "footway",
          "surface": "concrete"
        }
      },
      "geometry": {
        "type": "Polygon",
        "coordinates": [
          [
            [
              -187.115,
              -108.989
            ],
            [
              -187.723,
              -110.683
            ],
            [
              -172.066,
              -116.306
            ],
            [
              -171.458,
              -114.612
            ],
            [
              -187.115,
              -108.989
            ]
          ]
        ]
      }
    },
    {
      "type": "Feature",
      "id": "osm:way:222122973",
      "properties": {
        "id": "osm:way:222122973",
        "source_ids": [
          "osm:way:222122973",
          "source:osm"
        ],
        "name": null,
        "class": "footway",
        "width_m": 1.8,
        "width_status": "ESTIMATED",
        "width_method": "path_class_default",
        "surface_status": "ESTIMATED",
        "surface_method": "buffered_centerline",
        "centerline_length_m": 108.84,
        "centerline_local": {
          "type": "LineString",
          "coordinates": [
            [
              -172.439,
              -134.156
            ],
            [
              -169.662,
              -133.394
            ],
            [
              -167.712,
              -132.204
            ],
            [
              -166.507,
              -131.174
            ],
            [
              -165.71,
              -129.986
            ],
            [
              -165.221,
              -128.275
            ],
            [
              -165.205,
              -126.493
            ],
            [
              -165.085,
              -124.989
            ],
            [
              -164.818,
              -123.995
            ],
            [
              -163.66,
              -123.485
            ],
            [
              -162.287,
              -123.088
            ],
            [
              -160.037,
              -123.417
            ],
            [
              -156.958,
              -125.059
            ],
            [
              -154.932,
              -126.382
            ],
            [
              -153.795,
              -128.262
            ],
            [
              -153.336,
              -130.147
            ],
            [
              -153.661,
              -131.594
            ],
            [
              -154.565,
              -132.682
            ],
            [
              -155.775,
              -132.937
            ],
            [
              -157.554,
              -133.021
            ],
            [
              -159.281,
              -133.217
            ],
            [
              -160.604,
              -134.191
            ],
            [
              -161.402,
              -135.49
            ],
            [
              -161.672,
              -136.848
            ],
            [
              -161.536,
              -138.62
            ],
            [
              -160.796,
              -141.548
            ],
            [
              -159.902,
              -144.101
            ],
            [
              -160.443,
              -145.657
            ],
            [
              -161.81,
              -146.685
            ],
            [
              -163.442,
              -147.191
            ],
            [
              -165.219,
              -146.922
            ],
            [
              -167.061,
              -146.851
            ],
            [
              -168.319,
              -147.725
            ],
            [
              -168.753,
              -149.337
            ],
            [
              -168.713,
              -150.898
            ],
            [
              -169.78,
              -152.139
            ],
            [
              -171.402,
              -152.756
            ],
            [
              -173.188,
              -152.431
            ],
            [
              -174.118,
              -151.482
            ],
            [
              -174.158,
              -149.866
            ],
            [
              -174.825,
              -148.455
            ],
            [
              -175.82,
              -147.506
            ],
            [
              -177.28,
              -146.874
            ],
            [
              -179.057,
              -146.693
            ],
            [
              -180.906,
              -147.308
            ],
            [
              -182.946,
              -147.711
            ],
            [
              -184.774,
              -147.175
            ],
            [
              -186.242,
              -146.111
            ],
            [
              -187.166,
              -144.543
            ],
            [
              -187.627,
              -142.978
            ],
            [
              -187.504,
              -141.209
            ],
            [
              -186.757,
              -139.544
            ],
            [
              -185.443,
              -138.46
            ],
            [
              -183.541,
              -137.856
            ],
            [
              -181.652,
              -137.563
            ],
            [
              -179.401,
              -137.737
            ],
            [
              -177.734,
              -138.216
            ],
            [
              -176.58,
              -138.071
            ],
            [
              -175.827,
              -137.092
            ],
            [
              -175.612,
              -135.844
            ],
            [
              -175.075,
              -134.852
            ],
            [
              -172.439,
              -134.156
            ]
          ]
        },
        "tags": {
          "highway": "footway"
        }
      },
      "geometry": {
        "type": "Polygon",
        "coordinates": [
          [
            [
              -170.023,
              -132.559
            ],
            [
              -172.673,
              -133.287
            ],
            [
              -175.305,
              -133.982
            ],
            [
              -175.393,
              -134.01
            ],
            [
              -175.477,
              -134.047
            ],
            [
              -175.557,
              -134.092
            ],
            [
              -175.632,
              -134.145
            ],
            [
              -175.701,
              -134.205
            ],
            [
              -175.764,
              -134.272
            ],
            [
              -175.819,
              -134.346
            ],
            [
              -175.867,
              -134.424
            ],
            [
              -176.403,
              -135.415
            ],
            [
              -176.445,
              -135.504
            ],
            [
              -176.477,
              -135.596
            ],
            [
              -176.499,
              -135.691
            ],
            [
              -176.676,
              -136.72
            ],
            [
              -177.064,
              -137.225
            ],
            [
              -177.663,
              -137.3
            ],
            [
              -179.152,
              -136.872
            ],
            [
              -179.241,
              -136.851
            ],
            [
              -179.331,
              -136.84
            ],
            [
              -181.583,
              -136.665
            ],
            [
              -181.687,
              -136.663
            ],
            [
              -181.79,
              -136.673
            ],
            [
              -183.679,
              -136.967
            ],
            [
              -183.747,
              -136.98
            ],
            [
              -183.813,
              -136.999
            ],
            [
              -185.716,
              -137.602
            ],
            [
              -185.796,
              -137.632
            ],
            [
              -185.874,
              -137.67
            ],
            [
              -185.947,
              -137.714
            ],
            [
              -186.016,
              -137.766
            ],
            [
              -187.33,
              -138.85
            ],
            [
              -187.391,
              -138.906
            ],
            [
              -187.447,
              -138.966
            ],
            [
              -187.497,
              -139.032
            ],
            [
              -187.541,
              -139.102
            ],
            [
              -187.578,
              -139.176
            ],
            [
              -188.325,
              -140.84
            ],
            [
              -188.355,
              -140.914
            ],
            [
              -188.377,
              -140.99
            ],
            [
              -188.393,
              -141.068
            ],
            [
              -188.402,
              -141.147
            ],
            [
              -188.525,
              -142.916
            ],
            [
              -188.527,
              -142.996
            ],
            [
              -188.522,
              -143.076
            ],
            [
              -188.51,
              -143.155
            ],
            [
              -188.49,
              -143.233
            ],
            [
              -188.03,
              -144.797
            ],
            [
              -188.006,
              -144.867
            ],
            [
              -187.976,
              -144.935
            ],
            [
              -187.942,
              -145.0
            ],
            [
              -187.017,
              -146.568
            ],
            [
              -186.966,
              -146.645
            ],
            [
              -186.908,
              -146.717
            ],
            [
              -186.842,
              -146.782
            ],
            [
              -186.77,
              -146.84
            ],
            [
              -185.302,
              -147.904
            ],
            [
              -185.216,
              -147.959
            ],
            [
              -185.124,
              -148.004
            ],
            [
              -185.027,
              -148.039
            ],
            [
              -183.199,
              -148.574
            ],
            [
              -183.115,
              -148.595
            ],
            [
              -183.03,
              -148.607
            ],
            [
              -182.944,
              -148.611
            ],
            [
              -182.857,
              -148.606
            ],
            [
              -182.772,
              -148.594
            ],
            [
              -180.731,
              -148.191
            ],
            [
              -180.621,
              -148.162
            ],
            [
              -178.956,
              -147.608
            ],
            [
              -177.51,
              -147.755
            ],
            [
              -176.325,
              -148.268
            ],
            [
              -175.567,
              -148.991
            ],
            [
              -175.053,
              -150.079
            ],
            [
              -175.018,
              -151.505
            ],
            [
              -175.012,
              -151.589
            ],
            [
              -174.998,
              -151.672
            ],
            [
              -174.976,
              -151.754
            ],
            [
              -174.947,
              -151.833
            ],
            [
              -174.911,
              -151.909
            ],
            [
              -174.867,
              -151.981
            ],
            [
              -174.817,
              -152.049
            ],
            [
              -174.761,
              -152.112
            ],
            [
              -173.831,
              -153.061
            ],
            [
              -173.763,
              -153.124
            ],
            [
              -173.689,
              -153.179
            ],
            [
              -173.61,
              -153.226
            ],
            [
              -173.527,
              -153.265
            ],
            [
              -173.439,
              -153.295
            ],
            [
              -173.35,
              -153.317
            ],
            [
              -171.563,
              -153.642
            ],
            [
              -171.482,
              -153.653
            ],
            [
              -171.401,
              -153.656
            ],
            [
              -171.319,
              -153.652
            ],
            [
              -171.239,
              -153.641
            ],
            [
              -171.159,
              -153.623
            ],
            [
              -171.082,
              -153.597
            ],
            [
              -169.46,
              -152.981
            ],
            [
              -169.378,
              -152.945
            ],
            [
              -169.3,
              -152.901
            ],
            [
              -169.227,
              -152.849
            ],
            [
              -169.159,
              -152.791
            ],
            [
              -169.097,
              -152.726
            ],
            [
              -168.03,
              -151.485
            ],
            [
              -167.972,
              -151.41
            ],
            [
              -167.923,
              -151.329
            ],
            [
              -167.882,
              -151.244
            ],
            [
              -167.85,
              -151.155
            ],
            [
              -167.828,
              -151.063
            ],
            [
              -167.816,
              -150.969
            ],
            [
              -167.813,
              -150.875
            ],
            [
              -167.85,
              -149.445
            ],
            [
              -167.535,
              -148.277
            ],
            [
              -166.795,
              -147.762
            ],
            [
              -165.304,
              -147.819
            ],
            [
              -163.577,
              -148.081
            ],
            [
              -163.497,
              -148.09
            ],
            [
              -163.415,
              -148.091
            ],
            [
              -163.334,
              -148.085
            ],
            [
              -163.254,
              -148.072
            ],
            [
              -163.176,
              -148.051
            ],
            [
              -161.544,
              -147.545
            ],
            [
              -161.471,
              -147.519
            ],
            [
              -161.4,
              -147.487
            ],
            [
              -161.333,
              -147.448
            ],
            [
              -161.269,
              -147.404
            ],
            [
              -159.902,
              -146.376
            ],
            [
              -159.834,
              -146.319
            ],
            [
              -159.772,
              -146.256
            ],
            [
              -159.716,
              -146.187
            ],
            [
              -159.668,
              -146.113
            ],
            [
              -159.627,
              -146.035
            ],
            [
              -159.593,
              -145.953
            ],
            [
              -159.052,
              -144.397
            ],
            [
              -159.027,
              -144.314
            ],
            [
              -159.011,
              -144.229
            ],
            [
              -159.003,
              -144.143
            ],
            [
              -159.003,
              -144.057
            ],
            [
              -159.011,
              -143.971
            ],
            [
              -159.028,
              -143.886
            ],
            [
              -159.052,
              -143.803
            ],
            [
              -159.934,
              -141.288
            ],
            [
              -160.645,
              -138.474
            ],
            [
              -160.765,
              -136.903
            ],
            [
              -160.551,
              -135.823
            ],
            [
              -159.929,
              -134.811
            ],
            [
              -158.941,
              -134.084
            ],
            [
              -157.482,
              -133.919
            ],
            [
              -155.732,
              -133.836
            ],
            [
              -155.66,
              -133.83
            ],
            [
              -155.589,
              -133.818
            ],
            [
              -154.38,
              -133.562
            ],
            [
              -154.296,
              -133.541
            ],
            [
              -154.216,
              -133.511
            ],
            [
              -154.138,
              -133.474
            ],
            [
              -154.064,
              -133.429
            ],
            [
              -153.995,
              -133.378
            ],
            [
              -153.931,
              -133.32
            ],
            [
              -153.873,
              -133.257
            ],
            [
              -152.969,
              -132.169
            ],
            [
              -152.918,
              -132.101
            ],
            [
              -152.874,
              -132.029
            ],
            [
              -152.836,
              -131.953
            ],
            [
              -152.806,
              -131.873
            ],
            [
              -152.783,
              -131.791
            ],
            [
              -152.458,
              -130.344
            ],
            [
              -152.444,
              -130.263
            ],
            [
              -152.437,
              -130.181
            ],
            [
              -152.438,
              -130.098
            ],
            [
              -152.446,
              -130.016
            ],
            [
              -152.462,
              -129.935
            ],
            [
              -152.92,
              -128.049
            ],
            [
              -152.946,
              -127.961
            ],
            [
              -152.981,
              -127.877
            ],
            [
              -153.025,
              -127.796
            ],
            [
              -154.162,
              -125.916
            ],
            [
              -154.207,
              -125.849
            ],
            [
              -154.257,
              -125.786
            ],
            [
              -154.313,
              -125.728
            ],
            [
              -154.374,
              -125.675
            ],
            [
              -154.44,
              -125.628
            ],
            [
              -156.466,
              -124.305
            ],
            [
              -156.534,
              -124.265
            ],
            [
              -159.614,
              -122.622
            ],
            [
              -159.684,
              -122.589
            ],
            [
              -159.756,
              -122.562
            ],
            [
              -159.831,
              -122.541
            ],
            [
              -159.907,
              -122.526
            ],
            [
              -162.157,
              -122.197
            ],
            [
              -162.253,
              -122.188
            ],
            [
              -162.349,
              -122.19
            ],
            [
              -162.444,
              -122.201
            ],
            [
              -162.538,
              -122.223
            ],
            [
              -163.91,
              -122.621
            ],
            [
              -164.023,
              -122.662
            ],
            [
              -165.181,
              -123.172
            ],
            [
              -165.26,
              -123.212
            ],
            [
              -165.336,
              -123.26
            ],
            [
              -165.406,
              -123.315
            ],
            [
              -165.471,
              -123.376
            ],
            [
              -165.529,
              -123.444
            ],
            [
              -165.58,
              -123.517
            ],
            [
              -165.624,
              -123.595
            ],
            [
              -165.659,
              -123.677
            ],
            [
              -165.687,
              -123.762
            ],
            [
              -165.954,
              -124.755
            ],
            [
              -165.972,
              -124.836
            ],
            [
              -165.982,
              -124.917
            ],
            [
              -166.103,
              -126.421
            ],
            [
              -166.105,
              -126.485
            ],
            [
              -166.12,
              -128.145
            ],
            [
              -166.536,
              -129.602
            ],
            [
              -167.185,
              -130.57
            ],
            [
              -168.242,
              -131.473
            ],
            [
              -170.023,
              -132.559
            ]
          ],
          [
            [
              -174.469,
              -135.623
            ],
            [
              -172.209,
              -135.026
            ],
            [
              -172.201,
              -135.024
            ],
            [
              -169.424,
              -134.262
            ],
            [
              -169.344,
              -134.236
            ],
            [
              -169.267,
              -134.202
            ],
            [
              -169.194,
              -134.162
            ],
            [
              -167.243,
              -132.973
            ],
            [
              -167.184,
              -132.933
            ],
            [
              -167.127,
              -132.888
            ],
            [
              -165.922,
              -131.858
            ],
            [
              -165.862,
              -131.803
            ],
            [
              -165.808,
              -131.741
            ],
            [
              -165.759,
              -131.676
            ],
            [
              -164.962,
              -130.487
            ],
            [
              -164.914,
              -130.407
            ],
            [
              -164.875,
              -130.322
            ],
            [
              -164.844,
              -130.233
            ],
            [
              -164.355,
              -128.522
            ],
            [
              -164.337,
              -128.443
            ],
            [
              -164.325,
              -128.363
            ],
            [
              -164.321,
              -128.282
            ],
            [
              -164.306,
              -126.533
            ],
            [
              -164.194,
              -125.143
            ],
            [
              -164.06,
              -124.645
            ],
            [
              -163.352,
              -124.333
            ],
            [
              -162.225,
              -124.006
            ],
            [
              -160.323,
              -124.284
            ],
            [
              -157.417,
              -125.834
            ],
            [
              -155.596,
              -127.023
            ],
            [
              -154.636,
              -128.609
            ],
            [
              -154.261,
              -130.155
            ],
            [
              -154.492,
              -131.185
            ],
            [
              -155.058,
              -131.866
            ],
            [
              -155.89,
              -132.042
            ],
            [
              -157.597,
              -132.122
            ],
            [
              -157.655,
              -132.127
            ],
            [
              -159.382,
              -132.323
            ],
            [
              -159.474,
              -132.338
            ],
            [
              -159.565,
              -132.363
            ],
            [
              -159.652,
              -132.397
            ],
            [
              -159.735,
              -132.44
            ],
            [
              -159.814,
              -132.492
            ],
            [
              -161.137,
              -133.466
            ],
            [
              -161.205,
              -133.52
            ],
            [
              -161.266,
              -133.581
            ],
            [
              -161.322,
              -133.648
            ],
            [
              -161.371,
              -133.719
            ],
            [
              -162.169,
              -135.018
            ],
            [
              -162.207,
              -135.088
            ],
            [
              -162.24,
              -135.161
            ],
            [
              -162.266,
              -135.237
            ],
            [
              -162.285,
              -135.314
            ],
            [
              -162.555,
              -136.673
            ],
            [
              -162.567,
              -136.754
            ],
            [
              -162.572,
              -136.835
            ],
            [
              -162.57,
              -136.917
            ],
            [
              -162.434,
              -138.689
            ],
            [
              -162.425,
              -138.765
            ],
            [
              -162.409,
              -138.841
            ],
            [
              -161.669,
              -141.769
            ],
            [
              -161.646,
              -141.846
            ],
            [
              -160.855,
              -144.102
            ],
            [
              -161.203,
              -145.102
            ],
            [
              -162.226,
              -145.872
            ],
            [
              -163.511,
              -146.271
            ],
            [
              -165.083,
              -146.032
            ],
            [
              -165.184,
              -146.022
            ],
            [
              -167.026,
              -145.951
            ],
            [
              -167.11,
              -145.952
            ],
            [
              -167.192,
              -145.96
            ],
            [
              -167.274,
              -145.976
            ],
            [
              -167.353,
              -145.999
            ],
            [
              -167.431,
              -146.03
            ],
            [
              -167.505,
              -146.067
            ],
            [
              -167.575,
              -146.112
            ],
            [
              -168.833,
              -146.986
            ],
            [
              -168.904,
              -147.041
            ],
            [
              -168.969,
              -147.103
            ],
            [
              -169.028,
              -147.171
            ],
            [
              -169.08,
              -147.245
            ],
            [
              -169.124,
              -147.323
            ],
            [
              -169.16,
              -147.406
            ],
            [
              -169.188,
              -147.491
            ],
            [
              -169.622,
              -149.103
            ],
            [
              -169.641,
              -149.188
            ],
            [
              -169.651,
              -149.274
            ],
            [
              -169.653,
              -149.361
            ],
            [
              -169.621,
              -150.574
            ],
            [
              -170.313,
              -151.379
            ],
            [
              -171.487,
              -151.826
            ],
            [
              -172.746,
              -151.597
            ],
            [
              -173.227,
              -151.106
            ],
            [
              -173.258,
              -149.844
            ],
            [
              -173.266,
              -149.751
            ],
            [
              -173.283,
              -149.658
            ],
            [
              -173.309,
              -149.569
            ],
            [
              -173.344,
              -149.482
            ],
            [
              -174.011,
              -148.071
            ],
            [
              -174.05,
              -147.998
            ],
            [
              -174.095,
              -147.929
            ],
            [
              -174.147,
              -147.864
            ],
            [
              -174.204,
              -147.804
            ],
            [
              -175.198,
              -146.855
            ],
            [
              -175.258,
              -146.803
            ],
            [
              -175.322,
              -146.756
            ],
            [
              -175.39,
              -146.715
            ],
            [
              -175.462,
              -146.68
            ],
            [
              -176.923,
              -146.048
            ],
            [
              -177.009,
              -146.016
            ],
            [
              -177.098,
              -145.993
            ],
            [
              -177.189,
              -145.979
            ],
            [
              -178.966,
              -145.797
            ],
            [
              -179.061,
              -145.793
            ],
            [
              -179.156,
              -145.798
            ],
            [
              -179.25,
              -145.813
            ],
            [
              -179.341,
              -145.839
            ],
            [
              -181.136,
              -146.436
            ],
            [
              -182.905,
              -146.785
            ],
            [
              -184.372,
              -146.355
            ],
            [
              -185.562,
              -145.492
            ],
            [
              -186.334,
              -144.182
            ],
            [
              -186.718,
              -142.879
            ],
            [
              -186.617,
              -141.431
            ],
            [
              -186.022,
              -140.105
            ],
            [
              -185.005,
              -139.265
            ],
            [
              -183.335,
              -138.735
            ],
            [
              -181.617,
              -138.468
            ],
            [
              -179.562,
              -138.627
            ],
            [
              -177.983,
              -139.081
            ],
            [
              -177.894,
              -139.102
            ],
            [
              -177.804,
              -139.113
            ],
            [
              -177.713,
              -139.116
            ],
            [
              -177.622,
              -139.109
            ],
            [
              -176.467,
              -138.964
            ],
            [
              -176.38,
              -138.949
            ],
            [
              -176.294,
              -138.925
            ],
            [
              -176.211,
              -138.892
            ],
            [
              -176.132,
              -138.852
            ],
            [
              -176.057,
              -138.804
            ],
            [
              -175.988,
              -138.749
            ],
            [
              -175.924,
              -138.687
            ],
            [
              -175.866,
              -138.619
            ],
            [
              -175.114,
              -137.641
            ],
            [
              -175.064,
              -137.569
            ],
            [
              -175.022,
              -137.493
            ],
            [
              -174.987,
              -137.413
            ],
            [
              -174.959,
              -137.331
            ],
            [
              -174.941,
              -137.246
            ],
            [
              -174.75,
              -136.142
            ],
            [
              -174.469,
              -135.623
            ]
          ]
        ]
      }
    },
    {
      "type": "Feature",
      "id": "osm:way:23240437",
      "properties": {
        "id": "osm:way:23240437",
        "source_ids": [
          "osm:way:23240437",
          "source:osm"
        ],
        "name": "Bonifacio High Street",
        "class": "pedestrian",
        "width_m": 5.0,
        "width_status": "ESTIMATED",
        "width_method": "path_class_default",
        "surface_status": "ESTIMATED",
        "surface_method": "buffered_centerline",
        "centerline_length_m": 88.54,
        "centerline_local": {
          "type": "LineString",
          "coordinates": [
            [
              -134.579,
              41.411
            ],
            [
              -120.408,
              37.173
            ],
            [
              -106.495,
              33.059
            ],
            [
              -93.163,
              29.116
            ],
            [
              -57.83,
              18.942
            ],
            [
              -49.593,
              16.57
            ]
          ]
        },
        "tags": {
          "highway": "pedestrian",
          "name": "Bonifacio High Street"
        }
      },
      "geometry": {
        "type": "Polygon",
        "coordinates": [
          [
            [
              -105.786,
              35.456
            ],
            [
              -119.696,
              39.569
            ],
            [
              -133.863,
              43.806
            ],
            [
              -135.295,
              39.016
            ],
            [
              -121.125,
              34.778
            ],
            [
              -121.117,
              34.775
            ],
            [
              -107.204,
              30.661
            ],
            [
              -93.872,
              26.718
            ],
            [
              -93.855,
              26.713
            ],
            [
              -58.522,
              16.54
            ],
            [
              -50.285,
              14.168
            ],
            [
              -48.901,
              18.972
            ],
            [
              -57.138,
              21.345
            ],
            [
              -92.463,
              31.516
            ],
            [
              -105.786,
              35.456
            ]
          ]
        ]
      }
    },
    {
      "type": "Feature",
      "id": "osm:way:27442909",
      "properties": {
        "id": "osm:way:27442909",
        "source_ids": [
          "osm:way:27442909",
          "source:osm"
        ],
        "name": "8th Avenue",
        "class": "pedestrian",
        "width_m": 5.0,
        "width_status": "ESTIMATED",
        "width_method": "path_class_default",
        "surface_status": "ESTIMATED",
        "surface_method": "buffered_centerline",
        "centerline_length_m": 34.92,
        "centerline_local": {
          "type": "LineString",
          "coordinates": [
            [
              -49.593,
              16.57
            ],
            [
              -38.38,
              49.64
            ]
          ]
        },
        "tags": {
          "highway": "pedestrian",
          "name": "8th Avenue",
          "surface": "concrete"
        }
      },
      "geometry": {
        "type": "Polygon",
        "coordinates": [
          [
            [
              -36.013,
              48.838
            ],
            [
              -40.748,
              50.443
            ],
            [
              -51.961,
              17.373
            ],
            [
              -47.226,
              15.767
            ],
            [
              -36.013,
              48.838
            ]
          ]
        ]
      }
    },
    {
      "type": "Feature",
      "id": "osm:way:27442996",
      "properties": {
        "id": "osm:way:27442996",
        "source_ids": [
          "osm:way:27442996",
          "source:osm"
        ],
        "name": "8th Avenue",
        "class": "pedestrian",
        "width_m": 5.0,
        "width_status": "ESTIMATED",
        "width_method": "path_class_default",
        "surface_status": "ESTIMATED",
        "surface_method": "buffered_centerline",
        "centerline_length_m": 37.88,
        "centerline_local": {
          "type": "LineString",
          "coordinates": [
            [
              -63.959,
              -23.478
            ],
            [
              -76.822,
              -59.113
            ]
          ]
        },
        "tags": {
          "highway": "pedestrian",
          "name": "8th Avenue"
        }
      },
      "geometry": {
        "type": "Polygon",
        "coordinates": [
          [
            [
              -79.173,
              -58.264
            ],
            [
              -74.47,
              -59.962
            ],
            [
              -61.608,
              -24.327
            ],
            [
              -66.311,
              -22.63
            ],
            [
              -79.173,
              -58.264
            ]
          ]
        ]
      }
    },
    {
      "type": "Feature",
      "id": "osm:way:29127354",
      "properties": {
        "id": "osm:way:29127354",
        "source_ids": [
          "osm:way:29127354",
          "source:osm"
        ],
        "name": "10th Avenue",
        "class": "footway",
        "width_m": 1.8,
        "width_status": "ESTIMATED",
        "width_method": "path_class_default",
        "surface_status": "ESTIMATED",
        "surface_method": "buffered_centerline",
        "centerline_length_m": 71.05,
        "centerline_local": {
          "type": "LineString",
          "coordinates": [
            [
              92.369,
              -174.987
            ],
            [
              109.629,
              -124.328
            ],
            [
              110.491,
              -121.801
            ],
            [
              111.376,
              -119.186
            ],
            [
              115.278,
              -107.734
            ]
          ]
        },
        "tags": {
          "highway": "footway",
          "name": "10th Avenue",
          "surface": "concrete"
        }
      },
      "geometry": {
        "type": "Polygon",
        "coordinates": [
          [
            [
              109.639,
              -121.512
            ],
            [
              108.777,
              -124.038
            ],
            [
              91.517,
              -174.696
            ],
            [
              93.221,
              -175.277
            ],
            [
              110.48,
              -124.618
            ],
            [
              111.343,
              -122.092
            ],
            [
              111.343,
              -122.089
            ],
            [
              112.228,
              -119.475
            ],
            [
              116.13,
              -108.025
            ],
            [
              114.427,
              -107.444
            ],
            [
              110.524,
              -118.896
            ],
            [
              110.523,
              -118.897
            ],
            [
              109.639,
              -121.512
            ]
          ]
        ]
      }
    },
    {
      "type": "Feature",
      "id": "osm:way:318484109",
      "properties": {
        "id": "osm:way:318484109",
        "source_ids": [
          "osm:way:318484109",
          "source:osm"
        ],
        "name": null,
        "class": "footway",
        "width_m": 1.8,
        "width_status": "ESTIMATED",
        "width_method": "path_class_default",
        "surface_status": "ESTIMATED",
        "surface_method": "buffered_centerline",
        "centerline_length_m": 37.78,
        "centerline_local": {
          "type": "LineString",
          "coordinates": [
            [
              94.696,
              -40.162
            ],
            [
              96.589,
              -34.423
            ],
            [
              105.087,
              -8.678
            ],
            [
              106.537,
              -4.286
            ]
          ]
        },
        "tags": {
          "highway": "footway"
        }
      },
      "geometry": {
        "type": "Polygon",
        "coordinates": [
          [
            [
              104.232,
              -8.396
            ],
            [
              95.734,
              -34.141
            ],
            [
              93.842,
              -39.88
            ],
            [
              95.551,
              -40.444
            ],
            [
              97.443,
              -34.705
            ],
            [
              105.942,
              -8.96
            ],
            [
              107.391,
              -4.568
            ],
            [
              105.682,
              -4.004
            ],
            [
              104.232,
              -8.396
            ]
          ]
        ]
      }
    },
    {
      "type": "Feature",
      "id": "osm:way:318484115",
      "properties": {
        "id": "osm:way:318484115",
        "source_ids": [
          "osm:way:318484115",
          "source:osm"
        ],
        "name": null,
        "class": "footway",
        "width_m": 1.8,
        "width_status": "ESTIMATED",
        "width_method": "path_class_default",
        "surface_status": "ESTIMATED",
        "surface_method": "buffered_centerline",
        "centerline_length_m": 27.93,
        "centerline_local": {
          "type": "LineString",
          "coordinates": [
            [
              -105.158,
              -7.135
            ],
            [
              -115.028,
              -33.267
            ]
          ]
        },
        "tags": {
          "highway": "footway"
        }
      },
      "geometry": {
        "type": "Polygon",
        "coordinates": [
          [
            [
              -115.87,
              -32.949
            ],
            [
              -114.187,
              -33.585
            ],
            [
              -104.316,
              -7.453
            ],
            [
              -106.0,
              -6.817
            ],
            [
              -115.87,
              -32.949
            ]
          ]
        ]
      }
    },
    {
      "type": "Feature",
      "id": "osm:way:318484117",
      "properties": {
        "id": "osm:way:318484117",
        "source_ids": [
          "osm:way:318484117",
          "source:osm"
        ],
        "name": null,
        "class": "footway",
        "width_m": 1.8,
        "width_status": "ESTIMATED",
        "width_method": "path_class_default",
        "surface_status": "ESTIMATED",
        "surface_method": "buffered_centerline",
        "centerline_length_m": 27.81,
        "centerline_local": {
          "type": "LineString",
          "coordinates": [
            [
              83.917,
              -70.425
            ],
            [
              75.799,
              -94.547
            ],
            [
              75.047,
              -96.787
            ]
          ]
        },
        "tags": {
          "highway": "footway"
        }
      },
      "geometry": {
        "type": "Polygon",
        "coordinates": [
          [
            [
              75.9,
              -97.073
            ],
            [
              76.652,
              -94.834
            ],
            [
              84.77,
              -70.712
            ],
            [
              83.064,
              -70.138
            ],
            [
              74.946,
              -94.26
            ],
            [
              74.194,
              -96.5
            ],
            [
              75.9,
              -97.073
            ]
          ]
        ]
      }
    },
    {
      "type": "Feature",
      "id": "osm:way:318484118",
      "properties": {
        "id": "osm:way:318484118",
        "source_ids": [
          "osm:way:318484118",
          "source:osm"
        ],
        "name": null,
        "class": "footway",
        "width_m": 1.8,
        "width_status": "ESTIMATED",
        "width_method": "path_class_default",
        "surface_status": "ESTIMATED",
        "surface_method": "buffered_centerline",
        "centerline_length_m": 12.36,
        "centerline_local": {
          "type": "LineString",
          "coordinates": [
            [
              -4.37,
              14.623
            ],
            [
              -8.522,
              2.983
            ]
          ]
        },
        "tags": {
          "highway": "footway"
        }
      },
      "geometry": {
        "type": "Polygon",
        "coordinates": [
          [
            [
              -9.37,
              3.286
            ],
            [
              -7.675,
              2.681
            ],
            [
              -3.522,
              14.321
            ],
            [
              -5.218,
              14.925
            ],
            [
              -9.37,
              3.286
            ]
          ]
        ]
      }
    },
    {
      "type": "Feature",
      "id": "osm:way:318484121",
      "properties": {
        "id": "osm:way:318484121",
        "source_ids": [
          "osm:way:318484121",
          "source:osm"
        ],
        "name": null,
        "class": "footway",
        "width_m": 1.8,
        "width_status": "ESTIMATED",
        "width_method": "path_class_default",
        "surface_status": "ESTIMATED",
        "surface_method": "buffered_centerline",
        "centerline_length_m": 27.49,
        "centerline_local": {
          "type": "LineString",
          "coordinates": [
            [
              -21.957,
              -35.302
            ],
            [
              -30.352,
              -61.48
            ]
          ]
        },
        "tags": {
          "highway": "footway"
        }
      },
      "geometry": {
        "type": "Polygon",
        "coordinates": [
          [
            [
              -31.209,
              -61.205
            ],
            [
              -29.495,
              -61.755
            ],
            [
              -21.1,
              -35.577
            ],
            [
              -22.814,
              -35.028
            ],
            [
              -31.209,
              -61.205
            ]
          ]
        ]
      }
    },
    {
      "type": "Feature",
      "id": "osm:way:318484122",
      "properties": {
        "id": "osm:way:318484122",
        "source_ids": [
          "osm:way:318484122",
          "source:osm"
        ],
        "name": null,
        "class": "footway",
        "width_m": 1.8,
        "width_status": "ESTIMATED",
        "width_method": "path_class_default",
        "surface_status": "ESTIMATED",
        "surface_method": "buffered_centerline",
        "centerline_length_m": 38.18,
        "centerline_local": {
          "type": "LineString",
          "coordinates": [
            [
              -93.163,
              29.116
            ],
            [
              -98.906,
              11.68
            ],
            [
              -105.158,
              -7.135
            ]
          ]
        },
        "tags": {
          "highway": "footway"
        }
      },
      "geometry": {
        "type": "Polygon",
        "coordinates": [
          [
            [
              -98.052,
              11.396
            ],
            [
              -98.052,
              11.398
            ],
            [
              -92.308,
              28.834
            ],
            [
              -94.018,
              29.397
            ],
            [
              -99.761,
              11.963
            ],
            [
              -106.012,
              -6.851
            ],
            [
              -104.304,
              -7.419
            ],
            [
              -98.052,
              11.396
            ]
          ]
        ]
      }
    },
    {
      "type": "Feature",
      "id": "osm:way:324237835",
      "properties": {
        "id": "osm:way:324237835",
        "source_ids": [
          "osm:way:324237835",
          "source:osm"
        ],
        "name": null,
        "class": "footway",
        "width_m": 1.8,
        "width_status": "ESTIMATED",
        "width_method": "path_class_default",
        "surface_status": "ESTIMATED",
        "surface_method": "buffered_centerline",
        "centerline_length_m": 49.3,
        "centerline_local": {
          "type": "LineString",
          "coordinates": [
            [
              -315.642,
              19.3
            ],
            [
              -327.033,
              23.36
            ],
            [
              -316.327,
              52.561
            ],
            [
              -312.311,
              57.163
            ]
          ]
        },
        "tags": {
          "highway": "footway",
          "layer": "-1"
        }
      },
      "geometry": {
        "type": "Polygon",
        "coordinates": [
          [
            [
              -327.417,
              22.546
            ],
            [
              -327.335,
              22.512
            ],
            [
              -315.944,
              18.453
            ],
            [
              -315.34,
              20.148
            ],
            [
              -325.876,
              23.903
            ],
            [
              -315.54,
              52.095
            ],
            [
              -311.632,
              56.572
            ],
            [
              -312.989,
              57.755
            ],
            [
              -317.005,
              53.153
            ],
            [
              -317.057,
              53.088
            ],
            [
              -317.102,
              53.019
            ],
            [
              -317.141,
              52.947
            ],
            [
              -317.172,
              52.871
            ],
            [
              -327.878,
              23.67
            ],
            [
              -327.905,
              23.585
            ],
            [
              -327.923,
              23.498
            ],
            [
              -327.932,
              23.409
            ],
            [
              -327.932,
              23.321
            ],
            [
              -327.924,
              23.232
            ],
            [
              -327.907,
              23.145
            ],
            [
              -327.882,
              23.06
            ],
            [
              -327.848,
              22.978
            ],
            [
              -327.806,
              22.899
            ],
            [
              -327.757,
              22.825
            ],
            [
              -327.701,
              22.756
            ],
            [
              -327.638,
              22.693
            ],
            [
              -327.57,
              22.637
            ],
            [
              -327.496,
              22.588
            ],
            [
              -327.417,
              22.546
            ]
          ]
        ]
      }
    },
    {
      "type": "Feature",
      "id": "osm:way:330610457",
      "properties": {
        "id": "osm:way:330610457",
        "source_ids": [
          "osm:way:330610457",
          "source:osm"
        ],
        "name": null,
        "class": "footway",
        "width_m": 1.8,
        "width_status": "ESTIMATED",
        "width_method": "path_class_default",
        "surface_status": "ESTIMATED",
        "surface_method": "buffered_centerline",
        "centerline_length_m": 7.84,
        "centerline_local": {
          "type": "LineString",
          "coordinates": [
            [
              -181.226,
              117.527
            ],
            [
              -180.798,
              109.699
            ]
          ]
        },
        "tags": {
          "highway": "footway"
        }
      },
      "geometry": {
        "type": "Polygon",
        "coordinates": [
          [
            [
              -181.696,
              109.65
            ],
            [
              -179.899,
              109.748
            ],
            [
              -180.328,
              117.576
            ],
            [
              -182.125,
              117.477
            ],
            [
              -181.696,
              109.65
            ]
          ]
        ]
      }
    },
    {
      "type": "Feature",
      "id": "osm:way:330610458",
      "properties": {
        "id": "osm:way:330610458",
        "source_ids": [
          "osm:way:330610458",
          "source:osm"
        ],
        "name": null,
        "class": "footway",
        "width_m": 1.8,
        "width_status": "ESTIMATED",
        "width_method": "path_class_default",
        "surface_status": "ESTIMATED",
        "surface_method": "buffered_centerline",
        "centerline_length_m": 28.88,
        "centerline_local": {
          "type": "LineString",
          "coordinates": [
            [
              -180.798,
              109.699
            ],
            [
              -189.033,
              82.015
            ]
          ]
        },
        "tags": {
          "highway": "footway",
          "layer": "-1"
        }
      },
      "geometry": {
        "type": "Polygon",
        "coordinates": [
          [
            [
              -189.895,
              82.271
            ],
            [
              -188.17,
              81.758
            ],
            [
              -179.935,
              109.442
            ],
            [
              -181.66,
              109.956
            ],
            [
              -189.895,
              82.271
            ]
          ]
        ]
      }
    },
    {
      "type": "Feature",
      "id": "osm:way:330610459",
      "properties": {
        "id": "osm:way:330610459",
        "source_ids": [
          "osm:way:330610459",
          "source:osm"
        ],
        "name": null,
        "class": "footway",
        "width_m": 1.8,
        "width_status": "ESTIMATED",
        "width_method": "path_class_default",
        "surface_status": "ESTIMATED",
        "surface_method": "buffered_centerline",
        "centerline_length_m": 7.61,
        "centerline_local": {
          "type": "LineString",
          "coordinates": [
            [
              -189.033,
              82.015
            ],
            [
              -189.302,
              74.414
            ]
          ]
        },
        "tags": {
          "highway": "footway"
        }
      },
      "geometry": {
        "type": "Polygon",
        "coordinates": [
          [
            [
              -190.202,
              74.446
            ],
            [
              -188.403,
              74.382
            ],
            [
              -188.133,
              81.983
            ],
            [
              -189.932,
              82.047
            ],
            [
              -190.202,
              74.446
            ]
          ]
        ]
      }
    },
    {
      "type": "Feature",
      "id": "osm:way:360476772",
      "properties": {
        "id": "osm:way:360476772",
        "source_ids": [
          "osm:way:360476772",
          "source:osm"
        ],
        "name": null,
        "class": "footway",
        "width_m": 1.8,
        "width_status": "ESTIMATED",
        "width_method": "path_class_default",
        "surface_status": "ESTIMATED",
        "surface_method": "buffered_centerline",
        "centerline_length_m": 11.48,
        "centerline_local": {
          "type": "LineString",
          "coordinates": [
            [
              -346.527,
              93.279
            ],
            [
              -357.415,
              96.924
            ]
          ]
        },
        "tags": {
          "crossing": "traffic_signals",
          "footway": "crossing",
          "highway": "footway",
          "surface": "paved"
        }
      },
      "geometry": {
        "type": "Polygon",
        "coordinates": [
          [
            [
              -357.129,
              97.778
            ],
            [
              -357.701,
              96.071
            ],
            [
              -346.813,
              92.425
            ],
            [
              -346.241,
              94.132
            ],
            [
              -357.129,
              97.778
            ]
          ]
        ]
      }
    },
    {
      "type": "Feature",
      "id": "osm:way:369205331",
      "properties": {
        "id": "osm:way:369205331",
        "source_ids": [
          "osm:way:369205331",
          "source:osm"
        ],
        "name": null,
        "class": "footway",
        "width_m": 1.8,
        "width_status": "ESTIMATED",
        "width_method": "path_class_default",
        "surface_status": "ESTIMATED",
        "surface_method": "buffered_centerline",
        "centerline_length_m": 4.0,
        "centerline_local": {
          "type": "LineString",
          "coordinates": [
            [
              -326.817,
              86.426
            ],
            [
              -330.511,
              87.962
            ]
          ]
        },
        "tags": {
          "highway": "footway"
        }
      },
      "geometry": {
        "type": "Polygon",
        "coordinates": [
          [
            [
              -330.166,
              88.793
            ],
            [
              -330.857,
              87.131
            ],
            [
              -327.162,
              85.595
            ],
            [
              -326.471,
              87.257
            ],
            [
              -330.166,
              88.793
            ]
          ]
        ]
      }
    },
    {
      "type": "Feature",
      "id": "osm:way:37236997",
      "properties": {
        "id": "osm:way:37236997",
        "source_ids": [
          "osm:way:37236997",
          "source:osm"
        ],
        "name": null,
        "class": "footway",
        "width_m": 1.8,
        "width_status": "ESTIMATED",
        "width_method": "path_class_default",
        "surface_status": "ESTIMATED",
        "surface_method": "buffered_centerline",
        "centerline_length_m": 38.69,
        "centerline_local": {
          "type": "LineString",
          "coordinates": [
            [
              -9.12,
              1.196
            ],
            [
              -21.957,
              -35.302
            ]
          ]
        },
        "tags": {
          "highway": "footway"
        }
      },
      "geometry": {
        "type": "Polygon",
        "coordinates": [
          [
            [
              -22.806,
              -35.004
            ],
            [
              -21.108,
              -35.601
            ],
            [
              -8.271,
              0.897
            ],
            [
              -9.969,
              1.494
            ],
            [
              -22.806,
              -35.004
            ]
          ]
        ]
      }
    },
    {
      "type": "Feature",
      "id": "osm:way:37236998",
      "properties": {
        "id": "osm:way:37236998",
        "source_ids": [
          "osm:way:37236998",
          "source:osm"
        ],
        "name": null,
        "class": "footway",
        "width_m": 1.8,
        "width_status": "ESTIMATED",
        "width_method": "path_class_default",
        "surface_status": "ESTIMATED",
        "surface_method": "buffered_centerline",
        "centerline_length_m": 27.53,
        "centerline_local": {
          "type": "LineString",
          "coordinates": [
            [
              -84.564,
              55.27
            ],
            [
              -93.163,
              29.116
            ]
          ]
        },
        "tags": {
          "highway": "footway"
        }
      },
      "geometry": {
        "type": "Polygon",
        "coordinates": [
          [
            [
              -94.018,
              29.397
            ],
            [
              -92.308,
              28.835
            ],
            [
              -83.709,
              54.989
            ],
            [
              -85.419,
              55.551
            ],
            [
              -94.018,
              29.397
            ]
          ]
        ]
      }
    },
    {
      "type": "Feature",
      "id": "osm:way:37236999",
      "properties": {
        "id": "osm:way:37236999",
        "source_ids": [
          "osm:way:37236999",
          "source:osm"
        ],
        "name": null,
        "class": "footway",
        "width_m": 1.8,
        "width_status": "ESTIMATED",
        "width_method": "path_class_default",
        "surface_status": "ESTIMATED",
        "surface_method": "buffered_centerline",
        "centerline_length_m": 55.29,
        "centerline_local": {
          "type": "LineString",
          "coordinates": [
            [
              97.829,
              -63.351
            ],
            [
              93.647,
              -62.064
            ],
            [
              67.521,
              -55.445
            ],
            [
              60.056,
              -53.555
            ],
            [
              56.313,
              -52.604
            ],
            [
              44.288,
              -49.569
            ]
          ]
        },
        "tags": {
          "highway": "footway"
        }
      },
      "geometry": {
        "type": "Polygon",
        "coordinates": [
          [
            [
              67.3,
              -56.317
            ],
            [
              93.404,
              -62.931
            ],
            [
              97.564,
              -64.211
            ],
            [
              98.094,
              -62.49
            ],
            [
              93.911,
              -61.204
            ],
            [
              93.868,
              -61.192
            ],
            [
              67.742,
              -54.572
            ],
            [
              60.278,
              -52.682
            ],
            [
              56.535,
              -51.732
            ],
            [
              56.534,
              -51.732
            ],
            [
              44.508,
              -48.696
            ],
            [
              44.068,
              -50.442
            ],
            [
              56.092,
              -53.477
            ],
            [
              59.835,
              -54.427
            ],
            [
              67.3,
              -56.317
            ]
          ]
        ]
      }
    },
    {
      "type": "Feature",
      "id": "osm:way:37237001",
      "properties": {
        "id": "osm:way:37237001",
        "source_ids": [
          "osm:way:37237001",
          "source:osm"
        ],
        "name": null,
        "class": "footway",
        "width_m": 1.8,
        "width_status": "ESTIMATED",
        "width_method": "path_class_default",
        "surface_status": "ESTIMATED",
        "surface_method": "buffered_centerline",
        "centerline_length_m": 62.16,
        "centerline_local": {
          "type": "LineString",
          "coordinates": [
            [
              109.94,
              -38.632
            ],
            [
              100.803,
              -39.55
            ],
            [
              94.696,
              -40.162
            ],
            [
              86.747,
              -41.997
            ],
            [
              78.275,
              -44.514
            ],
            [
              73.479,
              -46.952
            ],
            [
              69.811,
              -49.865
            ],
            [
              68.105,
              -52.639
            ],
            [
              67.521,
              -55.445
            ],
            [
              68.112,
              -58.15
            ],
            [
              69.438,
              -60.695
            ],
            [
              71.55,
              -63.259
            ],
            [
              74.581,
              -66.848
            ]
          ]
        },
        "tags": {
          "highway": "footway"
        }
      },
      "geometry": {
        "type": "Polygon",
        "coordinates": [
          [
            [
              94.843,
              -41.052
            ],
            [
              100.893,
              -40.445
            ],
            [
              110.03,
              -39.528
            ],
            [
              109.85,
              -37.737
            ],
            [
              100.713,
              -38.654
            ],
            [
              94.607,
              -39.266
            ],
            [
              94.494,
              -39.285
            ],
            [
              86.545,
              -41.12
            ],
            [
              86.491,
              -41.135
            ],
            [
              78.019,
              -43.652
            ],
            [
              77.941,
              -43.678
            ],
            [
              77.867,
              -43.712
            ],
            [
              73.071,
              -46.15
            ],
            [
              72.993,
              -46.195
            ],
            [
              72.919,
              -46.247
            ],
            [
              69.251,
              -49.16
            ],
            [
              69.192,
              -49.211
            ],
            [
              69.137,
              -49.267
            ],
            [
              69.088,
              -49.328
            ],
            [
              69.044,
              -49.393
            ],
            [
              67.339,
              -52.167
            ],
            [
              67.301,
              -52.235
            ],
            [
              67.269,
              -52.306
            ],
            [
              67.243,
              -52.38
            ],
            [
              67.224,
              -52.455
            ],
            [
              66.64,
              -55.261
            ],
            [
              66.625,
              -55.355
            ],
            [
              66.621,
              -55.449
            ],
            [
              66.626,
              -55.543
            ],
            [
              66.642,
              -55.637
            ],
            [
              67.233,
              -58.342
            ],
            [
              67.253,
              -58.419
            ],
            [
              67.28,
              -58.494
            ],
            [
              67.314,
              -58.566
            ],
            [
              68.64,
              -61.111
            ],
            [
              68.687,
              -61.192
            ],
            [
              68.743,
              -61.268
            ],
            [
              70.856,
              -63.831
            ],
            [
              70.863,
              -63.839
            ],
            [
              73.893,
              -67.429
            ],
            [
              75.268,
              -66.267
            ],
            [
              72.241,
              -62.682
            ],
            [
              70.192,
              -60.196
            ],
            [
              68.966,
              -57.841
            ],
            [
              68.441,
              -55.44
            ],
            [
              68.954,
              -52.976
            ],
            [
              70.494,
              -50.471
            ],
            [
              73.968,
              -47.713
            ],
            [
              78.61,
              -45.354
            ],
            [
              86.977,
              -42.868
            ],
            [
              94.843,
              -41.052
            ]
          ]
        ]
      }
    },
    {
      "type": "Feature",
      "id": "osm:way:37237027",
      "properties": {
        "id": "osm:way:37237027",
        "source_ids": [
          "osm:way:37237027",
          "source:osm"
        ],
        "name": null,
        "class": "footway",
        "width_m": 1.8,
        "width_status": "ESTIMATED",
        "width_method": "path_class_default",
        "surface_status": "ESTIMATED",
        "surface_method": "buffered_centerline",
        "centerline_length_m": 63.45,
        "centerline_local": {
          "type": "LineString",
          "coordinates": [
            [
              -63.959,
              -23.478
            ],
            [
              -60.987,
              -22.486
            ],
            [
              -53.482,
              -20.956
            ],
            [
              -44.92,
              -18.086
            ],
            [
              -40.281,
              -15.016
            ],
            [
              -37.678,
              -11.873
            ],
            [
              -36.294,
              -8.941
            ],
            [
              -35.527,
              -4.92
            ],
            [
              -35.718,
              -0.834
            ],
            [
              -37.727,
              3.809
            ],
            [
              -42.299,
              9.857
            ],
            [
              -49.593,
              16.57
            ]
          ]
        },
        "tags": {
          "highway": "footway"
        }
      },
      "geometry": {
        "type": "Polygon",
        "coordinates": [
          [
            [
              -61.166,
              -21.604
            ],
            [
              -61.272,
              -21.632
            ],
            [
              -64.244,
              -22.625
            ],
            [
              -63.674,
              -24.332
            ],
            [
              -60.753,
              -23.357
            ],
            [
              -53.302,
              -21.838
            ],
            [
              -53.196,
              -21.81
            ],
            [
              -44.634,
              -18.939
            ],
            [
              -44.561,
              -18.911
            ],
            [
              -44.491,
              -18.877
            ],
            [
              -44.424,
              -18.836
            ],
            [
              -39.784,
              -15.766
            ],
            [
              -39.713,
              -15.714
            ],
            [
              -39.647,
              -15.655
            ],
            [
              -39.588,
              -15.59
            ],
            [
              -36.984,
              -12.447
            ],
            [
              -36.939,
              -12.387
            ],
            [
              -36.899,
              -12.324
            ],
            [
              -36.864,
              -12.257
            ],
            [
              -35.48,
              -9.325
            ],
            [
              -35.451,
              -9.256
            ],
            [
              -35.428,
              -9.184
            ],
            [
              -35.41,
              -9.11
            ],
            [
              -34.643,
              -5.088
            ],
            [
              -34.629,
              -4.983
            ],
            [
              -34.628,
              -4.877
            ],
            [
              -34.819,
              -0.792
            ],
            [
              -34.827,
              -0.711
            ],
            [
              -34.842,
              -0.631
            ],
            [
              -34.864,
              -0.553
            ],
            [
              -34.892,
              -0.477
            ],
            [
              -36.901,
              4.166
            ],
            [
              -36.949,
              4.262
            ],
            [
              -37.009,
              4.351
            ],
            [
              -41.581,
              10.399
            ],
            [
              -41.633,
              10.462
            ],
            [
              -41.69,
              10.519
            ],
            [
              -48.984,
              17.232
            ],
            [
              -50.203,
              15.908
            ],
            [
              -42.968,
              9.249
            ],
            [
              -38.51,
              3.352
            ],
            [
              -36.61,
              -1.041
            ],
            [
              -36.431,
              -4.855
            ],
            [
              -37.157,
              -8.66
            ],
            [
              -38.443,
              -11.386
            ],
            [
              -40.889,
              -14.339
            ],
            [
              -45.319,
              -17.27
            ],
            [
              -53.716,
              -20.085
            ],
            [
              -61.166,
              -21.604
            ]
          ]
        ]
      }
    },
    {
      "type": "Feature",
      "id": "osm:way:37237028",
      "properties": {
        "id": "osm:way:37237028",
        "source_ids": [
          "osm:way:37237028",
          "source:osm"
        ],
        "name": null,
        "class": "footway",
        "width_m": 1.8,
        "width_status": "ESTIMATED",
        "width_method": "path_class_default",
        "surface_status": "ESTIMATED",
        "surface_method": "buffered_centerline",
        "centerline_length_m": 83.87,
        "centerline_local": {
          "type": "LineString",
          "coordinates": [
            [
              -143.142,
              23.291
            ],
            [
              -137.657,
              21.805
            ],
            [
              -127.181,
              19.093
            ],
            [
              -115.48,
              16.038
            ],
            [
              -98.906,
              11.68
            ],
            [
              -65.393,
              2.95
            ],
            [
              -62.005,
              2.068
            ]
          ]
        },
        "tags": {
          "highway": "footway"
        }
      },
      "geometry": {
        "type": "Polygon",
        "coordinates": [
          [
            [
              -126.956,
              19.964
            ],
            [
              -137.427,
              22.675
            ],
            [
              -142.906,
              24.159
            ],
            [
              -143.377,
              22.422
            ],
            [
              -137.892,
              20.937
            ],
            [
              -137.883,
              20.934
            ],
            [
              -127.408,
              18.222
            ],
            [
              -115.708,
              15.167
            ],
            [
              -99.135,
              10.809
            ],
            [
              -99.133,
              10.809
            ],
            [
              -65.62,
              2.079
            ],
            [
              -62.232,
              1.197
            ],
            [
              -61.779,
              2.939
            ],
            [
              -65.167,
              3.821
            ],
            [
              -98.679,
              12.551
            ],
            [
              -115.251,
              16.908
            ],
            [
              -115.252,
              16.909
            ],
            [
              -126.954,
              19.964
            ],
            [
              -126.956,
              19.964
            ]
          ]
        ]
      }
    },
    {
      "type": "Feature",
      "id": "osm:way:37237029",
      "properties": {
        "id": "osm:way:37237029",
        "source_ids": [
          "osm:way:37237029",
          "source:osm"
        ],
        "name": null,
        "class": "footway",
        "width_m": 1.8,
        "width_status": "ESTIMATED",
        "width_method": "path_class_default",
        "surface_status": "ESTIMATED",
        "surface_method": "buffered_centerline",
        "centerline_length_m": 35.11,
        "centerline_local": {
          "type": "LineString",
          "coordinates": [
            [
              -134.579,
              41.411
            ],
            [
              -137.657,
              21.805
            ],
            [
              -140.136,
              6.743
            ]
          ]
        },
        "tags": {
          "highway": "footway"
        }
      },
      "geometry": {
        "type": "Polygon",
        "coordinates": [
          [
            [
              -136.769,
              21.659
            ],
            [
              -136.768,
              21.666
            ],
            [
              -133.69,
              41.271
            ],
            [
              -135.468,
              41.55
            ],
            [
              -138.546,
              21.948
            ],
            [
              -141.024,
              6.889
            ],
            [
              -139.248,
              6.597
            ],
            [
              -136.769,
              21.659
            ]
          ]
        ]
      }
    },
    {
      "type": "Feature",
      "id": "osm:way:37237030",
      "properties": {
        "id": "osm:way:37237030",
        "source_ids": [
          "osm:way:37237030",
          "source:osm"
        ],
        "name": null,
        "class": "footway",
        "width_m": 1.8,
        "width_status": "ESTIMATED",
        "width_method": "path_class_default",
        "surface_status": "ESTIMATED",
        "surface_method": "buffered_centerline",
        "centerline_length_m": 35.57,
        "centerline_local": {
          "type": "LineString",
          "coordinates": [
            [
              -120.408,
              37.173
            ],
            [
              -127.181,
              19.093
            ],
            [
              -132.906,
              3.87
            ]
          ]
        },
        "tags": {
          "highway": "footway"
        }
      },
      "geometry": {
        "type": "Polygon",
        "coordinates": [
          [
            [
              -126.339,
              18.776
            ],
            [
              -126.339,
              18.777
            ],
            [
              -119.566,
              36.857
            ],
            [
              -121.251,
              37.489
            ],
            [
              -128.024,
              19.409
            ],
            [
              -133.748,
              4.187
            ],
            [
              -132.064,
              3.553
            ],
            [
              -126.339,
              18.776
            ]
          ]
        ]
      }
    },
    {
      "type": "Feature",
      "id": "osm:way:37237032",
      "properties": {
        "id": "osm:way:37237032",
        "source_ids": [
          "osm:way:37237032",
          "source:osm"
        ],
        "name": null,
        "class": "footway",
        "width_m": 1.8,
        "width_status": "ESTIMATED",
        "width_method": "path_class_default",
        "surface_status": "ESTIMATED",
        "surface_method": "buffered_centerline",
        "centerline_length_m": 37.07,
        "centerline_local": {
          "type": "LineString",
          "coordinates": [
            [
              -123.71,
              0.228
            ],
            [
              -115.48,
              16.038
            ],
            [
              -106.495,
              33.059
            ]
          ]
        },
        "tags": {
          "highway": "footway"
        }
      },
      "geometry": {
        "type": "Polygon",
        "coordinates": [
          [
            [
              -116.276,
              16.458
            ],
            [
              -116.278,
              16.454
            ],
            [
              -124.509,
              0.644
            ],
            [
              -122.912,
              -0.188
            ],
            [
              -114.683,
              15.62
            ],
            [
              -105.699,
              32.639
            ],
            [
              -107.291,
              33.479
            ],
            [
              -116.276,
              16.458
            ]
          ]
        ]
      }
    },
    {
      "type": "Feature",
      "id": "osm:way:469859755",
      "properties": {
        "id": "osm:way:469859755",
        "source_ids": [
          "osm:way:469859755",
          "source:osm"
        ],
        "name": "Bonifacio High Street",
        "class": "pedestrian",
        "width_m": 5.0,
        "width_status": "ESTIMATED",
        "width_method": "path_class_default",
        "surface_status": "ESTIMATED",
        "surface_method": "buffered_centerline",
        "centerline_length_m": 21.55,
        "centerline_local": {
          "type": "LineString",
          "coordinates": [
            [
              -352.858,
              109.18
            ],
            [
              -373.257,
              116.143
            ]
          ]
        },
        "tags": {
          "highway": "pedestrian",
          "name": "Bonifacio High Street"
        }
      },
      "geometry": {
        "type": "Polygon",
        "coordinates": [
          [
            [
              -372.45,
              118.509
            ],
            [
              -374.065,
              113.777
            ],
            [
              -353.666,
              106.814
            ],
            [
              -352.05,
              111.546
            ],
            [
              -372.45,
              118.509
            ]
          ]
        ]
      }
    },
    {
      "type": "Feature",
      "id": "osm:way:469859758",
      "properties": {
        "id": "osm:way:469859758",
        "source_ids": [
          "osm:way:469859758",
          "source:osm"
        ],
        "name": null,
        "class": "footway",
        "width_m": 1.8,
        "width_status": "ESTIMATED",
        "width_method": "path_class_default",
        "surface_status": "ESTIMATED",
        "surface_method": "buffered_centerline",
        "centerline_length_m": 19.81,
        "centerline_local": {
          "type": "LineString",
          "coordinates": [
            [
              -354.615,
              105.355
            ],
            [
              -373.293,
              111.954
            ]
          ]
        },
        "tags": {
          "highway": "footway"
        }
      },
      "geometry": {
        "type": "Polygon",
        "coordinates": [
          [
            [
              -372.993,
              112.803
            ],
            [
              -373.593,
              111.105
            ],
            [
              -354.915,
              104.506
            ],
            [
              -354.316,
              106.204
            ],
            [
              -372.993,
              112.803
            ]
          ]
        ]
      }
    },
    {
      "type": "Feature",
      "id": "osm:way:469859760",
      "properties": {
        "id": "osm:way:469859760",
        "source_ids": [
          "osm:way:469859760",
          "source:osm"
        ],
        "name": null,
        "class": "footway",
        "width_m": 1.8,
        "width_status": "ESTIMATED",
        "width_method": "path_class_default",
        "surface_status": "ESTIMATED",
        "surface_method": "buffered_centerline",
        "centerline_length_m": 18.13,
        "centerline_local": {
          "type": "LineString",
          "coordinates": [
            [
              -355.535,
              102.475
            ],
            [
              -373.345,
              105.879
            ]
          ]
        },
        "tags": {
          "highway": "footway"
        }
      },
      "geometry": {
        "type": "Polygon",
        "coordinates": [
          [
            [
              -373.176,
              106.763
            ],
            [
              -373.514,
              104.995
            ],
            [
              -355.704,
              101.591
            ],
            [
              -355.366,
              103.359
            ],
            [
              -373.176,
              106.763
            ]
          ]
        ]
      }
    },
    {
      "type": "Feature",
      "id": "osm:way:658726045",
      "properties": {
        "id": "osm:way:658726045",
        "source_ids": [
          "osm:way:658726045",
          "source:osm"
        ],
        "name": null,
        "class": "pedestrian",
        "width_m": 5.0,
        "width_status": "ESTIMATED",
        "width_method": "path_class_default",
        "surface_status": "ESTIMATED",
        "surface_method": "buffered_centerline",
        "centerline_length_m": 76.14,
        "centerline_local": {
          "type": "LineString",
          "coordinates": [
            [
              -249.681,
              23.45
            ],
            [
              -254.573,
              24.997
            ],
            [
              -232.985,
              92.65
            ]
          ]
        },
        "tags": {
          "highway": "pedestrian",
          "layer": "1"
        }
      },
      "geometry": {
        "type": "Polygon",
        "coordinates": [
          [
            [
              -255.557,
              22.699
            ],
            [
              -255.326,
              22.613
            ],
            [
              -250.435,
              21.066
            ],
            [
              -248.927,
              25.834
            ],
            [
              -251.429,
              26.625
            ],
            [
              -230.603,
              91.89
            ],
            [
              -235.367,
              93.41
            ],
            [
              -256.954,
              25.757
            ],
            [
              -257.017,
              25.519
            ],
            [
              -257.057,
              25.277
            ],
            [
              -257.072,
              25.032
            ],
            [
              -257.064,
              24.786
            ],
            [
              -257.031,
              24.542
            ],
            [
              -256.974,
              24.303
            ],
            [
              -256.895,
              24.071
            ],
            [
              -256.793,
              23.847
            ],
            [
              -256.669,
              23.635
            ],
            [
              -256.525,
              23.436
            ],
            [
              -256.362,
              23.252
            ],
            [
              -256.182,
              23.084
            ],
            [
              -255.987,
              22.935
            ],
            [
              -255.778,
              22.807
            ],
            [
              -255.557,
              22.699
            ]
          ]
        ]
      }
    },
    {
      "type": "Feature",
      "id": "osm:way:658726046",
      "properties": {
        "id": "osm:way:658726046",
        "source_ids": [
          "osm:way:658726046",
          "source:osm"
        ],
        "name": null,
        "class": "pedestrian",
        "width_m": 5.0,
        "width_status": "ESTIMATED",
        "width_method": "path_class_default",
        "surface_status": "ESTIMATED",
        "surface_method": "buffered_centerline",
        "centerline_length_m": 4.87,
        "centerline_local": {
          "type": "LineString",
          "coordinates": [
            [
              -235.232,
              93.355
            ],
            [
              -232.985,
              92.65
            ],
            [
              -230.588,
              91.899
            ]
          ]
        },
        "tags": {
          "highway": "pedestrian",
          "layer": "1"
        }
      },
      "geometry": {
        "type": "Polygon",
        "coordinates": [
          [
            [
              -229.84,
              94.284
            ],
            [
              -232.237,
              95.035
            ],
            [
              -234.483,
              95.74
            ],
            [
              -235.981,
              90.97
            ],
            [
              -233.732,
              90.264
            ],
            [
              -231.335,
              89.513
            ],
            [
              -229.84,
              94.284
            ]
          ]
        ]
      }
    },
    {
      "type": "Feature",
      "id": "osm:way:720789233",
      "properties": {
        "id": "osm:way:720789233",
        "source_ids": [
          "osm:way:720789233",
          "source:osm"
        ],
        "name": null,
        "class": "footway",
        "width_m": 1.8,
        "width_status": "ESTIMATED",
        "width_method": "path_class_default",
        "surface_status": "ESTIMATED",
        "surface_method": "buffered_centerline",
        "centerline_length_m": 13.09,
        "centerline_local": {
          "type": "LineString",
          "coordinates": [
            [
              -357.415,
              96.924
            ],
            [
              -355.535,
              102.475
            ],
            [
              -354.615,
              105.355
            ],
            [
              -352.858,
              109.18
            ]
          ]
        },
        "tags": {
          "footway": "sidewalk",
          "highway": "footway"
        }
      },
      "geometry": {
        "type": "Polygon",
        "coordinates": [
          [
            [
              -355.473,
              105.629
            ],
            [
              -356.39,
              102.756
            ],
            [
              -358.267,
              97.213
            ],
            [
              -356.562,
              96.636
            ],
            [
              -354.682,
              102.186
            ],
            [
              -354.677,
              102.201
            ],
            [
              -353.775,
              105.029
            ],
            [
              -352.04,
              108.804
            ],
            [
              -353.676,
              109.556
            ],
            [
              -355.433,
              105.731
            ],
            [
              -355.473,
              105.629
            ]
          ]
        ]
      }
    },
    {
      "type": "Feature",
      "id": "osm:way:722083870",
      "properties": {
        "id": "osm:way:722083870",
        "source_ids": [
          "osm:way:722083870",
          "source:osm"
        ],
        "name": null,
        "class": "footway",
        "width_m": 1.8,
        "width_status": "ESTIMATED",
        "width_method": "path_class_default",
        "surface_status": "ESTIMATED",
        "surface_method": "buffered_centerline",
        "centerline_length_m": 1.87,
        "centerline_local": {
          "type": "LineString",
          "coordinates": [
            [
              -374.352,
              -11.669
            ],
            [
              -372.611,
              -12.349
            ]
          ]
        },
        "tags": {
          "crossing": "traffic_signals",
          "footway": "crossing",
          "highway": "footway"
        }
      },
      "geometry": {
        "type": "Polygon",
        "coordinates": [
          [
            [
              -372.939,
              -13.187
            ],
            [
              -372.284,
              -11.51
            ],
            [
              -374.024,
              -10.831
            ],
            [
              -374.679,
              -12.507
            ],
            [
              -372.939,
              -13.187
            ]
          ]
        ]
      }
    },
    {
      "type": "Feature",
      "id": "osm:way:722083871",
      "properties": {
        "id": "osm:way:722083871",
        "source_ids": [
          "osm:way:722083871",
          "source:osm"
        ],
        "name": null,
        "class": "footway",
        "width_m": 1.8,
        "width_status": "ESTIMATED",
        "width_method": "path_class_default",
        "surface_status": "ESTIMATED",
        "surface_method": "buffered_centerline",
        "centerline_length_m": 16.4,
        "centerline_local": {
          "type": "LineString",
          "coordinates": [
            [
              -374.157,
              11.051
            ],
            [
              -373.856,
              10.957
            ],
            [
              -365.452,
              8.085
            ],
            [
              -358.582,
              5.935
            ]
          ]
        },
        "tags": {
          "crossing": "traffic_signals",
          "footway": "crossing",
          "highway": "footway"
        }
      },
      "geometry": {
        "type": "Polygon",
        "coordinates": [
          [
            [
              -373.565,
              11.808
            ],
            [
              -373.589,
              11.816
            ],
            [
              -373.89,
              11.91
            ],
            [
              -374.425,
              10.191
            ],
            [
              -374.136,
              10.101
            ],
            [
              -365.743,
              7.233
            ],
            [
              -365.72,
              7.226
            ],
            [
              -358.851,
              5.076
            ],
            [
              -358.313,
              6.794
            ],
            [
              -365.172,
              8.94
            ],
            [
              -373.565,
              11.808
            ]
          ]
        ]
      }
    },
    {
      "type": "Feature",
      "id": "osm:way:722095185",
      "properties": {
        "id": "osm:way:722095185",
        "source_ids": [
          "osm:way:722095185",
          "source:osm"
        ],
        "name": null,
        "class": "footway",
        "width_m": 1.8,
        "width_status": "ESTIMATED",
        "width_method": "path_class_default",
        "surface_status": "ESTIMATED",
        "surface_method": "buffered_centerline",
        "centerline_length_m": 20.36,
        "centerline_local": {
          "type": "LineString",
          "coordinates": [
            [
              -117.156,
              160.27
            ],
            [
              -120.384,
              150.847
            ],
            [
              -123.756,
              141.005
            ]
          ]
        },
        "tags": {
          "crossing": "traffic_signals",
          "footway": "crossing",
          "highway": "footway",
          "surface": "asphalt"
        }
      },
      "geometry": {
        "type": "Polygon",
        "coordinates": [
          [
            [
              -122.905,
              140.713
            ],
            [
              -119.533,
              150.556
            ],
            [
              -116.305,
              159.979
            ],
            [
              -118.008,
              160.562
            ],
            [
              -121.236,
              151.139
            ],
            [
              -124.608,
              141.297
            ],
            [
              -122.905,
              140.713
            ]
          ]
        ]
      }
    },
    {
      "type": "Feature",
      "id": "osm:way:722097497",
      "properties": {
        "id": "osm:way:722097497",
        "source_ids": [
          "osm:way:722097497",
          "source:osm"
        ],
        "name": null,
        "class": "footway",
        "width_m": 1.8,
        "width_status": "ESTIMATED",
        "width_method": "path_class_default",
        "surface_status": "ESTIMATED",
        "surface_method": "buffered_centerline",
        "centerline_length_m": 15.36,
        "centerline_local": {
          "type": "LineString",
          "coordinates": [
            [
              -300.833,
              178.973
            ],
            [
              -302.191,
              175.234
            ],
            [
              -307.758,
              177.229
            ],
            [
              -312.903,
              179.077
            ]
          ]
        },
        "tags": {
          "crossing": "traffic_signals",
          "footway": "crossing",
          "highway": "footway"
        }
      },
      "geometry": {
        "type": "Polygon",
        "coordinates": [
          [
            [
              -301.379,
              174.845
            ],
            [
              -301.345,
              174.926
            ],
            [
              -299.987,
              178.666
            ],
            [
              -301.679,
              179.281
            ],
            [
              -302.731,
              176.383
            ],
            [
              -307.454,
              178.076
            ],
            [
              -312.599,
              179.924
            ],
            [
              -313.207,
              178.23
            ],
            [
              -308.061,
              176.382
            ],
            [
              -302.495,
              174.386
            ],
            [
              -302.411,
              174.361
            ],
            [
              -302.324,
              174.343
            ],
            [
              -302.237,
              174.335
            ],
            [
              -302.148,
              174.335
            ],
            [
              -302.061,
              174.343
            ],
            [
              -301.974,
              174.36
            ],
            [
              -301.89,
              174.385
            ],
            [
              -301.809,
              174.419
            ],
            [
              -301.731,
              174.46
            ],
            [
              -301.657,
              174.509
            ],
            [
              -301.589,
              174.565
            ],
            [
              -301.527,
              174.627
            ],
            [
              -301.47,
              174.695
            ],
            [
              -301.421,
              174.768
            ],
            [
              -301.379,
              174.845
            ]
          ]
        ]
      }
    },
    {
      "type": "Feature",
      "id": "osm:way:744614378",
      "properties": {
        "id": "osm:way:744614378",
        "source_ids": [
          "osm:way:744614378",
          "source:osm"
        ],
        "name": null,
        "class": "footway",
        "width_m": 1.8,
        "width_status": "ESTIMATED",
        "width_method": "path_class_default",
        "surface_status": "ESTIMATED",
        "surface_method": "buffered_centerline",
        "centerline_length_m": 13.14,
        "centerline_local": {
          "type": "LineString",
          "coordinates": [
            [
              8.135,
              -93.625
            ],
            [
              10.026,
              -88.053
            ],
            [
              12.37,
              -81.19
            ]
          ]
        },
        "tags": {
          "footway": "crossing",
          "highway": "footway",
          "surface": "asphalt"
        }
      },
      "geometry": {
        "type": "Polygon",
        "coordinates": [
          [
            [
              9.175,
              -87.762
            ],
            [
              9.174,
              -87.764
            ],
            [
              7.283,
              -93.336
            ],
            [
              8.988,
              -93.915
            ],
            [
              10.878,
              -88.343
            ],
            [
              13.222,
              -81.481
            ],
            [
              11.519,
              -80.899
            ],
            [
              9.175,
              -87.762
            ]
          ]
        ]
      }
    },
    {
      "type": "Feature",
      "id": "osm:way:744614379",
      "properties": {
        "id": "osm:way:744614379",
        "source_ids": [
          "osm:way:744614379",
          "source:osm"
        ],
        "name": null,
        "class": "footway",
        "width_m": 1.8,
        "width_status": "ESTIMATED",
        "width_method": "path_class_default",
        "surface_status": "ESTIMATED",
        "surface_method": "buffered_centerline",
        "centerline_length_m": 20.3,
        "centerline_local": {
          "type": "LineString",
          "coordinates": [
            [
              27.375,
              -100.098
            ],
            [
              17.615,
              -96.816
            ],
            [
              8.135,
              -93.625
            ]
          ]
        },
        "tags": {
          "footway": "crossing",
          "highway": "footway",
          "surface": "asphalt"
        }
      },
      "geometry": {
        "type": "Polygon",
        "coordinates": [
          [
            [
              7.848,
              -94.478
            ],
            [
              17.329,
              -97.669
            ],
            [
              27.088,
              -100.951
            ],
            [
              27.662,
              -99.245
            ],
            [
              17.902,
              -95.963
            ],
            [
              8.423,
              -92.772
            ],
            [
              7.848,
              -94.478
            ]
          ]
        ]
      }
    },
    {
      "type": "Feature",
      "id": "osm:way:744614380",
      "properties": {
        "id": "osm:way:744614380",
        "source_ids": [
          "osm:way:744614380",
          "source:osm"
        ],
        "name": null,
        "class": "footway",
        "width_m": 1.8,
        "width_status": "ESTIMATED",
        "width_method": "path_class_default",
        "surface_status": "ESTIMATED",
        "surface_method": "buffered_centerline",
        "centerline_length_m": 13.14,
        "centerline_local": {
          "type": "LineString",
          "coordinates": [
            [
              31.61,
              -87.662
            ],
            [
              29.288,
              -94.492
            ],
            [
              27.375,
              -100.098
            ]
          ]
        },
        "tags": {
          "footway": "crossing",
          "highway": "footway",
          "surface": "asphalt"
        }
      },
      "geometry": {
        "type": "Polygon",
        "coordinates": [
          [
            [
              30.139,
              -94.783
            ],
            [
              30.14,
              -94.782
            ],
            [
              32.462,
              -87.952
            ],
            [
              30.757,
              -87.372
            ],
            [
              28.436,
              -94.202
            ],
            [
              26.523,
              -99.807
            ],
            [
              28.227,
              -100.388
            ],
            [
              30.139,
              -94.783
            ]
          ]
        ]
      }
    },
    {
      "type": "Feature",
      "id": "osm:way:744614381",
      "properties": {
        "id": "osm:way:744614381",
        "source_ids": [
          "osm:way:744614381",
          "source:osm"
        ],
        "name": null,
        "class": "footway",
        "width_m": 1.8,
        "width_status": "ESTIMATED",
        "width_method": "path_class_default",
        "surface_status": "ESTIMATED",
        "surface_method": "buffered_centerline",
        "centerline_length_m": 20.3,
        "centerline_local": {
          "type": "LineString",
          "coordinates": [
            [
              12.37,
              -81.19
            ],
            [
              21.818,
              -84.369
            ],
            [
              31.61,
              -87.662
            ]
          ]
        },
        "tags": {
          "footway": "crossing",
          "highway": "footway",
          "surface": "asphalt"
        }
      },
      "geometry": {
        "type": "Polygon",
        "coordinates": [
          [
            [
              31.896,
              -86.809
            ],
            [
              22.105,
              -83.516
            ],
            [
              12.657,
              -80.337
            ],
            [
              12.083,
              -82.043
            ],
            [
              21.531,
              -85.222
            ],
            [
              31.323,
              -88.515
            ],
            [
              31.896,
              -86.809
            ]
          ]
        ]
      }
    },
    {
      "type": "Feature",
      "id": "osm:way:744615659",
      "properties": {
        "id": "osm:way:744615659",
        "source_ids": [
          "osm:way:744615659",
          "source:osm"
        ],
        "name": null,
        "class": "footway",
        "width_m": 1.8,
        "width_status": "ESTIMATED",
        "width_method": "path_class_default",
        "surface_status": "ESTIMATED",
        "surface_method": "buffered_centerline",
        "centerline_length_m": 20.68,
        "centerline_local": {
          "type": "LineString",
          "coordinates": [
            [
              -14.358,
              -160.175
            ],
            [
              -10.637,
              -149.771
            ],
            [
              -7.648,
              -140.611
            ]
          ]
        },
        "tags": {
          "footway": "crossing",
          "highway": "footway",
          "surface": "asphalt"
        }
      },
      "geometry": {
        "type": "Polygon",
        "coordinates": [
          [
            [
              -8.504,
              -140.332
            ],
            [
              -11.488,
              -149.48
            ],
            [
              -15.206,
              -159.872
            ],
            [
              -13.511,
              -160.478
            ],
            [
              -9.789,
              -150.074
            ],
            [
              -9.781,
              -150.05
            ],
            [
              -6.792,
              -140.891
            ],
            [
              -8.504,
              -140.332
            ]
          ]
        ]
      }
    },
    {
      "type": "Feature",
      "id": "osm:way:744615660",
      "properties": {
        "id": "osm:way:744615660",
        "source_ids": [
          "osm:way:744615660",
          "source:osm"
        ],
        "name": null,
        "class": "footway",
        "width_m": 1.8,
        "width_status": "ESTIMATED",
        "width_method": "path_class_default",
        "surface_status": "ESTIMATED",
        "surface_method": "buffered_centerline",
        "centerline_length_m": 21.0,
        "centerline_local": {
          "type": "LineString",
          "coordinates": [
            [
              5.526,
              -166.918
            ],
            [
              -4.836,
              -163.399
            ],
            [
              -14.358,
              -160.175
            ]
          ]
        },
        "tags": {
          "footway": "crossing",
          "highway": "footway",
          "surface": "asphalt"
        }
      },
      "geometry": {
        "type": "Polygon",
        "coordinates": [
          [
            [
              -14.647,
              -161.027
            ],
            [
              -5.125,
              -164.251
            ],
            [
              5.236,
              -167.77
            ],
            [
              5.815,
              -166.066
            ],
            [
              -4.547,
              -162.547
            ],
            [
              -14.07,
              -159.322
            ],
            [
              -14.647,
              -161.027
            ]
          ]
        ]
      }
    },
    {
      "type": "Feature",
      "id": "osm:way:744615661",
      "properties": {
        "id": "osm:way:744615661",
        "source_ids": [
          "osm:way:744615661",
          "source:osm"
        ],
        "name": null,
        "class": "footway",
        "width_m": 1.8,
        "width_status": "ESTIMATED",
        "width_method": "path_class_default",
        "surface_status": "ESTIMATED",
        "surface_method": "buffered_centerline",
        "centerline_length_m": 20.68,
        "centerline_local": {
          "type": "LineString",
          "coordinates": [
            [
              12.236,
              -147.355
            ],
            [
              9.074,
              -156.557
            ],
            [
              5.526,
              -166.918
            ]
          ]
        },
        "tags": {
          "footway": "crossing",
          "highway": "footway",
          "surface": "asphalt"
        }
      },
      "geometry": {
        "type": "Polygon",
        "coordinates": [
          [
            [
              6.377,
              -167.21
            ],
            [
              9.926,
              -156.849
            ],
            [
              13.087,
              -147.647
            ],
            [
              11.385,
              -147.062
            ],
            [
              8.223,
              -156.266
            ],
            [
              4.674,
              -166.627
            ],
            [
              6.377,
              -167.21
            ]
          ]
        ]
      }
    },
    {
      "type": "Feature",
      "id": "osm:way:744615662",
      "properties": {
        "id": "osm:way:744615662",
        "source_ids": [
          "osm:way:744615662",
          "source:osm"
        ],
        "name": null,
        "class": "footway",
        "width_m": 1.8,
        "width_status": "ESTIMATED",
        "width_method": "path_class_default",
        "surface_status": "ESTIMATED",
        "surface_method": "buffered_centerline",
        "centerline_length_m": 180.18,
        "centerline_local": {
          "type": "LineString",
          "coordinates": [
            [
              -184.696,
              -101.515
            ],
            [
              -149.068,
              -115.023
            ],
            [
              -107.182,
              -129.07
            ],
            [
              -101.41,
              -131.001
            ],
            [
              -96.132,
              -132.772
            ],
            [
              -57.61,
              -145.673
            ],
            [
              -14.358,
              -160.175
            ]
          ]
        },
        "tags": {
          "footway": "sidewalk",
          "highway": "footway"
        }
      },
      "geometry": {
        "type": "Polygon",
        "coordinates": [
          [
            [
              -106.896,
              -128.217
            ],
            [
              -148.765,
              -114.175
            ],
            [
              -184.377,
              -100.674
            ],
            [
              -185.015,
              -102.357
            ],
            [
              -149.387,
              -115.864
            ],
            [
              -149.354,
              -115.876
            ],
            [
              -107.467,
              -129.924
            ],
            [
              -101.696,
              -131.854
            ],
            [
              -96.418,
              -133.626
            ],
            [
              -57.896,
              -146.527
            ],
            [
              -14.644,
              -161.028
            ],
            [
              -14.072,
              -159.322
            ],
            [
              -57.324,
              -144.82
            ],
            [
              -95.846,
              -131.919
            ],
            [
              -101.123,
              -130.147
            ],
            [
              -101.124,
              -130.147
            ],
            [
              -106.896,
              -128.217
            ]
          ]
        ]
      }
    },
    {
      "type": "Feature",
      "id": "osm:way:744615663",
      "properties": {
        "id": "osm:way:744615663",
        "source_ids": [
          "osm:way:744615663",
          "source:osm"
        ],
        "name": null,
        "class": "footway",
        "width_m": 1.8,
        "width_status": "ESTIMATED",
        "width_method": "path_class_default",
        "surface_status": "ESTIMATED",
        "surface_method": "buffered_centerline",
        "centerline_length_m": 21.0,
        "centerline_local": {
          "type": "LineString",
          "coordinates": [
            [
              -7.648,
              -140.611
            ],
            [
              1.756,
              -143.801
            ],
            [
              12.236,
              -147.355
            ]
          ]
        },
        "tags": {
          "footway": "crossing",
          "highway": "footway",
          "surface": "asphalt"
        }
      },
      "geometry": {
        "type": "Polygon",
        "coordinates": [
          [
            [
              12.525,
              -146.502
            ],
            [
              2.045,
              -142.949
            ],
            [
              -7.359,
              -139.759
            ],
            [
              -7.937,
              -141.464
            ],
            [
              1.467,
              -144.654
            ],
            [
              11.947,
              -148.207
            ],
            [
              12.525,
              -146.502
            ]
          ]
        ]
      }
    },
    {
      "type": "Feature",
      "id": "osm:way:744617675",
      "properties": {
        "id": "osm:way:744617675",
        "source_ids": [
          "osm:way:744617675",
          "source:osm"
        ],
        "name": "Bonifacio High Street",
        "class": "pedestrian",
        "width_m": 5.0,
        "width_status": "ESTIMATED",
        "width_method": "path_class_default",
        "surface_status": "ESTIMATED",
        "surface_method": "buffered_centerline",
        "centerline_length_m": 10.14,
        "centerline_local": {
          "type": "LineString",
          "coordinates": [
            [
              42.762,
              -54.071
            ],
            [
              33.142,
              -50.857
            ]
          ]
        },
        "tags": {
          "highway": "pedestrian",
          "name": "Bonifacio High Street",
          "surface": "paving_stones"
        }
      },
      "geometry": {
        "type": "Polygon",
        "coordinates": [
          [
            [
              33.934,
              -48.486
            ],
            [
              32.35,
              -53.228
            ],
            [
              41.97,
              -56.442
            ],
            [
              43.554,
              -51.7
            ],
            [
              33.934,
              -48.486
            ]
          ]
        ]
      }
    },
    {
      "type": "Feature",
      "id": "osm:way:744617676",
      "properties": {
        "id": "osm:way:744617676",
        "source_ids": [
          "osm:way:744617676",
          "source:osm"
        ],
        "name": "Bonifacio High Street",
        "class": "pedestrian",
        "width_m": 5.0,
        "width_status": "ESTIMATED",
        "width_method": "path_class_default",
        "surface_status": "ESTIMATED",
        "surface_method": "buffered_centerline",
        "centerline_length_m": 10.37,
        "centerline_local": {
          "type": "LineString",
          "coordinates": [
            [
              33.142,
              -50.857
            ],
            [
              23.307,
              -47.575
            ]
          ]
        },
        "tags": {
          "highway": "pedestrian",
          "name": "Bonifacio High Street",
          "surface": "paving_stones"
        }
      },
      "geometry": {
        "type": "Polygon",
        "coordinates": [
          [
            [
              24.099,
              -45.203
            ],
            [
              22.516,
              -49.946
            ],
            [
              32.351,
              -53.228
            ],
            [
              33.934,
              -48.486
            ],
            [
              24.099,
              -45.203
            ]
          ]
        ]
      }
    },
    {
      "type": "Feature",
      "id": "osm:way:744617677",
      "properties": {
        "id": "osm:way:744617677",
        "source_ids": [
          "osm:way:744617677",
          "source:osm"
        ],
        "name": "Bonifacio High Street",
        "class": "pedestrian",
        "width_m": 5.0,
        "width_status": "ESTIMATED",
        "width_method": "path_class_default",
        "surface_status": "ESTIMATED",
        "surface_method": "buffered_centerline",
        "centerline_length_m": 10.18,
        "centerline_local": {
          "type": "LineString",
          "coordinates": [
            [
              44.356,
              -17.643
            ],
            [
              46.087,
              -18.145
            ],
            [
              53.975,
              -20.968
            ]
          ]
        },
        "tags": {
          "highway": "pedestrian",
          "name": "Bonifacio High Street",
          "surface": "paving_stones"
        }
      },
      "geometry": {
        "type": "Polygon",
        "coordinates": [
          [
            [
              46.93,
              -15.791
            ],
            [
              46.783,
              -15.743
            ],
            [
              45.052,
              -15.242
            ],
            [
              43.66,
              -20.044
            ],
            [
              45.317,
              -20.524
            ],
            [
              53.133,
              -23.321
            ],
            [
              54.818,
              -18.614
            ],
            [
              46.93,
              -15.791
            ]
          ]
        ]
      }
    },
    {
      "type": "Feature",
      "id": "osm:way:744617678",
      "properties": {
        "id": "osm:way:744617678",
        "source_ids": [
          "osm:way:744617678",
          "source:osm"
        ],
        "name": "Bonifacio High Street",
        "class": "pedestrian",
        "width_m": 5.0,
        "width_status": "ESTIMATED",
        "width_method": "path_class_default",
        "surface_status": "ESTIMATED",
        "surface_method": "buffered_centerline",
        "centerline_length_m": 10.33,
        "centerline_local": {
          "type": "LineString",
          "coordinates": [
            [
              34.587,
              -14.273
            ],
            [
              44.356,
              -17.643
            ]
          ]
        },
        "tags": {
          "highway": "pedestrian",
          "name": "Bonifacio High Street",
          "surface": "paving_stones"
        }
      },
      "geometry": {
        "type": "Polygon",
        "coordinates": [
          [
            [
              43.541,
              -20.006
            ],
            [
              45.172,
              -15.28
            ],
            [
              35.402,
              -11.909
            ],
            [
              33.772,
              -16.636
            ],
            [
              43.541,
              -20.006
            ]
          ]
        ]
      }
    },
    {
      "type": "Feature",
      "id": "osm:way:744617679",
      "properties": {
        "id": "osm:way:744617679",
        "source_ids": [
          "osm:way:744617679",
          "source:osm"
        ],
        "name": null,
        "class": "footway",
        "width_m": 1.8,
        "width_status": "ESTIMATED",
        "width_method": "path_class_default",
        "surface_status": "ESTIMATED",
        "surface_method": "buffered_centerline",
        "centerline_length_m": 34.95,
        "centerline_local": {
          "type": "LineString",
          "coordinates": [
            [
              53.975,
              -20.968
            ],
            [
              44.288,
              -49.569
            ],
            [
              42.762,
              -54.071
            ]
          ]
        },
        "tags": {
          "footway": "sidewalk",
          "highway": "footway",
          "surface": "concrete"
        }
      },
      "geometry": {
        "type": "Polygon",
        "coordinates": [
          [
            [
              43.614,
              -54.36
            ],
            [
              45.141,
              -49.858
            ],
            [
              54.828,
              -21.256
            ],
            [
              53.123,
              -20.679
            ],
            [
              43.436,
              -49.28
            ],
            [
              41.91,
              -53.782
            ],
            [
              43.614,
              -54.36
            ]
          ]
        ]
      }
    },
    {
      "type": "Feature",
      "id": "osm:way:744617680",
      "properties": {
        "id": "osm:way:744617680",
        "source_ids": [
          "osm:way:744617680",
          "source:osm"
        ],
        "name": null,
        "class": "footway",
        "width_m": 1.8,
        "width_status": "ESTIMATED",
        "width_method": "path_class_default",
        "surface_status": "ESTIMATED",
        "surface_method": "buffered_centerline",
        "centerline_length_m": 35.16,
        "centerline_local": {
          "type": "LineString",
          "coordinates": [
            [
              34.587,
              -14.273
            ],
            [
              23.307,
              -47.575
            ]
          ]
        },
        "tags": {
          "footway": "sidewalk",
          "highway": "footway",
          "surface": "concrete"
        }
      },
      "geometry": {
        "type": "Polygon",
        "coordinates": [
          [
            [
              22.455,
              -47.286
            ],
            [
              24.16,
              -47.863
            ],
            [
              35.439,
              -14.561
            ],
            [
              33.734,
              -13.984
            ],
            [
              22.455,
              -47.286
            ]
          ]
        ]
      }
    },
    {
      "type": "Feature",
      "id": "osm:way:744622699",
      "properties": {
        "id": "osm:way:744622699",
        "source_ids": [
          "osm:way:744622699",
          "source:osm"
        ],
        "name": null,
        "class": "footway",
        "width_m": 1.8,
        "width_status": "ESTIMATED",
        "width_method": "path_class_default",
        "surface_status": "ESTIMATED",
        "surface_method": "buffered_centerline",
        "centerline_length_m": 11.53,
        "centerline_local": {
          "type": "LineString",
          "coordinates": [
            [
              46.022,
              19.637
            ],
            [
              47.991,
              25.485
            ],
            [
              49.705,
              30.561
            ]
          ]
        },
        "tags": {
          "crossing": "marked",
          "footway": "crossing",
          "highway": "footway",
          "surface": "asphalt"
        }
      },
      "geometry": {
        "type": "Polygon",
        "coordinates": [
          [
            [
              48.852,
              30.849
            ],
            [
              47.138,
              25.772
            ],
            [
              45.169,
              19.924
            ],
            [
              46.875,
              19.35
            ],
            [
              48.844,
              25.198
            ],
            [
              50.558,
              30.273
            ],
            [
              48.852,
              30.849
            ]
          ]
        ]
      }
    },
    {
      "type": "Feature",
      "id": "osm:way:744622700",
      "properties": {
        "id": "osm:way:744622700",
        "source_ids": [
          "osm:way:744622700",
          "source:osm"
        ],
        "name": null,
        "class": "footway",
        "width_m": 1.8,
        "width_status": "ESTIMATED",
        "width_method": "path_class_default",
        "surface_status": "ESTIMATED",
        "surface_method": "buffered_centerline",
        "centerline_length_m": 20.55,
        "centerline_local": {
          "type": "LineString",
          "coordinates": [
            [
              65.532,
              13.229
            ],
            [
              57.318,
              15.711
            ],
            [
              55.933,
              16.376
            ],
            [
              46.022,
              19.637
            ]
          ]
        },
        "tags": {
          "crossing": "marked",
          "footway": "crossing",
          "highway": "footway",
          "surface": "asphalt"
        }
      },
      "geometry": {
        "type": "Polygon",
        "coordinates": [
          [
            [
              56.992,
              14.872
            ],
            [
              57.057,
              14.85
            ],
            [
              65.271,
              12.367
            ],
            [
              65.792,
              14.09
            ],
            [
              57.644,
              16.553
            ],
            [
              56.322,
              17.187
            ],
            [
              56.214,
              17.231
            ],
            [
              46.304,
              20.492
            ],
            [
              45.741,
              18.782
            ],
            [
              55.596,
              15.539
            ],
            [
              56.928,
              14.9
            ],
            [
              56.992,
              14.872
            ]
          ]
        ]
      }
    },
    {
      "type": "Feature",
      "id": "osm:way:744622701",
      "properties": {
        "id": "osm:way:744622701",
        "source_ids": [
          "osm:way:744622701",
          "source:osm"
        ],
        "name": null,
        "class": "footway",
        "width_m": 1.8,
        "width_status": "ESTIMATED",
        "width_method": "path_class_default",
        "surface_status": "ESTIMATED",
        "surface_method": "buffered_centerline",
        "centerline_length_m": 11.34,
        "centerline_local": {
          "type": "LineString",
          "coordinates": [
            [
              69.202,
              23.954
            ],
            [
              67.38,
              18.824
            ],
            [
              65.532,
              13.229
            ]
          ]
        },
        "tags": {
          "crossing": "marked",
          "footway": "crossing",
          "highway": "footway",
          "surface": "asphalt"
        }
      },
      "geometry": {
        "type": "Polygon",
        "coordinates": [
          [
            [
              66.386,
              12.946
            ],
            [
              68.231,
              18.532
            ],
            [
              70.05,
              23.653
            ],
            [
              68.354,
              24.255
            ],
            [
              66.531,
              19.125
            ],
            [
              66.525,
              19.106
            ],
            [
              64.677,
              13.511
            ],
            [
              66.386,
              12.946
            ]
          ]
        ]
      }
    },
    {
      "type": "Feature",
      "id": "osm:way:744622702",
      "properties": {
        "id": "osm:way:744622702",
        "source_ids": [
          "osm:way:744622702",
          "source:osm"
        ],
        "name": null,
        "class": "footway",
        "width_m": 1.8,
        "width_status": "ESTIMATED",
        "width_method": "path_class_default",
        "surface_status": "ESTIMATED",
        "surface_method": "buffered_centerline",
        "centerline_length_m": 20.59,
        "centerline_local": {
          "type": "LineString",
          "coordinates": [
            [
              49.705,
              30.561
            ],
            [
              59.593,
              27.212
            ],
            [
              61.419,
              26.422
            ],
            [
              69.202,
              23.954
            ]
          ]
        },
        "tags": {
          "crossing": "marked",
          "footway": "crossing",
          "highway": "footway",
          "surface": "asphalt"
        }
      },
      "geometry": {
        "type": "Polygon",
        "coordinates": [
          [
            [
              59.951,
              28.038
            ],
            [
              59.882,
              28.064
            ],
            [
              49.994,
              31.414
            ],
            [
              49.416,
              29.709
            ],
            [
              59.27,
              26.371
            ],
            [
              61.061,
              25.596
            ],
            [
              61.147,
              25.564
            ],
            [
              68.93,
              23.096
            ],
            [
              69.474,
              24.812
            ],
            [
              61.735,
              27.266
            ],
            [
              59.951,
              28.038
            ]
          ]
        ]
      }
    },
    {
      "type": "Feature",
      "id": "osm:way:744632147",
      "properties": {
        "id": "osm:way:744632147",
        "source_ids": [
          "osm:way:744632147",
          "source:osm"
        ],
        "name": null,
        "class": "footway",
        "width_m": 1.8,
        "width_status": "ESTIMATED",
        "width_method": "path_class_default",
        "surface_status": "ESTIMATED",
        "surface_method": "buffered_centerline",
        "centerline_length_m": 35.39,
        "centerline_local": {
          "type": "LineString",
          "coordinates": [
            [
              42.762,
              -54.071
            ],
            [
              31.61,
              -87.662
            ]
          ]
        },
        "tags": {
          "footway": "sidewalk",
          "highway": "footway",
          "surface": "concrete"
        }
      },
      "geometry": {
        "type": "Polygon",
        "coordinates": [
          [
            [
              30.755,
              -87.378
            ],
            [
              32.464,
              -87.946
            ],
            [
              43.616,
              -54.355
            ],
            [
              41.908,
              -53.787
            ],
            [
              30.755,
              -87.378
            ]
          ]
        ]
      }
    },
    {
      "type": "Feature",
      "id": "osm:way:744632148",
      "properties": {
        "id": "osm:way:744632148",
        "source_ids": [
          "osm:way:744632148",
          "source:osm"
        ],
        "name": null,
        "class": "footway",
        "width_m": 1.8,
        "width_status": "ESTIMATED",
        "width_method": "path_class_default",
        "surface_status": "ESTIMATED",
        "surface_method": "buffered_centerline",
        "centerline_length_m": 35.35,
        "centerline_local": {
          "type": "LineString",
          "coordinates": [
            [
              23.307,
              -47.575
            ],
            [
              22.599,
              -49.727
            ],
            [
              18.016,
              -63.808
            ],
            [
              12.37,
              -81.19
            ]
          ]
        },
        "tags": {
          "footway": "sidewalk",
          "highway": "footway",
          "surface": "concrete"
        }
      },
      "geometry": {
        "type": "Polygon",
        "coordinates": [
          [
            [
              18.872,
              -64.087
            ],
            [
              23.454,
              -50.007
            ],
            [
              24.162,
              -47.856
            ],
            [
              22.453,
              -47.293
            ],
            [
              21.744,
              -49.445
            ],
            [
              21.743,
              -49.448
            ],
            [
              17.16,
              -63.53
            ],
            [
              11.514,
              -80.912
            ],
            [
              13.226,
              -81.468
            ],
            [
              18.872,
              -64.087
            ]
          ]
        ]
      }
    },
    {
      "type": "Feature",
      "id": "osm:way:744632149",
      "properties": {
        "id": "osm:way:744632149",
        "source_ids": [
          "osm:way:744632149",
          "source:osm"
        ],
        "name": null,
        "class": "footway",
        "width_m": 1.8,
        "width_status": "ESTIMATED",
        "width_method": "path_class_default",
        "surface_status": "ESTIMATED",
        "surface_method": "buffered_centerline",
        "centerline_length_m": 36.1,
        "centerline_local": {
          "type": "LineString",
          "coordinates": [
            [
              53.975,
              -20.968
            ],
            [
              65.532,
              13.229
            ]
          ]
        },
        "tags": {
          "footway": "sidewalk",
          "highway": "footway",
          "surface": "concrete"
        }
      },
      "geometry": {
        "type": "Polygon",
        "coordinates": [
          [
            [
              66.384,
              12.94
            ],
            [
              64.679,
              13.517
            ],
            [
              53.123,
              -20.679
            ],
            [
              54.828,
              -21.256
            ],
            [
              66.384,
              12.94
            ]
          ]
        ]
      }
    },
    {
      "type": "Feature",
      "id": "osm:way:744632150",
      "properties": {
        "id": "osm:way:744632150",
        "source_ids": [
          "osm:way:744632150",
          "source:osm"
        ],
        "name": null,
        "class": "footway",
        "width_m": 1.8,
        "width_status": "ESTIMATED",
        "width_method": "path_class_default",
        "surface_status": "ESTIMATED",
        "surface_method": "buffered_centerline",
        "centerline_length_m": 35.79,
        "centerline_local": {
          "type": "LineString",
          "coordinates": [
            [
              34.587,
              -14.273
            ],
            [
              46.022,
              19.637
            ]
          ]
        },
        "tags": {
          "footway": "sidewalk",
          "highway": "footway",
          "surface": "concrete"
        }
      },
      "geometry": {
        "type": "Polygon",
        "coordinates": [
          [
            [
              46.875,
              19.349
            ],
            [
              45.169,
              19.924
            ],
            [
              33.734,
              -13.985
            ],
            [
              35.44,
              -14.56
            ],
            [
              46.875,
              19.349
            ]
          ]
        ]
      }
    },
    {
      "type": "Feature",
      "id": "osm:way:744632151",
      "properties": {
        "id": "osm:way:744632151",
        "source_ids": [
          "osm:way:744632151",
          "source:osm"
        ],
        "name": null,
        "class": "footway",
        "width_m": 1.8,
        "width_status": "ESTIMATED",
        "width_method": "path_class_default",
        "surface_status": "ESTIMATED",
        "surface_method": "buffered_centerline",
        "centerline_length_m": 49.22,
        "centerline_local": {
          "type": "LineString",
          "coordinates": [
            [
              69.202,
              23.954
            ],
            [
              84.66,
              70.688
            ]
          ]
        },
        "tags": {
          "footway": "sidewalk",
          "highway": "footway",
          "surface": "concrete"
        }
      },
      "geometry": {
        "type": "Polygon",
        "coordinates": [
          [
            [
              85.514,
              70.405
            ],
            [
              83.805,
              70.971
            ],
            [
              68.347,
              24.236
            ],
            [
              70.056,
              23.671
            ],
            [
              85.514,
              70.405
            ]
          ]
        ]
      }
    },
    {
      "type": "Feature",
      "id": "osm:way:744632152",
      "properties": {
        "id": "osm:way:744632152",
        "source_ids": [
          "osm:way:744632152",
          "source:osm"
        ],
        "name": null,
        "class": "footway",
        "width_m": 1.8,
        "width_status": "ESTIMATED",
        "width_method": "path_class_default",
        "surface_status": "ESTIMATED",
        "surface_method": "buffered_centerline",
        "centerline_length_m": 49.14,
        "centerline_local": {
          "type": "LineString",
          "coordinates": [
            [
              65.463,
              77.105
            ],
            [
              49.705,
              30.561
            ]
          ]
        },
        "tags": {
          "footway": "sidewalk",
          "highway": "footway",
          "surface": "concrete"
        }
      },
      "geometry": {
        "type": "Polygon",
        "coordinates": [
          [
            [
              48.853,
              30.85
            ],
            [
              50.558,
              30.273
            ],
            [
              66.316,
              76.816
            ],
            [
              64.611,
              77.393
            ],
            [
              48.853,
              30.85
            ]
          ]
        ]
      }
    },
    {
      "type": "Feature",
      "id": "osm:way:744632153",
      "properties": {
        "id": "osm:way:744632153",
        "source_ids": [
          "osm:way:744632153",
          "source:osm"
        ],
        "name": null,
        "class": "footway",
        "width_m": 1.8,
        "width_status": "ESTIMATED",
        "width_method": "path_class_default",
        "surface_status": "ESTIMATED",
        "surface_method": "buffered_centerline",
        "centerline_length_m": 46.6,
        "centerline_local": {
          "type": "LineString",
          "coordinates": [
            [
              86.93,
              140.797
            ],
            [
              72.162,
              96.602
            ]
          ]
        },
        "tags": {
          "footway": "sidewalk",
          "highway": "footway",
          "surface": "concrete"
        }
      },
      "geometry": {
        "type": "Polygon",
        "coordinates": [
          [
            [
              71.308,
              96.887
            ],
            [
              73.016,
              96.317
            ],
            [
              87.783,
              140.512
            ],
            [
              86.076,
              141.082
            ],
            [
              71.308,
              96.887
            ]
          ]
        ]
      }
    },
    {
      "type": "Feature",
      "id": "osm:way:744632155",
      "properties": {
        "id": "osm:way:744632155",
        "source_ids": [
          "osm:way:744632155",
          "source:osm"
        ],
        "name": null,
        "class": "footway",
        "width_m": 1.8,
        "width_status": "ESTIMATED",
        "width_method": "path_class_default",
        "surface_status": "ESTIMATED",
        "surface_method": "buffered_centerline",
        "centerline_length_m": 82.21,
        "centerline_local": {
          "type": "LineString",
          "coordinates": [
            [
              117.64,
              168.594
            ],
            [
              111.303,
              149.807
            ],
            [
              106.061,
              134.27
            ],
            [
              91.524,
              90.638
            ]
          ]
        },
        "tags": {
          "footway": "sidewalk",
          "highway": "footway",
          "surface": "concrete"
        }
      },
      "geometry": {
        "type": "Polygon",
        "coordinates": [
          [
            [
              106.914,
              133.984
            ],
            [
              112.156,
              149.519
            ],
            [
              118.493,
              168.306
            ],
            [
              116.787,
              168.882
            ],
            [
              110.45,
              150.095
            ],
            [
              105.208,
              134.558
            ],
            [
              105.207,
              134.555
            ],
            [
              90.67,
              90.922
            ],
            [
              92.378,
              90.353
            ],
            [
              106.914,
              133.984
            ]
          ]
        ]
      }
    },
    {
      "type": "Feature",
      "id": "osm:way:744632166",
      "properties": {
        "id": "osm:way:744632166",
        "source_ids": [
          "osm:way:744632166",
          "source:osm"
        ],
        "name": null,
        "class": "footway",
        "width_m": 1.8,
        "width_status": "ESTIMATED",
        "width_method": "path_class_default",
        "surface_status": "ESTIMATED",
        "surface_method": "buffered_centerline",
        "centerline_length_m": 16.34,
        "centerline_local": {
          "type": "LineString",
          "coordinates": [
            [
              86.93,
              140.797
            ],
            [
              87.935,
              143.699
            ],
            [
              89.417,
              148.002
            ],
            [
              92.268,
              156.244
            ]
          ]
        },
        "tags": {
          "crossing": "traffic_signals",
          "footway": "crossing",
          "highway": "footway",
          "surface": "asphalt"
        }
      },
      "geometry": {
        "type": "Polygon",
        "coordinates": [
          [
            [
              88.566,
              148.295
            ],
            [
              87.085,
              143.993
            ],
            [
              86.079,
              141.092
            ],
            [
              87.78,
              140.502
            ],
            [
              88.786,
              143.404
            ],
            [
              88.786,
              143.406
            ],
            [
              90.267,
              147.708
            ],
            [
              93.119,
              155.95
            ],
            [
              91.418,
              156.538
            ],
            [
              88.566,
              148.296
            ],
            [
              88.566,
              148.295
            ]
          ]
        ]
      }
    },
    {
      "type": "Feature",
      "id": "osm:way:744632169",
      "properties": {
        "id": "osm:way:744632169",
        "source_ids": [
          "osm:way:744632169",
          "source:osm"
        ],
        "name": null,
        "class": "footway",
        "width_m": 1.8,
        "width_status": "ESTIMATED",
        "width_method": "path_class_default",
        "surface_status": "ESTIMATED",
        "surface_method": "buffered_centerline",
        "centerline_length_m": 21.1,
        "centerline_local": {
          "type": "LineString",
          "coordinates": [
            [
              91.524,
              90.638
            ],
            [
              87.922,
              80.366
            ],
            [
              84.66,
              70.688
            ]
          ]
        },
        "tags": {
          "crossing": "traffic_signals",
          "footway": "crossing",
          "highway": "footway",
          "surface": "asphalt"
        }
      },
      "geometry": {
        "type": "Polygon",
        "coordinates": [
          [
            [
              85.513,
              70.401
            ],
            [
              88.773,
              80.073
            ],
            [
              92.373,
              90.34
            ],
            [
              90.675,
              90.935
            ],
            [
              87.073,
              80.663
            ],
            [
              87.07,
              80.653
            ],
            [
              83.807,
              70.976
            ],
            [
              85.513,
              70.401
            ]
          ]
        ]
      }
    },
    {
      "type": "Feature",
      "id": "osm:way:744632170",
      "properties": {
        "id": "osm:way:744632170",
        "source_ids": [
          "osm:way:744632170",
          "source:osm"
        ],
        "name": null,
        "class": "footway",
        "width_m": 1.8,
        "width_status": "ESTIMATED",
        "width_method": "path_class_default",
        "surface_status": "ESTIMATED",
        "surface_method": "buffered_centerline",
        "centerline_length_m": 20.27,
        "centerline_local": {
          "type": "LineString",
          "coordinates": [
            [
              72.162,
              96.602
            ],
            [
              81.891,
              93.553
            ],
            [
              83.43,
              93.219
            ],
            [
              91.524,
              90.638
            ]
          ]
        },
        "tags": {
          "crossing": "traffic_signals",
          "footway": "crossing",
          "highway": "footway",
          "surface": "asphalt"
        }
      },
      "geometry": {
        "type": "Polygon",
        "coordinates": [
          [
            [
              83.62,
              94.098
            ],
            [
              82.121,
              94.424
            ],
            [
              72.431,
              97.461
            ],
            [
              71.893,
              95.743
            ],
            [
              81.622,
              92.694
            ],
            [
              81.7,
              92.673
            ],
            [
              83.197,
              92.348
            ],
            [
              91.251,
              89.78
            ],
            [
              91.798,
              91.495
            ],
            [
              83.703,
              94.076
            ],
            [
              83.62,
              94.098
            ]
          ]
        ]
      }
    },
    {
      "type": "Feature",
      "id": "osm:way:744632171",
      "properties": {
        "id": "osm:way:744632171",
        "source_ids": [
          "osm:way:744632171",
          "source:osm"
        ],
        "name": null,
        "class": "footway",
        "width_m": 1.8,
        "width_status": "ESTIMATED",
        "width_method": "path_class_default",
        "surface_status": "ESTIMATED",
        "surface_method": "buffered_centerline",
        "centerline_length_m": 20.62,
        "centerline_local": {
          "type": "LineString",
          "coordinates": [
            [
              65.463,
              77.105
            ],
            [
              68.877,
              86.869
            ],
            [
              72.162,
              96.602
            ]
          ]
        },
        "tags": {
          "crossing": "traffic_signals",
          "footway": "crossing",
          "highway": "footway",
          "surface": "asphalt"
        }
      },
      "geometry": {
        "type": "Polygon",
        "coordinates": [
          [
            [
              71.309,
              96.89
            ],
            [
              68.026,
              87.162
            ],
            [
              64.614,
              77.402
            ],
            [
              66.313,
              76.808
            ],
            [
              69.727,
              86.572
            ],
            [
              69.73,
              86.582
            ],
            [
              73.015,
              96.314
            ],
            [
              71.309,
              96.89
            ]
          ]
        ]
      }
    },
    {
      "type": "Feature",
      "id": "osm:way:744632172",
      "properties": {
        "id": "osm:way:744632172",
        "source_ids": [
          "osm:way:744632172",
          "source:osm"
        ],
        "name": null,
        "class": "footway",
        "width_m": 1.8,
        "width_status": "ESTIMATED",
        "width_method": "path_class_default",
        "surface_status": "ESTIMATED",
        "surface_method": "buffered_centerline",
        "centerline_length_m": 20.24,
        "centerline_local": {
          "type": "LineString",
          "coordinates": [
            [
              84.66,
              70.688
            ],
            [
              76.985,
              73.177
            ],
            [
              75.266,
              73.834
            ],
            [
              65.463,
              77.105
            ]
          ]
        },
        "tags": {
          "crossing": "traffic_signals",
          "footway": "crossing",
          "highway": "footway",
          "surface": "asphalt"
        }
      },
      "geometry": {
        "type": "Polygon",
        "coordinates": [
          [
            [
              76.664,
              72.337
            ],
            [
              76.707,
              72.321
            ],
            [
              84.382,
              69.832
            ],
            [
              84.937,
              71.544
            ],
            [
              77.284,
              74.026
            ],
            [
              75.587,
              74.675
            ],
            [
              75.551,
              74.688
            ],
            [
              65.748,
              77.958
            ],
            [
              65.178,
              76.251
            ],
            [
              74.963,
              72.986
            ],
            [
              76.664,
              72.337
            ]
          ]
        ]
      }
    },
    {
      "type": "Feature",
      "id": "osm:way:744634702",
      "properties": {
        "id": "osm:way:744634702",
        "source_ids": [
          "osm:way:744634702",
          "source:osm"
        ],
        "name": null,
        "class": "footway",
        "width_m": 1.8,
        "width_status": "ESTIMATED",
        "width_method": "path_class_default",
        "surface_status": "ESTIMATED",
        "surface_method": "buffered_centerline",
        "centerline_length_m": 20.43,
        "centerline_local": {
          "type": "LineString",
          "coordinates": [
            [
              98.942,
              175.553
            ],
            [
              92.268,
              156.244
            ]
          ]
        },
        "tags": {
          "footway": "sidewalk",
          "highway": "footway",
          "surface": "concrete"
        }
      },
      "geometry": {
        "type": "Polygon",
        "coordinates": [
          [
            [
              91.417,
              156.538
            ],
            [
              93.119,
              155.95
            ],
            [
              99.792,
              175.259
            ],
            [
              98.091,
              175.847
            ],
            [
              91.417,
              156.538
            ]
          ]
        ]
      }
    },
    {
      "type": "Feature",
      "id": "osm:way:744637582",
      "properties": {
        "id": "osm:way:744637582",
        "source_ids": [
          "osm:way:744637582",
          "source:osm"
        ],
        "name": null,
        "class": "footway",
        "width_m": 1.8,
        "width_status": "ESTIMATED",
        "width_method": "path_class_default",
        "surface_status": "ESTIMATED",
        "surface_method": "buffered_centerline",
        "centerline_length_m": 10.33,
        "centerline_local": {
          "type": "LineString",
          "coordinates": [
            [
              -38.38,
              49.64
            ],
            [
              -36.81,
              54.275
            ],
            [
              -35.063,
              59.428
            ]
          ]
        },
        "tags": {
          "footway": "crossing",
          "highway": "footway",
          "surface": "asphalt"
        }
      },
      "geometry": {
        "type": "Polygon",
        "coordinates": [
          [
            [
              -35.915,
              59.717
            ],
            [
              -37.663,
              54.564
            ],
            [
              -39.233,
              49.929
            ],
            [
              -37.528,
              49.351
            ],
            [
              -35.958,
              53.986
            ],
            [
              -34.211,
              59.139
            ],
            [
              -35.915,
              59.717
            ]
          ]
        ]
      }
    },
    {
      "type": "Feature",
      "id": "osm:way:744637583",
      "properties": {
        "id": "osm:way:744637583",
        "source_ids": [
          "osm:way:744637583",
          "source:osm"
        ],
        "name": null,
        "class": "footway",
        "width_m": 1.8,
        "width_status": "ESTIMATED",
        "width_method": "path_class_default",
        "surface_status": "ESTIMATED",
        "surface_method": "buffered_centerline",
        "centerline_length_m": 21.62,
        "centerline_local": {
          "type": "LineString",
          "coordinates": [
            [
              -25.356,
              108.048
            ],
            [
              -22.245,
              117.627
            ],
            [
              -18.658,
              128.608
            ]
          ]
        },
        "tags": {
          "footway": "crossing",
          "highway": "footway",
          "surface": "asphalt"
        }
      },
      "geometry": {
        "type": "Polygon",
        "coordinates": [
          [
            [
              -23.1,
              117.907
            ],
            [
              -23.101,
              117.905
            ],
            [
              -26.212,
              108.326
            ],
            [
              -24.5,
              107.77
            ],
            [
              -21.389,
              117.349
            ],
            [
              -17.803,
              128.328
            ],
            [
              -19.514,
              128.887
            ],
            [
              -23.1,
              117.907
            ]
          ]
        ]
      }
    },
    {
      "type": "Feature",
      "id": "osm:way:744637584",
      "properties": {
        "id": "osm:way:744637584",
        "source_ids": [
          "osm:way:744637584",
          "source:osm"
        ],
        "name": null,
        "class": "footway",
        "width_m": 1.8,
        "width_status": "ESTIMATED",
        "width_method": "path_class_default",
        "surface_status": "ESTIMATED",
        "surface_method": "buffered_centerline",
        "centerline_length_m": 12.42,
        "centerline_local": {
          "type": "LineString",
          "coordinates": [
            [
              -13.531,
              104.251
            ],
            [
              -19.196,
              106.07
            ],
            [
              -25.356,
              108.048
            ]
          ]
        },
        "tags": {
          "footway": "sidewalk",
          "highway": "footway",
          "surface": "concrete"
        }
      },
      "geometry": {
        "type": "Polygon",
        "coordinates": [
          [
            [
              -25.631,
              107.191
            ],
            [
              -19.471,
              105.213
            ],
            [
              -13.806,
              103.394
            ],
            [
              -13.256,
              105.108
            ],
            [
              -18.921,
              106.927
            ],
            [
              -25.08,
              108.905
            ],
            [
              -25.631,
              107.191
            ]
          ]
        ]
      }
    },
    {
      "type": "Feature",
      "id": "osm:way:744637585",
      "properties": {
        "id": "osm:way:744637585",
        "source_ids": [
          "osm:way:744637585",
          "source:osm"
        ],
        "name": null,
        "class": "footway",
        "width_m": 1.8,
        "width_status": "ESTIMATED",
        "width_method": "path_class_default",
        "surface_status": "ESTIMATED",
        "surface_method": "buffered_centerline",
        "centerline_length_m": 21.3,
        "centerline_local": {
          "type": "LineString",
          "coordinates": [
            [
              -6.912,
              124.501
            ],
            [
              -10.465,
              113.653
            ],
            [
              -13.531,
              104.251
            ]
          ]
        },
        "tags": {
          "footway": "crossing",
          "highway": "footway",
          "surface": "asphalt"
        }
      },
      "geometry": {
        "type": "Polygon",
        "coordinates": [
          [
            [
              -12.675,
              103.972
            ],
            [
              -9.609,
              113.374
            ],
            [
              -6.057,
              124.221
            ],
            [
              -7.767,
              124.782
            ],
            [
              -11.32,
              113.934
            ],
            [
              -11.321,
              113.932
            ],
            [
              -14.387,
              104.53
            ],
            [
              -12.675,
              103.972
            ]
          ]
        ]
      }
    },
    {
      "type": "Feature",
      "id": "osm:way:744637586",
      "properties": {
        "id": "osm:way:744637586",
        "source_ids": [
          "osm:way:744637586",
          "source:osm"
        ],
        "name": null,
        "class": "footway",
        "width_m": 1.8,
        "width_status": "ESTIMATED",
        "width_method": "path_class_default",
        "surface_status": "ESTIMATED",
        "surface_method": "buffered_centerline",
        "centerline_length_m": 12.44,
        "centerline_local": {
          "type": "LineString",
          "coordinates": [
            [
              -18.658,
              128.608
            ],
            [
              -12.533,
              126.486
            ],
            [
              -6.912,
              124.501
            ]
          ]
        },
        "tags": {
          "footway": "sidewalk",
          "highway": "footway",
          "surface": "concrete"
        }
      },
      "geometry": {
        "type": "Polygon",
        "coordinates": [
          [
            [
              -12.233,
              127.335
            ],
            [
              -12.238,
              127.337
            ],
            [
              -18.364,
              129.458
            ],
            [
              -18.953,
              127.757
            ],
            [
              -12.83,
              125.637
            ],
            [
              -7.212,
              123.653
            ],
            [
              -6.612,
              125.35
            ],
            [
              -12.233,
              127.335
            ]
          ]
        ]
      }
    },
    {
      "type": "Feature",
      "id": "osm:way:744640940",
      "properties": {
        "id": "osm:way:744640940",
        "source_ids": [
          "osm:way:744640940",
          "source:osm"
        ],
        "name": null,
        "class": "footway",
        "width_m": 1.8,
        "width_status": "ESTIMATED",
        "width_method": "path_class_default",
        "surface_status": "ESTIMATED",
        "surface_method": "buffered_centerline",
        "centerline_length_m": 19.8,
        "centerline_local": {
          "type": "LineString",
          "coordinates": [
            [
              -98.423,
              153.869
            ],
            [
              -108.323,
              157.141
            ],
            [
              -117.156,
              160.27
            ]
          ]
        },
        "tags": {
          "crossing": "traffic_signals",
          "footway": "crossing",
          "highway": "footway",
          "surface": "asphalt"
        }
      },
      "geometry": {
        "type": "Polygon",
        "coordinates": [
          [
            [
              -108.623,
              156.292
            ],
            [
              -108.605,
              156.286
            ],
            [
              -98.706,
              153.014
            ],
            [
              -98.141,
              154.723
            ],
            [
              -108.031,
              157.992
            ],
            [
              -116.856,
              161.119
            ],
            [
              -117.457,
              159.422
            ],
            [
              -108.623,
              156.292
            ]
          ]
        ]
      }
    },
    {
      "type": "Feature",
      "id": "osm:way:744640941",
      "properties": {
        "id": "osm:way:744640941",
        "source_ids": [
          "osm:way:744640941",
          "source:osm"
        ],
        "name": null,
        "class": "footway",
        "width_m": 1.8,
        "width_status": "ESTIMATED",
        "width_method": "path_class_default",
        "surface_status": "ESTIMATED",
        "surface_method": "buffered_centerline",
        "centerline_length_m": 19.66,
        "centerline_local": {
          "type": "LineString",
          "coordinates": [
            [
              -123.756,
              141.005
            ],
            [
              -114.781,
              138.073
            ],
            [
              -105.075,
              134.88
            ]
          ]
        },
        "tags": {
          "crossing": "traffic_signals",
          "footway": "crossing",
          "highway": "footway",
          "surface": "asphalt"
        }
      },
      "geometry": {
        "type": "Polygon",
        "coordinates": [
          [
            [
              -114.5,
              138.928
            ],
            [
              -114.501,
              138.928
            ],
            [
              -123.477,
              141.86
            ],
            [
              -124.036,
              140.149
            ],
            [
              -115.061,
              137.218
            ],
            [
              -105.356,
              134.025
            ],
            [
              -104.793,
              135.735
            ],
            [
              -114.5,
              138.928
            ]
          ]
        ]
      }
    },
    {
      "type": "Feature",
      "id": "osm:way:744640942",
      "properties": {
        "id": "osm:way:744640942",
        "source_ids": [
          "osm:way:744640942",
          "source:osm"
        ],
        "name": null,
        "class": "footway",
        "width_m": 1.8,
        "width_status": "ESTIMATED",
        "width_method": "path_class_default",
        "surface_status": "ESTIMATED",
        "surface_method": "buffered_centerline",
        "centerline_length_m": 20.12,
        "centerline_local": {
          "type": "LineString",
          "coordinates": [
            [
              -105.075,
              134.88
            ],
            [
              -101.727,
              144.457
            ],
            [
              -98.423,
              153.869
            ]
          ]
        },
        "tags": {
          "crossing": "traffic_signals",
          "footway": "crossing",
          "highway": "footway",
          "surface": "asphalt"
        }
      },
      "geometry": {
        "type": "Polygon",
        "coordinates": [
          [
            [
              -102.576,
              144.755
            ],
            [
              -102.576,
              144.754
            ],
            [
              -105.924,
              135.177
            ],
            [
              -104.225,
              134.583
            ],
            [
              -100.877,
              144.16
            ],
            [
              -97.574,
              153.571
            ],
            [
              -99.272,
              154.167
            ],
            [
              -102.576,
              144.755
            ]
          ]
        ]
      }
    },
    {
      "type": "Feature",
      "id": "osm:way:744640945",
      "properties": {
        "id": "osm:way:744640945",
        "source_ids": [
          "osm:way:744640945",
          "source:osm"
        ],
        "name": null,
        "class": "footway",
        "width_m": 1.8,
        "width_status": "ESTIMATED",
        "width_method": "path_class_default",
        "surface_status": "ESTIMATED",
        "surface_method": "buffered_centerline",
        "centerline_length_m": 83.66,
        "centerline_local": {
          "type": "LineString",
          "coordinates": [
            [
              -18.658,
              128.608
            ],
            [
              -65.368,
              144.523
            ],
            [
              -97.87,
              155.513
            ]
          ]
        },
        "tags": {
          "footway": "sidewalk",
          "highway": "footway",
          "surface": "concrete"
        }
      },
      "geometry": {
        "type": "Polygon",
        "coordinates": [
          [
            [
              -98.158,
              154.66
            ],
            [
              -65.657,
              143.67
            ],
            [
              -18.949,
              127.756
            ],
            [
              -18.368,
              129.46
            ],
            [
              -65.078,
              145.374
            ],
            [
              -65.08,
              145.375
            ],
            [
              -97.582,
              156.365
            ],
            [
              -98.158,
              154.66
            ]
          ]
        ]
      }
    },
    {
      "type": "Feature",
      "id": "osm:way:744640946",
      "properties": {
        "id": "osm:way:744640946",
        "source_ids": [
          "osm:way:744640946",
          "source:osm"
        ],
        "name": null,
        "class": "footway",
        "width_m": 1.8,
        "width_status": "ESTIMATED",
        "width_method": "path_class_default",
        "surface_status": "ESTIMATED",
        "surface_method": "buffered_centerline",
        "centerline_length_m": 61.69,
        "centerline_local": {
          "type": "LineString",
          "coordinates": [
            [
              72.162,
              96.602
            ],
            [
              13.946,
              117.019
            ]
          ]
        },
        "tags": {
          "footway": "sidewalk",
          "highway": "footway",
          "surface": "concrete"
        }
      },
      "geometry": {
        "type": "Polygon",
        "coordinates": [
          [
            [
              14.244,
              117.868
            ],
            [
              13.648,
              116.17
            ],
            [
              71.864,
              95.753
            ],
            [
              72.46,
              97.451
            ],
            [
              14.244,
              117.868
            ]
          ]
        ]
      }
    },
    {
      "type": "Feature",
      "id": "osm:way:744645963",
      "properties": {
        "id": "osm:way:744645963",
        "source_ids": [
          "osm:way:744645963",
          "source:osm"
        ],
        "name": null,
        "class": "footway",
        "width_m": 1.8,
        "width_status": "ESTIMATED",
        "width_method": "path_class_default",
        "surface_status": "ESTIMATED",
        "surface_method": "buffered_centerline",
        "centerline_length_m": 50.14,
        "centerline_local": {
          "type": "LineString",
          "coordinates": [
            [
              -14.358,
              -160.175
            ],
            [
              -20.117,
              -176.836
            ],
            [
              -30.728,
              -207.565
            ]
          ]
        },
        "tags": {
          "footway": "sidewalk",
          "highway": "footway",
          "surface": "concrete"
        }
      },
      "geometry": {
        "type": "Polygon",
        "coordinates": [
          [
            [
              -29.877,
              -207.859
            ],
            [
              -19.266,
              -177.13
            ],
            [
              -13.508,
              -160.469
            ],
            [
              -15.209,
              -159.881
            ],
            [
              -20.967,
              -176.542
            ],
            [
              -31.578,
              -207.272
            ],
            [
              -29.877,
              -207.859
            ]
          ]
        ]
      }
    },
    {
      "type": "Feature",
      "id": "osm:way:745356299",
      "properties": {
        "id": "osm:way:745356299",
        "source_ids": [
          "osm:way:745356299",
          "source:osm"
        ],
        "name": null,
        "class": "footway",
        "width_m": 1.8,
        "width_status": "ESTIMATED",
        "width_method": "path_class_default",
        "surface_status": "ESTIMATED",
        "surface_method": "buffered_centerline",
        "centerline_length_m": 24.58,
        "centerline_local": {
          "type": "LineString",
          "coordinates": [
            [
              -90.605,
              177.174
            ],
            [
              -92.782,
              170.686
            ],
            [
              -96.211,
              160.468
            ],
            [
              -97.87,
              155.513
            ],
            [
              -98.423,
              153.869
            ]
          ]
        },
        "tags": {
          "footway": "sidewalk",
          "highway": "footway",
          "surface": "concrete"
        }
      },
      "geometry": {
        "type": "Polygon",
        "coordinates": [
          [
            [
              -95.358,
              160.181
            ],
            [
              -91.929,
              170.4
            ],
            [
              -89.752,
              176.888
            ],
            [
              -91.459,
              177.46
            ],
            [
              -93.635,
              170.972
            ],
            [
              -97.064,
              160.753
            ],
            [
              -98.723,
              155.799
            ],
            [
              -99.276,
              154.156
            ],
            [
              -97.57,
              153.582
            ],
            [
              -97.017,
              155.226
            ],
            [
              -97.017,
              155.227
            ],
            [
              -95.358,
              160.181
            ]
          ]
        ]
      }
    },
    {
      "type": "Feature",
      "id": "osm:way:745356301",
      "properties": {
        "id": "osm:way:745356301",
        "source_ids": [
          "osm:way:745356301",
          "source:osm"
        ],
        "name": null,
        "class": "footway",
        "width_m": 1.8,
        "width_status": "ESTIMATED",
        "width_method": "path_class_default",
        "surface_status": "ESTIMATED",
        "surface_method": "buffered_centerline",
        "centerline_length_m": 64.24,
        "centerline_local": {
          "type": "LineString",
          "coordinates": [
            [
              31.184,
              176.133
            ],
            [
              92.268,
              156.244
            ]
          ]
        },
        "tags": {
          "footway": "sidewalk",
          "highway": "footway",
          "surface": "concrete"
        }
      },
      "geometry": {
        "type": "Polygon",
        "coordinates": [
          [
            [
              91.989,
              155.388
            ],
            [
              92.547,
              157.1
            ],
            [
              31.463,
              176.988
            ],
            [
              30.905,
              175.277
            ],
            [
              91.989,
              155.388
            ]
          ]
        ]
      }
    },
    {
      "type": "Feature",
      "id": "osm:way:745356302",
      "properties": {
        "id": "osm:way:745356302",
        "source_ids": [
          "osm:way:745356302",
          "source:osm"
        ],
        "name": null,
        "class": "footway",
        "width_m": 1.8,
        "width_status": "ESTIMATED",
        "width_method": "path_class_default",
        "surface_status": "ESTIMATED",
        "surface_method": "buffered_centerline",
        "centerline_length_m": 4.44,
        "centerline_local": {
          "type": "LineString",
          "coordinates": [
            [
              3.948,
              176.366
            ],
            [
              2.55,
              172.15
            ]
          ]
        },
        "tags": {
          "highway": "footway",
          "surface": "asphalt"
        }
      },
      "geometry": {
        "type": "Polygon",
        "coordinates": [
          [
            [
              1.696,
              172.433
            ],
            [
              3.404,
              171.867
            ],
            [
              4.802,
              176.082
            ],
            [
              3.094,
              176.649
            ],
            [
              1.696,
              172.433
            ]
          ]
        ]
      }
    },
    {
      "type": "Feature",
      "id": "osm:way:745356304",
      "properties": {
        "id": "osm:way:745356304",
        "source_ids": [
          "osm:way:745356304",
          "source:osm"
        ],
        "name": null,
        "class": "footway",
        "width_m": 1.8,
        "width_status": "ESTIMATED",
        "width_method": "path_class_default",
        "surface_status": "ESTIMATED",
        "surface_method": "buffered_centerline",
        "centerline_length_m": 103.25,
        "centerline_local": {
          "type": "LineString",
          "coordinates": [
            [
              87.935,
              143.699
            ],
            [
              2.55,
              172.15
            ],
            [
              -9.972,
              176.485
            ]
          ]
        },
        "tags": {
          "footway": "sidewalk",
          "highway": "footway",
          "surface": "concrete"
        }
      },
      "geometry": {
        "type": "Polygon",
        "coordinates": [
          [
            [
              2.255,
              171.3
            ],
            [
              2.265,
              171.296
            ],
            [
              87.651,
              142.845
            ],
            [
              88.22,
              144.553
            ],
            [
              2.839,
              173.002
            ],
            [
              -9.677,
              177.335
            ],
            [
              -10.266,
              175.634
            ],
            [
              2.255,
              171.3
            ]
          ]
        ]
      }
    },
    {
      "type": "Feature",
      "id": "osm:way:745362500",
      "properties": {
        "id": "osm:way:745362500",
        "source_ids": [
          "osm:way:745362500",
          "source:osm"
        ],
        "name": null,
        "class": "footway",
        "width_m": 1.8,
        "width_status": "ESTIMATED",
        "width_method": "path_class_default",
        "surface_status": "ESTIMATED",
        "surface_method": "buffered_centerline",
        "centerline_length_m": 3.89,
        "centerline_local": {
          "type": "LineString",
          "coordinates": [
            [
              -64.162,
              148.219
            ],
            [
              -65.368,
              144.523
            ]
          ]
        },
        "tags": {
          "highway": "footway",
          "surface": "asphalt"
        }
      },
      "geometry": {
        "type": "Polygon",
        "coordinates": [
          [
            [
              -66.224,
              144.802
            ],
            [
              -64.513,
              144.243
            ],
            [
              -63.306,
              147.94
            ],
            [
              -65.017,
              148.499
            ],
            [
              -66.224,
              144.802
            ]
          ]
        ]
      }
    },
    {
      "type": "Feature",
      "id": "osm:way:745362501",
      "properties": {
        "id": "osm:way:745362501",
        "source_ids": [
          "osm:way:745362501",
          "source:osm"
        ],
        "name": null,
        "class": "footway",
        "width_m": 1.8,
        "width_status": "ESTIMATED",
        "width_method": "path_class_default",
        "surface_status": "ESTIMATED",
        "surface_method": "buffered_centerline",
        "centerline_length_m": 145.89,
        "centerline_local": {
          "type": "LineString",
          "coordinates": [
            [
              -123.756,
              141.005
            ],
            [
              -139.304,
              95.101
            ],
            [
              -142.921,
              84.42
            ],
            [
              -156.539,
              43.624
            ],
            [
              -165.578,
              17.684
            ],
            [
              -170.556,
              2.831
            ]
          ]
        },
        "tags": {
          "footway": "sidewalk",
          "highway": "footway",
          "surface": "concrete"
        }
      },
      "geometry": {
        "type": "Polygon",
        "coordinates": [
          [
            [
              -142.067,
              84.133
            ],
            [
              -138.452,
              94.813
            ],
            [
              -122.904,
              140.716
            ],
            [
              -124.609,
              141.294
            ],
            [
              -140.157,
              95.39
            ],
            [
              -143.773,
              84.709
            ],
            [
              -143.774,
              84.705
            ],
            [
              -157.39,
              43.914
            ],
            [
              -166.428,
              17.98
            ],
            [
              -166.431,
              17.97
            ],
            [
              -171.409,
              3.117
            ],
            [
              -169.702,
              2.545
            ],
            [
              -164.726,
              17.393
            ],
            [
              -155.689,
              43.328
            ],
            [
              -155.685,
              43.339
            ],
            [
              -142.067,
              84.133
            ]
          ]
        ]
      }
    },
    {
      "type": "Feature",
      "id": "osm:way:745362503",
      "properties": {
        "id": "osm:way:745362503",
        "source_ids": [
          "osm:way:745362503",
          "source:osm"
        ],
        "name": null,
        "class": "footway",
        "width_m": 1.8,
        "width_status": "ESTIMATED",
        "width_method": "path_class_default",
        "surface_status": "ESTIMATED",
        "surface_method": "buffered_centerline",
        "centerline_length_m": 19.91,
        "centerline_local": {
          "type": "LineString",
          "coordinates": [
            [
              -178.466,
              -82.601
            ],
            [
              -181.73,
              -92.522
            ],
            [
              -182.107,
              -93.669
            ],
            [
              -184.696,
              -101.515
            ]
          ]
        },
        "tags": {
          "footway": "crossing",
          "highway": "footway",
          "surface": "asphalt"
        }
      },
      "geometry": {
        "type": "Polygon",
        "coordinates": [
          [
            [
              -181.251,
              -93.95
            ],
            [
              -180.875,
              -92.802
            ],
            [
              -177.611,
              -82.882
            ],
            [
              -179.32,
              -82.319
            ],
            [
              -182.585,
              -92.24
            ],
            [
              -182.586,
              -92.241
            ],
            [
              -182.962,
              -93.388
            ],
            [
              -185.551,
              -101.233
            ],
            [
              -183.841,
              -101.797
            ],
            [
              -181.252,
              -93.951
            ],
            [
              -181.251,
              -93.95
            ]
          ]
        ]
      }
    },
    {
      "type": "Feature",
      "id": "osm:way:745362504",
      "properties": {
        "id": "osm:way:745362504",
        "source_ids": [
          "osm:way:745362504",
          "source:osm"
        ],
        "name": null,
        "class": "footway",
        "width_m": 1.8,
        "width_status": "ESTIMATED",
        "width_method": "path_class_default",
        "surface_status": "ESTIMATED",
        "surface_method": "buffered_centerline",
        "centerline_length_m": 48.99,
        "centerline_local": {
          "type": "LineString",
          "coordinates": [
            [
              -163.009,
              -36.11
            ],
            [
              -178.466,
              -82.601
            ]
          ]
        },
        "tags": {
          "footway": "sidewalk",
          "highway": "footway",
          "surface": "concrete"
        }
      },
      "geometry": {
        "type": "Polygon",
        "coordinates": [
          [
            [
              -179.32,
              -82.317
            ],
            [
              -177.612,
              -82.885
            ],
            [
              -162.155,
              -36.394
            ],
            [
              -163.863,
              -35.826
            ],
            [
              -179.32,
              -82.317
            ]
          ]
        ]
      }
    },
    {
      "type": "Feature",
      "id": "osm:way:745362505",
      "properties": {
        "id": "osm:way:745362505",
        "source_ids": [
          "osm:way:745362505",
          "source:osm"
        ],
        "name": null,
        "class": "footway",
        "width_m": 1.8,
        "width_status": "ESTIMATED",
        "width_method": "path_class_default",
        "surface_status": "ESTIMATED",
        "surface_method": "buffered_centerline",
        "centerline_length_m": 12.37,
        "centerline_local": {
          "type": "LineString",
          "coordinates": [
            [
              -159.093,
              -24.38
            ],
            [
              -161.206,
              -30.725
            ],
            [
              -163.009,
              -36.11
            ]
          ]
        },
        "tags": {
          "footway": "crossing",
          "highway": "footway",
          "surface": "asphalt"
        }
      },
      "geometry": {
        "type": "Polygon",
        "coordinates": [
          [
            [
              -160.353,
              -31.011
            ],
            [
              -160.352,
              -31.009
            ],
            [
              -158.239,
              -24.664
            ],
            [
              -159.947,
              -24.096
            ],
            [
              -162.06,
              -30.44
            ],
            [
              -163.863,
              -35.824
            ],
            [
              -162.156,
              -36.396
            ],
            [
              -160.353,
              -31.011
            ]
          ]
        ]
      }
    },
    {
      "type": "Feature",
      "id": "osm:way:745362506",
      "properties": {
        "id": "osm:way:745362506",
        "source_ids": [
          "osm:way:745362506",
          "source:osm"
        ],
        "name": null,
        "class": "footway",
        "width_m": 1.8,
        "width_status": "ESTIMATED",
        "width_method": "path_class_default",
        "surface_status": "ESTIMATED",
        "surface_method": "buffered_centerline",
        "centerline_length_m": 10.98,
        "centerline_local": {
          "type": "LineString",
          "coordinates": [
            [
              -121.239,
              88.783
            ],
            [
              -122.976,
              83.585
            ],
            [
              -124.713,
              78.366
            ]
          ]
        },
        "tags": {
          "footway": "crossing",
          "highway": "footway",
          "surface": "asphalt"
        }
      },
      "geometry": {
        "type": "Polygon",
        "coordinates": [
          [
            [
              -123.859,
              78.082
            ],
            [
              -122.122,
              83.301
            ],
            [
              -120.385,
              88.498
            ],
            [
              -122.092,
              89.068
            ],
            [
              -123.829,
              83.871
            ],
            [
              -123.829,
              83.87
            ],
            [
              -125.566,
              78.65
            ],
            [
              -123.859,
              78.082
            ]
          ]
        ]
      }
    },
    {
      "type": "Feature",
      "id": "osm:way:745362507",
      "properties": {
        "id": "osm:way:745362507",
        "source_ids": [
          "osm:way:745362507",
          "source:osm"
        ],
        "name": null,
        "class": "footway",
        "width_m": 1.8,
        "width_status": "ESTIMATED",
        "width_method": "path_class_default",
        "surface_status": "ESTIMATED",
        "surface_method": "buffered_centerline",
        "centerline_length_m": 48.85,
        "centerline_local": {
          "type": "LineString",
          "coordinates": [
            [
              -105.075,
              134.88
            ],
            [
              -121.239,
              88.783
            ]
          ]
        },
        "tags": {
          "footway": "sidewalk",
          "highway": "footway",
          "surface": "concrete"
        }
      },
      "geometry": {
        "type": "Polygon",
        "coordinates": [
          [
            [
              -122.088,
              89.081
            ],
            [
              -120.389,
              88.485
            ],
            [
              -104.225,
              134.582
            ],
            [
              -105.924,
              135.178
            ],
            [
              -122.088,
              89.081
            ]
          ]
        ]
      }
    },
    {
      "type": "Feature",
      "id": "osm:way:745362508",
      "properties": {
        "id": "osm:way:745362508",
        "source_ids": [
          "osm:way:745362508",
          "source:osm"
        ],
        "name": null,
        "class": "footway",
        "width_m": 1.8,
        "width_status": "ESTIMATED",
        "width_method": "path_class_default",
        "surface_status": "ESTIMATED",
        "surface_method": "buffered_centerline",
        "centerline_length_m": 108.35,
        "centerline_local": {
          "type": "LineString",
          "coordinates": [
            [
              -124.713,
              78.366
            ],
            [
              -136.792,
              42.26
            ],
            [
              -138.224,
              37.381
            ],
            [
              -143.142,
              23.291
            ],
            [
              -147.377,
              10.811
            ],
            [
              -147.722,
              9.585
            ],
            [
              -159.093,
              -24.38
            ]
          ]
        },
        "tags": {
          "footway": "sidewalk",
          "highway": "footway",
          "surface": "concrete"
        }
      },
      "geometry": {
        "type": "Polygon",
        "coordinates": [
          [
            [
              -137.361,
              37.127
            ],
            [
              -135.933,
              41.99
            ],
            [
              -123.859,
              78.08
            ],
            [
              -125.566,
              78.651
            ],
            [
              -137.646,
              42.545
            ],
            [
              -137.656,
              42.513
            ],
            [
              -139.082,
              37.656
            ],
            [
              -143.991,
              23.587
            ],
            [
              -143.994,
              23.58
            ],
            [
              -148.229,
              11.1
            ],
            [
              -148.243,
              11.054
            ],
            [
              -148.582,
              9.85
            ],
            [
              -159.947,
              -24.094
            ],
            [
              -158.24,
              -24.666
            ],
            [
              -146.868,
              9.3
            ],
            [
              -146.855,
              9.342
            ],
            [
              -146.517,
              10.544
            ],
            [
              -142.291,
              22.998
            ],
            [
              -137.375,
              37.084
            ],
            [
              -137.361,
              37.127
            ]
          ]
        ]
      }
    },
    {
      "type": "Feature",
      "id": "osm:way:745365882",
      "properties": {
        "id": "osm:way:745365882",
        "source_ids": [
          "osm:way:745365882",
          "source:osm"
        ],
        "name": "Bonifacio High Street",
        "class": "pedestrian",
        "width_m": 5.0,
        "width_status": "ESTIMATED",
        "width_method": "path_class_default",
        "surface_status": "ESTIMATED",
        "surface_method": "buffered_centerline",
        "centerline_length_m": 8.1,
        "centerline_local": {
          "type": "LineString",
          "coordinates": [
            [
              -147.722,
              9.585
            ],
            [
              -140.136,
              6.743
            ]
          ]
        },
        "tags": {
          "highway": "pedestrian",
          "name": "Bonifacio High Street",
          "surface": "concrete"
        }
      },
      "geometry": {
        "type": "Polygon",
        "coordinates": [
          [
            [
              -141.013,
              4.402
            ],
            [
              -139.259,
              9.084
            ],
            [
              -146.844,
              11.926
            ],
            [
              -148.599,
              7.244
            ],
            [
              -141.013,
              4.402
            ]
          ]
        ]
      }
    },
    {
      "type": "Feature",
      "id": "osm:way:745365883",
      "properties": {
        "id": "osm:way:745365883",
        "source_ids": [
          "osm:way:745365883",
          "source:osm"
        ],
        "name": "Bonifacio High Street",
        "class": "pedestrian",
        "width_m": 5.0,
        "width_status": "ESTIMATED",
        "width_method": "path_class_default",
        "surface_status": "ESTIMATED",
        "surface_method": "buffered_centerline",
        "centerline_length_m": 7.72,
        "centerline_local": {
          "type": "LineString",
          "coordinates": [
            [
              -172.92,
              20.06
            ],
            [
              -165.578,
              17.684
            ]
          ]
        },
        "tags": {
          "highway": "pedestrian",
          "name": "Bonifacio High Street",
          "surface": "concrete"
        }
      },
      "geometry": {
        "type": "Polygon",
        "coordinates": [
          [
            [
              -166.348,
              15.305
            ],
            [
              -164.808,
              20.062
            ],
            [
              -172.15,
              22.438
            ],
            [
              -173.689,
              17.681
            ],
            [
              -166.348,
              15.305
            ]
          ]
        ]
      }
    },
    {
      "type": "Feature",
      "id": "osm:way:745365884",
      "properties": {
        "id": "osm:way:745365884",
        "source_ids": [
          "osm:way:745365884",
          "source:osm"
        ],
        "name": "Bonifacio High Street",
        "class": "pedestrian",
        "width_m": 5.0,
        "width_status": "ESTIMATED",
        "width_method": "path_class_default",
        "surface_status": "ESTIMATED",
        "surface_method": "buffered_centerline",
        "centerline_length_m": 2.37,
        "centerline_local": {
          "type": "LineString",
          "coordinates": [
            [
              -136.792,
              42.26
            ],
            [
              -134.579,
              41.411
            ]
          ]
        },
        "tags": {
          "highway": "pedestrian",
          "name": "Bonifacio High Street"
        }
      },
      "geometry": {
        "type": "Polygon",
        "coordinates": [
          [
            [
              -135.474,
              39.077
            ],
            [
              -133.684,
              43.745
            ],
            [
              -135.897,
              44.594
            ],
            [
              -137.688,
              39.926
            ],
            [
              -135.474,
              39.077
            ]
          ]
        ]
      }
    },
    {
      "type": "Feature",
      "id": "osm:way:745365885",
      "properties": {
        "id": "osm:way:745365885",
        "source_ids": [
          "osm:way:745365885",
          "source:osm"
        ],
        "name": "Bonifacio High Street",
        "class": "footway",
        "width_m": 1.8,
        "width_status": "ESTIMATED",
        "width_method": "path_class_default",
        "surface_status": "ESTIMATED",
        "surface_method": "buffered_centerline",
        "centerline_length_m": 19.35,
        "centerline_local": {
          "type": "LineString",
          "coordinates": [
            [
              -156.539,
              43.624
            ],
            [
              -147.564,
              40.57
            ],
            [
              -138.224,
              37.381
            ]
          ]
        },
        "tags": {
          "footway": "crossing",
          "highway": "footway",
          "name": "Bonifacio High Street",
          "surface": "paving_stones"
        }
      },
      "geometry": {
        "type": "Polygon",
        "coordinates": [
          [
            [
              -147.273,
              41.422
            ],
            [
              -147.274,
              41.422
            ],
            [
              -156.249,
              44.476
            ],
            [
              -156.829,
              42.772
            ],
            [
              -147.855,
              39.718
            ],
            [
              -138.515,
              36.529
            ],
            [
              -137.934,
              38.232
            ],
            [
              -147.273,
              41.422
            ]
          ]
        ]
      }
    },
    {
      "type": "Feature",
      "id": "osm:way:745365886",
      "properties": {
        "id": "osm:way:745365886",
        "source_ids": [
          "osm:way:745365886",
          "source:osm"
        ],
        "name": null,
        "class": "footway",
        "width_m": 1.8,
        "width_status": "ESTIMATED",
        "width_method": "path_class_default",
        "surface_status": "ESTIMATED",
        "surface_method": "buffered_centerline",
        "centerline_length_m": 19.64,
        "centerline_local": {
          "type": "LineString",
          "coordinates": [
            [
              -163.009,
              -36.11
            ],
            [
              -172.478,
              -32.908
            ],
            [
              -181.614,
              -29.809
            ]
          ]
        },
        "tags": {
          "footway": "crossing",
          "highway": "footway",
          "surface": "asphalt"
        }
      },
      "geometry": {
        "type": "Polygon",
        "coordinates": [
          [
            [
              -181.903,
              -30.661
            ],
            [
              -172.767,
              -33.761
            ],
            [
              -163.298,
              -36.963
            ],
            [
              -162.721,
              -35.257
            ],
            [
              -172.19,
              -32.056
            ],
            [
              -181.325,
              -28.957
            ],
            [
              -181.903,
              -30.661
            ]
          ]
        ]
      }
    },
    {
      "type": "Feature",
      "id": "osm:way:745365887",
      "properties": {
        "id": "osm:way:745365887",
        "source_ids": [
          "osm:way:745365887",
          "source:osm"
        ],
        "name": null,
        "class": "footway",
        "width_m": 1.8,
        "width_status": "ESTIMATED",
        "width_method": "path_class_default",
        "surface_status": "ESTIMATED",
        "surface_method": "buffered_centerline",
        "centerline_length_m": 19.59,
        "centerline_local": {
          "type": "LineString",
          "coordinates": [
            [
              -159.093,
              -24.38
            ],
            [
              -168.616,
              -21.156
            ],
            [
              -177.655,
              -18.101
            ]
          ]
        },
        "tags": {
          "footway": "crossing",
          "highway": "footway",
          "surface": "asphalt"
        }
      },
      "geometry": {
        "type": "Polygon",
        "coordinates": [
          [
            [
              -177.943,
              -18.954
            ],
            [
              -168.904,
              -22.008
            ],
            [
              -159.382,
              -25.232
            ],
            [
              -158.804,
              -23.527
            ],
            [
              -168.328,
              -20.303
            ],
            [
              -177.367,
              -17.249
            ],
            [
              -177.943,
              -18.954
            ]
          ]
        ]
      }
    },
    {
      "type": "Feature",
      "id": "osm:way:745377157",
      "properties": {
        "id": "osm:way:745377157",
        "source_ids": [
          "osm:way:745377157",
          "source:osm"
        ],
        "name": null,
        "class": "footway",
        "width_m": 1.8,
        "width_status": "ESTIMATED",
        "width_method": "path_class_default",
        "surface_status": "ESTIMATED",
        "surface_method": "buffered_centerline",
        "centerline_length_m": 16.42,
        "centerline_local": {
          "type": "LineString",
          "coordinates": [
            [
              -204.634,
              -161.557
            ],
            [
              -203.727,
              -158.843
            ],
            [
              -202.056,
              -153.822
            ],
            [
              -200.629,
              -149.529
            ],
            [
              -199.445,
              -145.976
            ]
          ]
        },
        "tags": {
          "footway": "crossing",
          "highway": "footway",
          "surface": "asphalt"
        }
      },
      "geometry": {
        "type": "Polygon",
        "coordinates": [
          [
            [
              -202.91,
              -153.538
            ],
            [
              -204.581,
              -158.558
            ],
            [
              -205.488,
              -161.272
            ],
            [
              -203.78,
              -161.843
            ],
            [
              -202.873,
              -159.128
            ],
            [
              -202.873,
              -159.127
            ],
            [
              -201.202,
              -154.106
            ],
            [
              -199.775,
              -149.813
            ],
            [
              -198.591,
              -146.26
            ],
            [
              -200.299,
              -145.692
            ],
            [
              -201.483,
              -149.245
            ],
            [
              -202.91,
              -153.538
            ]
          ]
        ]
      }
    },
    {
      "type": "Feature",
      "id": "osm:way:745377158",
      "properties": {
        "id": "osm:way:745377158",
        "source_ids": [
          "osm:way:745377158",
          "source:osm"
        ],
        "name": null,
        "class": "footway",
        "width_m": 1.8,
        "width_status": "ESTIMATED",
        "width_method": "path_class_default",
        "surface_status": "ESTIMATED",
        "surface_method": "buffered_centerline",
        "centerline_length_m": 21.66,
        "centerline_local": {
          "type": "LineString",
          "coordinates": [
            [
              -225.475,
              -155.813
            ],
            [
              -214.909,
              -158.061
            ],
            [
              -204.634,
              -161.557
            ]
          ]
        },
        "tags": {
          "footway": "crossing",
          "highway": "footway",
          "surface": "asphalt"
        }
      },
      "geometry": {
        "type": "Polygon",
        "coordinates": [
          [
            [
              -214.619,
              -157.209
            ],
            [
              -214.722,
              -157.181
            ],
            [
              -225.288,
              -154.932
            ],
            [
              -225.662,
              -156.693
            ],
            [
              -215.148,
              -158.93
            ],
            [
              -204.924,
              -162.409
            ],
            [
              -204.344,
              -160.705
            ],
            [
              -214.619,
              -157.209
            ]
          ]
        ]
      }
    },
    {
      "type": "Feature",
      "id": "osm:way:745377159",
      "properties": {
        "id": "osm:way:745377159",
        "source_ids": [
          "osm:way:745377159",
          "source:osm"
        ],
        "name": null,
        "class": "footway",
        "width_m": 1.8,
        "width_status": "ESTIMATED",
        "width_method": "path_class_default",
        "surface_status": "ESTIMATED",
        "surface_method": "buffered_centerline",
        "centerline_length_m": 20.42,
        "centerline_local": {
          "type": "LineString",
          "coordinates": [
            [
              -218.748,
              -139.326
            ],
            [
              -209.634,
              -142.469
            ],
            [
              -199.445,
              -145.976
            ]
          ]
        },
        "tags": {
          "footway": "crossing",
          "highway": "footway",
          "surface": "asphalt"
        }
      },
      "geometry": {
        "type": "Polygon",
        "coordinates": [
          [
            [
              -199.152,
              -145.125
            ],
            [
              -209.341,
              -141.618
            ],
            [
              -218.454,
              -138.475
            ],
            [
              -219.041,
              -140.177
            ],
            [
              -209.927,
              -143.32
            ],
            [
              -199.738,
              -146.827
            ],
            [
              -199.152,
              -145.125
            ]
          ]
        ]
      }
    },
    {
      "type": "Feature",
      "id": "osm:way:745377160",
      "properties": {
        "id": "osm:way:745377160",
        "source_ids": [
          "osm:way:745377160",
          "source:osm"
        ],
        "name": null,
        "class": "footway",
        "width_m": 1.8,
        "width_status": "ESTIMATED",
        "width_method": "path_class_default",
        "surface_status": "ESTIMATED",
        "surface_method": "buffered_centerline",
        "centerline_length_m": 46.84,
        "centerline_local": {
          "type": "LineString",
          "coordinates": [
            [
              -199.445,
              -145.976
            ],
            [
              -191.667,
              -122.571
            ],
            [
              -187.419,
              -109.836
            ],
            [
              -184.696,
              -101.515
            ]
          ]
        },
        "tags": {
          "footway": "sidewalk",
          "highway": "footway"
        }
      },
      "geometry": {
        "type": "Polygon",
        "coordinates": [
          [
            [
              -192.521,
              -122.286
            ],
            [
              -192.521,
              -122.287
            ],
            [
              -200.299,
              -145.692
            ],
            [
              -198.591,
              -146.26
            ],
            [
              -190.813,
              -122.855
            ],
            [
              -186.565,
              -110.121
            ],
            [
              -186.564,
              -110.116
            ],
            [
              -183.841,
              -101.795
            ],
            [
              -185.551,
              -101.235
            ],
            [
              -188.274,
              -109.554
            ],
            [
              -192.521,
              -122.286
            ]
          ]
        ]
      }
    },
    {
      "type": "Feature",
      "id": "osm:way:745377164",
      "properties": {
        "id": "osm:way:745377164",
        "source_ids": [
          "osm:way:745377164",
          "source:osm"
        ],
        "name": null,
        "class": "footway",
        "width_m": 1.8,
        "width_status": "ESTIMATED",
        "width_method": "path_class_default",
        "surface_status": "ESTIMATED",
        "surface_method": "buffered_centerline",
        "centerline_length_m": 19.9,
        "centerline_local": {
          "type": "LineString",
          "coordinates": [
            [
              -197.578,
              -76.384
            ],
            [
              -200.732,
              -85.974
            ],
            [
              -201.23,
              -87.485
            ],
            [
              -203.808,
              -95.287
            ]
          ]
        },
        "tags": {
          "footway": "crossing",
          "highway": "footway",
          "surface": "asphalt"
        }
      },
      "geometry": {
        "type": "Polygon",
        "coordinates": [
          [
            [
              -200.375,
              -87.767
            ],
            [
              -199.877,
              -86.255
            ],
            [
              -196.723,
              -76.665
            ],
            [
              -198.433,
              -76.103
            ],
            [
              -201.587,
              -85.692
            ],
            [
              -202.085,
              -87.204
            ],
            [
              -204.663,
              -95.005
            ],
            [
              -202.954,
              -95.57
            ],
            [
              -200.375,
              -87.767
            ]
          ]
        ]
      }
    },
    {
      "type": "Feature",
      "id": "osm:way:745377168",
      "properties": {
        "id": "osm:way:745377168",
        "source_ids": [
          "osm:way:745377168",
          "source:osm"
        ],
        "name": "8th Avenue",
        "class": "pedestrian",
        "width_m": 5.0,
        "width_status": "ESTIMATED",
        "width_method": "path_class_default",
        "surface_status": "ESTIMATED",
        "surface_method": "buffered_centerline",
        "centerline_length_m": 49.27,
        "centerline_local": {
          "type": "LineString",
          "coordinates": [
            [
              -35.063,
              59.428
            ],
            [
              -19.196,
              106.07
            ]
          ]
        },
        "tags": {
          "highway": "pedestrian",
          "name": "8th Avenue",
          "surface": "concrete"
        }
      },
      "geometry": {
        "type": "Polygon",
        "coordinates": [
          [
            [
              -16.829,
              105.265
            ],
            [
              -21.563,
              106.875
            ],
            [
              -37.43,
              60.233
            ],
            [
              -32.696,
              58.623
            ],
            [
              -16.829,
              105.265
            ]
          ]
        ]
      }
    },
    {
      "type": "Feature",
      "id": "osm:way:745377169",
      "properties": {
        "id": "osm:way:745377169",
        "source_ids": [
          "osm:way:745377169",
          "source:osm"
        ],
        "name": null,
        "class": "footway",
        "width_m": 1.8,
        "width_status": "ESTIMATED",
        "width_method": "path_class_default",
        "surface_status": "ESTIMATED",
        "surface_method": "buffered_centerline",
        "centerline_length_m": 19.14,
        "centerline_local": {
          "type": "LineString",
          "coordinates": [
            [
              -139.304,
              95.101
            ],
            [
              -130.471,
              91.927
            ],
            [
              -121.239,
              88.783
            ]
          ]
        },
        "tags": {
          "footway": "crossing",
          "highway": "footway",
          "surface": "concrete"
        }
      },
      "geometry": {
        "type": "Polygon",
        "coordinates": [
          [
            [
              -120.949,
              89.635
            ],
            [
              -130.174,
              92.777
            ],
            [
              -139.0,
              95.948
            ],
            [
              -139.609,
              94.254
            ],
            [
              -130.775,
              91.08
            ],
            [
              -130.761,
              91.075
            ],
            [
              -121.529,
              87.931
            ],
            [
              -120.949,
              89.635
            ]
          ]
        ]
      }
    },
    {
      "type": "Feature",
      "id": "osm:way:745492918",
      "properties": {
        "id": "osm:way:745492918",
        "source_ids": [
          "osm:way:745492918",
          "source:osm"
        ],
        "name": null,
        "class": "footway",
        "width_m": 1.8,
        "width_status": "ESTIMATED",
        "width_method": "path_class_default",
        "surface_status": "ESTIMATED",
        "surface_method": "buffered_centerline",
        "centerline_length_m": 102.58,
        "centerline_local": {
          "type": "LineString",
          "coordinates": [
            [
              -218.748,
              -139.326
            ],
            [
              -225.475,
              -155.813
            ],
            [
              -230.49,
              -173.819
            ],
            [
              -251.601,
              -236.441
            ]
          ]
        },
        "tags": {
          "footway": "sidewalk",
          "highway": "footway",
          "surface": "concrete"
        }
      },
      "geometry": {
        "type": "Polygon",
        "coordinates": [
          [
            [
              -229.624,
              -174.061
            ],
            [
              -224.622,
              -156.104
            ],
            [
              -217.914,
              -139.666
            ],
            [
              -219.581,
              -138.986
            ],
            [
              -226.308,
              -155.473
            ],
            [
              -226.342,
              -155.571
            ],
            [
              -231.351,
              -173.554
            ],
            [
              -252.454,
              -236.153
            ],
            [
              -250.748,
              -236.728
            ],
            [
              -229.638,
              -174.107
            ],
            [
              -229.624,
              -174.061
            ]
          ]
        ]
      }
    },
    {
      "type": "Feature",
      "id": "osm:way:745492919",
      "properties": {
        "id": "osm:way:745492919",
        "source_ids": [
          "osm:way:745492919",
          "source:osm"
        ],
        "name": null,
        "class": "footway",
        "width_m": 1.8,
        "width_status": "ESTIMATED",
        "width_method": "path_class_default",
        "surface_status": "ESTIMATED",
        "surface_method": "buffered_centerline",
        "centerline_length_m": 46.5,
        "centerline_local": {
          "type": "LineString",
          "coordinates": [
            [
              -203.808,
              -95.287
            ],
            [
              -218.748,
              -139.326
            ]
          ]
        },
        "tags": {
          "footway": "sidewalk",
          "highway": "footway",
          "surface": "concrete"
        }
      },
      "geometry": {
        "type": "Polygon",
        "coordinates": [
          [
            [
              -219.6,
              -139.037
            ],
            [
              -217.895,
              -139.615
            ],
            [
              -202.956,
              -95.577
            ],
            [
              -204.661,
              -94.998
            ],
            [
              -219.6,
              -139.037
            ]
          ]
        ]
      }
    },
    {
      "type": "Feature",
      "id": "osm:way:745492920",
      "properties": {
        "id": "osm:way:745492920",
        "source_ids": [
          "osm:way:745492920",
          "source:osm"
        ],
        "name": null,
        "class": "footway",
        "width_m": 1.8,
        "width_status": "ESTIMATED",
        "width_method": "path_class_default",
        "surface_status": "ESTIMATED",
        "surface_method": "buffered_centerline",
        "centerline_length_m": 79.26,
        "centerline_local": {
          "type": "LineString",
          "coordinates": [
            [
              -230.055,
              -236.625
            ],
            [
              -224.339,
              -219.609
            ],
            [
              -218.767,
              -203.345
            ],
            [
              -204.634,
              -161.557
            ]
          ]
        },
        "tags": {
          "footway": "sidewalk",
          "highway": "footway",
          "surface": "concrete"
        }
      },
      "geometry": {
        "type": "Polygon",
        "coordinates": [
          [
            [
              -225.191,
              -219.318
            ],
            [
              -225.193,
              -219.323
            ],
            [
              -230.908,
              -236.338
            ],
            [
              -229.202,
              -236.912
            ],
            [
              -223.487,
              -219.899
            ],
            [
              -217.916,
              -203.637
            ],
            [
              -217.915,
              -203.634
            ],
            [
              -203.781,
              -161.846
            ],
            [
              -205.487,
              -161.269
            ],
            [
              -219.619,
              -203.055
            ],
            [
              -225.191,
              -219.318
            ]
          ]
        ]
      }
    },
    {
      "type": "Feature",
      "id": "osm:way:745542365",
      "properties": {
        "id": "osm:way:745542365",
        "source_ids": [
          "osm:way:745542365",
          "source:osm"
        ],
        "name": null,
        "class": "footway",
        "width_m": 1.8,
        "width_status": "ESTIMATED",
        "width_method": "path_class_default",
        "surface_status": "ESTIMATED",
        "surface_method": "buffered_centerline",
        "centerline_length_m": 7.24,
        "centerline_local": {
          "type": "LineString",
          "coordinates": [
            [
              -365.843,
              -14.908
            ],
            [
              -372.611,
              -12.349
            ]
          ]
        },
        "tags": {
          "crossing": "traffic_signals",
          "footway": "crossing",
          "highway": "footway"
        }
      },
      "geometry": {
        "type": "Polygon",
        "coordinates": [
          [
            [
              -372.293,
              -11.507
            ],
            [
              -372.93,
              -13.191
            ],
            [
              -366.161,
              -15.75
            ],
            [
              -365.524,
              -14.066
            ],
            [
              -372.293,
              -11.507
            ]
          ]
        ]
      }
    },
    {
      "type": "Feature",
      "id": "osm:way:745542366",
      "properties": {
        "id": "osm:way:745542366",
        "source_ids": [
          "osm:way:745542366",
          "source:osm"
        ],
        "name": null,
        "class": "footway",
        "width_m": 1.8,
        "width_status": "ESTIMATED",
        "width_method": "path_class_default",
        "surface_status": "ESTIMATED",
        "surface_method": "buffered_centerline",
        "centerline_length_m": 22.07,
        "centerline_local": {
          "type": "LineString",
          "coordinates": [
            [
              -358.582,
              5.935
            ],
            [
              -362.406,
              -5.022
            ],
            [
              -365.843,
              -14.908
            ]
          ]
        },
        "tags": {
          "crossing": "traffic_signals",
          "footway": "crossing",
          "highway": "footway"
        }
      },
      "geometry": {
        "type": "Polygon",
        "coordinates": [
          [
            [
              -364.992,
              -15.203
            ],
            [
              -361.556,
              -5.318
            ],
            [
              -357.732,
              5.638
            ],
            [
              -359.432,
              6.231
            ],
            [
              -363.255,
              -4.725
            ],
            [
              -363.256,
              -4.726
            ],
            [
              -366.693,
              -14.612
            ],
            [
              -364.992,
              -15.203
            ]
          ]
        ]
      }
    },
    {
      "type": "Feature",
      "id": "osm:way:745682136",
      "properties": {
        "id": "osm:way:745682136",
        "source_ids": [
          "osm:way:745682136",
          "source:osm"
        ],
        "name": null,
        "class": "footway",
        "width_m": 1.8,
        "width_status": "ESTIMATED",
        "width_method": "path_class_default",
        "surface_status": "ESTIMATED",
        "surface_method": "buffered_centerline",
        "centerline_length_m": 33.9,
        "centerline_local": {
          "type": "LineString",
          "coordinates": [
            [
              84.66,
              70.688
            ],
            [
              116.709,
              59.645
            ]
          ]
        },
        "tags": {
          "footway": "sidewalk",
          "highway": "footway",
          "surface": "concrete"
        }
      },
      "geometry": {
        "type": "Polygon",
        "coordinates": [
          [
            [
              116.415,
              58.794
            ],
            [
              117.002,
              60.496
            ],
            [
              84.953,
              71.539
            ],
            [
              84.367,
              69.837
            ],
            [
              116.415,
              58.794
            ]
          ]
        ]
      }
    },
    {
      "type": "Feature",
      "id": "osm:way:745682142",
      "properties": {
        "id": "osm:way:745682142",
        "source_ids": [
          "osm:way:745682142",
          "source:osm"
        ],
        "name": null,
        "class": "footway",
        "width_m": 1.8,
        "width_status": "ESTIMATED",
        "width_method": "path_class_default",
        "surface_status": "ESTIMATED",
        "surface_method": "buffered_centerline",
        "centerline_length_m": 49.62,
        "centerline_local": {
          "type": "LineString",
          "coordinates": [
            [
              27.375,
              -100.098
            ],
            [
              12.236,
              -147.355
            ]
          ]
        },
        "tags": {
          "footway": "sidewalk",
          "highway": "footway",
          "surface": "concrete"
        }
      },
      "geometry": {
        "type": "Polygon",
        "coordinates": [
          [
            [
              11.379,
              -147.08
            ],
            [
              13.093,
              -147.629
            ],
            [
              28.232,
              -100.372
            ],
            [
              26.518,
              -99.823
            ],
            [
              11.379,
              -147.08
            ]
          ]
        ]
      }
    },
    {
      "type": "Feature",
      "id": "osm:way:745682143",
      "properties": {
        "id": "osm:way:745682143",
        "source_ids": [
          "osm:way:745682143",
          "source:osm"
        ],
        "name": null,
        "class": "footway",
        "width_m": 1.8,
        "width_status": "ESTIMATED",
        "width_method": "path_class_default",
        "surface_status": "ESTIMATED",
        "surface_method": "buffered_centerline",
        "centerline_length_m": 49.57,
        "centerline_local": {
          "type": "LineString",
          "coordinates": [
            [
              -7.648,
              -140.611
            ],
            [
              8.135,
              -93.625
            ]
          ]
        },
        "tags": {
          "footway": "sidewalk",
          "highway": "footway",
          "surface": "concrete"
        }
      },
      "geometry": {
        "type": "Polygon",
        "coordinates": [
          [
            [
              8.989,
              -93.912
            ],
            [
              7.282,
              -93.339
            ],
            [
              -8.501,
              -140.325
            ],
            [
              -6.795,
              -140.898
            ],
            [
              8.989,
              -93.912
            ]
          ]
        ]
      }
    },
    {
      "type": "Feature",
      "id": "osm:way:745682144",
      "properties": {
        "id": "osm:way:745682144",
        "source_ids": [
          "osm:way:745682144",
          "source:osm"
        ],
        "name": null,
        "class": "footway",
        "width_m": 1.8,
        "width_status": "ESTIMATED",
        "width_method": "path_class_default",
        "surface_status": "ESTIMATED",
        "surface_method": "buffered_centerline",
        "centerline_length_m": 76.4,
        "centerline_local": {
          "type": "LineString",
          "coordinates": [
            [
              -21.426,
              -238.41
            ],
            [
              5.526,
              -166.918
            ]
          ]
        },
        "tags": {
          "footway": "sidewalk",
          "highway": "footway",
          "surface": "concrete"
        }
      },
      "geometry": {
        "type": "Polygon",
        "coordinates": [
          [
            [
              6.368,
              -167.236
            ],
            [
              4.683,
              -166.601
            ],
            [
              -22.268,
              -238.092
            ],
            [
              -20.584,
              -238.727
            ],
            [
              6.368,
              -167.236
            ]
          ]
        ]
      }
    },
    {
      "type": "Feature",
      "id": "osm:way:745722741",
      "properties": {
        "id": "osm:way:745722741",
        "source_ids": [
          "osm:way:745722741",
          "source:osm"
        ],
        "name": null,
        "class": "footway",
        "width_m": 1.8,
        "width_status": "ESTIMATED",
        "width_method": "path_class_default",
        "surface_status": "ESTIMATED",
        "surface_method": "buffered_centerline",
        "centerline_length_m": 179.42,
        "centerline_local": {
          "type": "LineString",
          "coordinates": [
            [
              -203.727,
              -158.843
            ],
            [
              -120.855,
              -187.672
            ],
            [
              -34.264,
              -217.794
            ]
          ]
        },
        "tags": {
          "footway": "sidewalk",
          "highway": "footway",
          "surface": "concrete"
        }
      },
      "geometry": {
        "type": "Polygon",
        "coordinates": [
          [
            [
              -33.969,
              -216.944
            ],
            [
              -120.559,
              -186.822
            ],
            [
              -203.431,
              -157.993
            ],
            [
              -204.023,
              -159.693
            ],
            [
              -121.151,
              -188.522
            ],
            [
              -34.56,
              -218.644
            ],
            [
              -33.969,
              -216.944
            ]
          ]
        ]
      }
    },
    {
      "type": "Feature",
      "id": "osm:way:745722742",
      "properties": {
        "id": "osm:way:745722742",
        "source_ids": [
          "osm:way:745722742",
          "source:osm"
        ],
        "name": null,
        "class": "footway",
        "width_m": 1.8,
        "width_status": "ESTIMATED",
        "width_method": "path_class_default",
        "surface_status": "ESTIMATED",
        "surface_method": "buffered_centerline",
        "centerline_length_m": 10.82,
        "centerline_local": {
          "type": "LineString",
          "coordinates": [
            [
              -30.728,
              -207.565
            ],
            [
              -32.352,
              -212.266
            ],
            [
              -34.264,
              -217.794
            ]
          ]
        },
        "tags": {
          "footway": "crossing",
          "highway": "footway",
          "surface": "asphalt"
        }
      },
      "geometry": {
        "type": "Polygon",
        "coordinates": [
          [
            [
              -33.414,
              -218.088
            ],
            [
              -31.502,
              -212.56
            ],
            [
              -29.877,
              -207.859
            ],
            [
              -31.578,
              -207.271
            ],
            [
              -33.203,
              -211.972
            ],
            [
              -35.115,
              -217.499
            ],
            [
              -33.414,
              -218.088
            ]
          ]
        ]
      }
    },
    {
      "type": "Feature",
      "id": "osm:way:745722743",
      "properties": {
        "id": "osm:way:745722743",
        "source_ids": [
          "osm:way:745722743",
          "source:osm"
        ],
        "name": null,
        "class": "footway",
        "width_m": 1.8,
        "width_status": "ESTIMATED",
        "width_method": "path_class_default",
        "surface_status": "ESTIMATED",
        "surface_method": "buffered_centerline",
        "centerline_length_m": 21.71,
        "centerline_local": {
          "type": "LineString",
          "coordinates": [
            [
              -34.264,
              -217.794
            ],
            [
              -41.563,
              -238.237
            ]
          ]
        },
        "tags": {
          "footway": "sidewalk",
          "highway": "footway",
          "surface": "concrete"
        }
      },
      "geometry": {
        "type": "Polygon",
        "coordinates": [
          [
            [
              -42.411,
              -237.935
            ],
            [
              -40.716,
              -238.54
            ],
            [
              -33.417,
              -218.096
            ],
            [
              -35.112,
              -217.491
            ],
            [
              -42.411,
              -237.935
            ]
          ]
        ]
      }
    },
    {
      "type": "Feature",
      "id": "osm:way:745722744",
      "properties": {
        "id": "osm:way:745722744",
        "source_ids": [
          "osm:way:745722744",
          "source:osm"
        ],
        "name": null,
        "class": "footway",
        "width_m": 1.8,
        "width_status": "ESTIMATED",
        "width_method": "path_class_default",
        "surface_status": "ESTIMATED",
        "surface_method": "buffered_centerline",
        "centerline_length_m": 5.09,
        "centerline_local": {
          "type": "LineString",
          "coordinates": [
            [
              -119.164,
              -182.739
            ],
            [
              -117.516,
              -177.929
            ]
          ]
        },
        "tags": {
          "highway": "footway"
        }
      },
      "geometry": {
        "type": "Polygon",
        "coordinates": [
          [
            [
              -116.665,
              -178.22
            ],
            [
              -118.368,
              -177.637
            ],
            [
              -120.015,
              -182.448
            ],
            [
              -118.312,
              -183.031
            ],
            [
              -116.665,
              -178.22
            ]
          ]
        ]
      }
    },
    {
      "type": "Feature",
      "id": "osm:way:745722745",
      "properties": {
        "id": "osm:way:745722745",
        "source_ids": [
          "osm:way:745722745",
          "source:osm"
        ],
        "name": null,
        "class": "footway",
        "width_m": 1.8,
        "width_status": "ESTIMATED",
        "width_method": "path_class_default",
        "surface_status": "ESTIMATED",
        "surface_method": "buffered_centerline",
        "centerline_length_m": 179.54,
        "centerline_local": {
          "type": "LineString",
          "coordinates": [
            [
              -200.629,
              -149.529
            ],
            [
              -142.935,
              -169.245
            ],
            [
              -117.516,
              -177.929
            ],
            [
              -30.728,
              -207.565
            ]
          ]
        },
        "tags": {
          "footway": "sidewalk",
          "highway": "footway"
        }
      },
      "geometry": {
        "type": "Polygon",
        "coordinates": [
          [
            [
              -117.225,
              -177.077
            ],
            [
              -142.644,
              -168.394
            ],
            [
              -200.338,
              -148.678
            ],
            [
              -200.92,
              -150.381
            ],
            [
              -143.226,
              -170.097
            ],
            [
              -117.807,
              -178.78
            ],
            [
              -31.018,
              -208.417
            ],
            [
              -30.437,
              -206.714
            ],
            [
              -117.225,
              -177.077
            ]
          ]
        ]
      }
    },
    {
      "type": "Feature",
      "id": "osm:way:745722746",
      "properties": {
        "id": "osm:way:745722746",
        "source_ids": [
          "osm:way:745722746",
          "source:osm"
        ],
        "name": null,
        "class": "footway",
        "width_m": 1.8,
        "width_status": "ESTIMATED",
        "width_method": "path_class_default",
        "surface_status": "ESTIMATED",
        "surface_method": "buffered_centerline",
        "centerline_length_m": 20.94,
        "centerline_local": {
          "type": "LineString",
          "coordinates": [
            [
              -89.43,
              -112.932
            ],
            [
              -92.582,
              -122.278
            ],
            [
              -96.132,
              -132.772
            ]
          ]
        },
        "tags": {
          "footway": "sidewalk",
          "highway": "footway",
          "surface": "asphalt"
        }
      },
      "geometry": {
        "type": "Polygon",
        "coordinates": [
          [
            [
              -95.28,
              -133.061
            ],
            [
              -91.729,
              -122.566
            ],
            [
              -88.577,
              -113.22
            ],
            [
              -90.283,
              -112.644
            ],
            [
              -93.435,
              -121.99
            ],
            [
              -96.985,
              -132.484
            ],
            [
              -95.28,
              -133.061
            ]
          ]
        ]
      }
    },
    {
      "type": "Feature",
      "id": "osm:way:745722747",
      "properties": {
        "id": "osm:way:745722747",
        "source_ids": [
          "osm:way:745722747",
          "source:osm"
        ],
        "name": null,
        "class": "footway",
        "width_m": 1.8,
        "width_status": "ESTIMATED",
        "width_method": "path_class_default",
        "surface_status": "ESTIMATED",
        "surface_method": "buffered_centerline",
        "centerline_length_m": 20.98,
        "centerline_local": {
          "type": "LineString",
          "coordinates": [
            [
              -100.221,
              -109.276
            ],
            [
              -103.492,
              -118.577
            ],
            [
              -107.182,
              -129.07
            ]
          ]
        },
        "tags": {
          "footway": "sidewalk",
          "highway": "footway",
          "surface": "asphalt"
        }
      },
      "geometry": {
        "type": "Polygon",
        "coordinates": [
          [
            [
              -106.332,
              -129.369
            ],
            [
              -102.642,
              -118.876
            ],
            [
              -99.372,
              -109.575
            ],
            [
              -101.07,
              -108.978
            ],
            [
              -104.341,
              -118.279
            ],
            [
              -108.031,
              -128.771
            ],
            [
              -106.332,
              -129.369
            ]
          ]
        ]
      }
    },
    {
      "type": "Feature",
      "id": "osm:way:745722748",
      "properties": {
        "id": "osm:way:745722748",
        "source_ids": [
          "osm:way:745722748",
          "source:osm"
        ],
        "name": null,
        "class": "footway",
        "width_m": 1.8,
        "width_status": "ESTIMATED",
        "width_method": "path_class_default",
        "surface_status": "ESTIMATED",
        "surface_method": "buffered_centerline",
        "centerline_length_m": 20.1,
        "centerline_local": {
          "type": "LineString",
          "coordinates": [
            [
              -178.466,
              -82.601
            ],
            [
              -188.065,
              -79.475
            ],
            [
              -197.578,
              -76.384
            ]
          ]
        },
        "tags": {
          "footway": "crossing",
          "highway": "footway",
          "surface": "asphalt"
        }
      },
      "geometry": {
        "type": "Polygon",
        "coordinates": [
          [
            [
              -197.856,
              -77.24
            ],
            [
              -188.343,
              -80.331
            ],
            [
              -178.744,
              -83.457
            ],
            [
              -178.187,
              -81.745
            ],
            [
              -187.786,
              -78.619
            ],
            [
              -197.3,
              -75.528
            ],
            [
              -197.856,
              -77.24
            ]
          ]
        ]
      }
    },
    {
      "type": "Feature",
      "id": "osm:way:745722749",
      "properties": {
        "id": "osm:way:745722749",
        "source_ids": [
          "osm:way:745722749",
          "source:osm"
        ],
        "name": null,
        "class": "footway",
        "width_m": 1.8,
        "width_status": "ESTIMATED",
        "width_method": "path_class_default",
        "surface_status": "ESTIMATED",
        "surface_method": "buffered_centerline",
        "centerline_length_m": 180.4,
        "centerline_local": {
          "type": "LineString",
          "coordinates": [
            [
              -7.648,
              -140.611
            ],
            [
              -89.43,
              -112.932
            ],
            [
              -94.654,
              -111.161
            ],
            [
              -100.221,
              -109.276
            ],
            [
              -178.466,
              -82.601
            ]
          ]
        },
        "tags": {
          "footway": "sidewalk",
          "highway": "footway",
          "surface": "concrete"
        }
      },
      "geometry": {
        "type": "Polygon",
        "coordinates": [
          [
            [
              -94.943,
              -112.013
            ],
            [
              -89.719,
              -113.785
            ],
            [
              -7.937,
              -141.464
            ],
            [
              -7.36,
              -139.759
            ],
            [
              -89.142,
              -112.08
            ],
            [
              -94.365,
              -110.309
            ],
            [
              -99.932,
              -108.424
            ],
            [
              -178.175,
              -81.749
            ],
            [
              -178.756,
              -83.453
            ],
            [
              -100.512,
              -110.128
            ],
            [
              -100.51,
              -110.129
            ],
            [
              -94.943,
              -112.013
            ]
          ]
        ]
      }
    },
    {
      "type": "Feature",
      "id": "osm:way:745722756",
      "properties": {
        "id": "osm:way:745722756",
        "source_ids": [
          "osm:way:745722756",
          "source:osm"
        ],
        "name": null,
        "class": "footway",
        "width_m": 1.8,
        "width_status": "ESTIMATED",
        "width_method": "path_class_default",
        "surface_status": "ESTIMATED",
        "surface_method": "buffered_centerline",
        "centerline_length_m": 115.28,
        "centerline_local": {
          "type": "LineString",
          "coordinates": [
            [
              5.526,
              -166.918
            ],
            [
              50.955,
              -182.634
            ],
            [
              69.795,
              -189.202
            ],
            [
              82.068,
              -193.457
            ],
            [
              85.765,
              -194.739
            ],
            [
              88.785,
              -195.783
            ],
            [
              104.53,
              -201.24
            ],
            [
              114.45,
              -204.68
            ]
          ]
        },
        "tags": {
          "footway": "sidewalk",
          "highway": "footway",
          "surface": "concrete"
        }
      },
      "geometry": {
        "type": "Polygon",
        "coordinates": [
          [
            [
              51.251,
              -181.784
            ],
            [
              51.249,
              -181.783
            ],
            [
              5.82,
              -166.068
            ],
            [
              5.231,
              -167.769
            ],
            [
              50.66,
              -183.484
            ],
            [
              69.498,
              -190.052
            ],
            [
              69.5,
              -190.052
            ],
            [
              81.773,
              -194.307
            ],
            [
              85.47,
              -195.589
            ],
            [
              85.471,
              -195.59
            ],
            [
              88.491,
              -196.633
            ],
            [
              104.236,
              -202.091
            ],
            [
              114.155,
              -205.53
            ],
            [
              114.745,
              -203.829
            ],
            [
              104.825,
              -200.39
            ],
            [
              89.079,
              -194.932
            ],
            [
              86.06,
              -193.889
            ],
            [
              82.363,
              -192.607
            ],
            [
              70.09,
              -188.352
            ],
            [
              51.251,
              -181.784
            ]
          ]
        ]
      }
    },
    {
      "type": "Feature",
      "id": "osm:way:745722758",
      "properties": {
        "id": "osm:way:745722758",
        "source_ids": [
          "osm:way:745722758",
          "source:osm"
        ],
        "name": null,
        "class": "footway",
        "width_m": 1.8,
        "width_status": "ESTIMATED",
        "width_method": "path_class_default",
        "surface_status": "ESTIMATED",
        "surface_method": "buffered_centerline",
        "centerline_length_m": 20.83,
        "centerline_local": {
          "type": "LineString",
          "coordinates": [
            [
              85.765,
              -194.739
            ],
            [
              89.208,
              -184.156
            ],
            [
              92.369,
              -174.987
            ]
          ]
        },
        "tags": {
          "crossing": "marked",
          "footway": "crossing",
          "highway": "footway",
          "surface": "asphalt"
        }
      },
      "geometry": {
        "type": "Polygon",
        "coordinates": [
          [
            [
              88.357,
              -183.862
            ],
            [
              88.352,
              -183.877
            ],
            [
              84.91,
              -194.461
            ],
            [
              86.621,
              -195.017
            ],
            [
              90.062,
              -184.442
            ],
            [
              93.22,
              -175.28
            ],
            [
              91.518,
              -174.693
            ],
            [
              88.357,
              -183.862
            ]
          ]
        ]
      }
    },
    {
      "type": "Feature",
      "id": "osm:way:745722759",
      "properties": {
        "id": "osm:way:745722759",
        "source_ids": [
          "osm:way:745722759",
          "source:osm"
        ],
        "name": null,
        "class": "footway",
        "width_m": 1.8,
        "width_status": "ESTIMATED",
        "width_method": "path_class_default",
        "surface_status": "ESTIMATED",
        "surface_method": "buffered_centerline",
        "centerline_length_m": 108.32,
        "centerline_local": {
          "type": "LineString",
          "coordinates": [
            [
              12.236,
              -147.355
            ],
            [
              92.369,
              -174.987
            ],
            [
              114.638,
              -182.662
            ]
          ]
        },
        "tags": {
          "footway": "sidewalk",
          "highway": "footway",
          "surface": "concrete"
        }
      },
      "geometry": {
        "type": "Polygon",
        "coordinates": [
          [
            [
              114.932,
              -181.811
            ],
            [
              92.663,
              -174.136
            ],
            [
              12.529,
              -146.504
            ],
            [
              11.942,
              -148.206
            ],
            [
              92.076,
              -175.837
            ],
            [
              114.345,
              -183.513
            ],
            [
              114.932,
              -181.811
            ]
          ]
        ]
      }
    },
    {
      "type": "Feature",
      "id": "osm:way:746589346",
      "properties": {
        "id": "osm:way:746589346",
        "source_ids": [
          "osm:way:746589346",
          "source:osm"
        ],
        "name": null,
        "class": "footway",
        "width_m": 1.8,
        "width_status": "ESTIMATED",
        "width_method": "path_class_default",
        "surface_status": "ESTIMATED",
        "surface_method": "buffered_centerline",
        "centerline_length_m": 26.65,
        "centerline_local": {
          "type": "LineString",
          "coordinates": [
            [
              91.524,
              90.638
            ],
            [
              116.904,
              82.494
            ]
          ]
        },
        "tags": {
          "footway": "sidewalk",
          "highway": "footway",
          "surface": "concrete"
        }
      },
      "geometry": {
        "type": "Polygon",
        "coordinates": [
          [
            [
              116.629,
              81.637
            ],
            [
              117.179,
              83.351
            ],
            [
              91.799,
              91.495
            ],
            [
              91.249,
              89.781
            ],
            [
              116.629,
              81.637
            ]
          ]
        ]
      }
    },
    {
      "type": "Feature",
      "id": "osm:way:746589348",
      "properties": {
        "id": "osm:way:746589348",
        "source_ids": [
          "osm:way:746589348",
          "source:osm"
        ],
        "name": null,
        "class": "footway",
        "width_m": 1.8,
        "width_status": "ESTIMATED",
        "width_method": "path_class_default",
        "surface_status": "ESTIMATED",
        "surface_method": "buffered_centerline",
        "centerline_length_m": 19.19,
        "centerline_local": {
          "type": "LineString",
          "coordinates": [
            [
              -124.713,
              78.366
            ],
            [
              -133.968,
              81.322
            ],
            [
              -142.921,
              84.42
            ]
          ]
        },
        "tags": {
          "footway": "crossing",
          "highway": "footway",
          "surface": "concrete"
        }
      },
      "geometry": {
        "type": "Polygon",
        "coordinates": [
          [
            [
              -134.262,
              80.472
            ],
            [
              -134.242,
              80.465
            ],
            [
              -124.986,
              77.508
            ],
            [
              -124.439,
              79.223
            ],
            [
              -133.684,
              82.176
            ],
            [
              -142.626,
              85.271
            ],
            [
              -143.215,
              83.569
            ],
            [
              -134.262,
              80.472
            ]
          ]
        ]
      }
    },
    {
      "type": "Feature",
      "id": "osm:way:746589349",
      "properties": {
        "id": "osm:way:746589349",
        "source_ids": [
          "osm:way:746589349",
          "source:osm"
        ],
        "name": null,
        "class": "footway",
        "width_m": 1.8,
        "width_status": "ESTIMATED",
        "width_method": "path_class_default",
        "surface_status": "ESTIMATED",
        "surface_method": "buffered_centerline",
        "centerline_length_m": 180.59,
        "centerline_local": {
          "type": "LineString",
          "coordinates": [
            [
              -121.239,
              88.783
            ],
            [
              -35.063,
              59.428
            ],
            [
              49.705,
              30.561
            ]
          ]
        },
        "tags": {
          "footway": "sidewalk",
          "highway": "footway",
          "surface": "concrete"
        }
      },
      "geometry": {
        "type": "Polygon",
        "coordinates": [
          [
            [
              49.995,
              31.413
            ],
            [
              -34.773,
              60.28
            ],
            [
              -120.949,
              89.635
            ],
            [
              -121.529,
              87.931
            ],
            [
              -35.353,
              58.576
            ],
            [
              49.415,
              29.709
            ],
            [
              49.995,
              31.413
            ]
          ]
        ]
      }
    },
    {
      "type": "Feature",
      "id": "osm:way:746589350",
      "properties": {
        "id": "osm:way:746589350",
        "source_ids": [
          "osm:way:746589350",
          "source:osm"
        ],
        "name": null,
        "class": "footway",
        "width_m": 1.8,
        "width_status": "ESTIMATED",
        "width_method": "path_class_default",
        "surface_status": "ESTIMATED",
        "surface_method": "buffered_centerline",
        "centerline_length_m": 66.0,
        "centerline_local": {
          "type": "LineString",
          "coordinates": [
            [
              -264.056,
              -69.175
            ],
            [
              -256.191,
              -74.665
            ],
            [
              -249.005,
              -78.832
            ],
            [
              -203.808,
              -95.287
            ]
          ]
        },
        "tags": {
          "footway": "sidewalk",
          "highway": "footway"
        }
      },
      "geometry": {
        "type": "Polygon",
        "coordinates": [
          [
            [
              -248.622,
              -78.014
            ],
            [
              -255.707,
              -73.905
            ],
            [
              -263.541,
              -68.437
            ],
            [
              -264.571,
              -69.913
            ],
            [
              -256.706,
              -75.403
            ],
            [
              -256.642,
              -75.444
            ],
            [
              -249.456,
              -79.611
            ],
            [
              -249.386,
              -79.647
            ],
            [
              -249.313,
              -79.678
            ],
            [
              -204.116,
              -96.133
            ],
            [
              -203.5,
              -94.442
            ],
            [
              -248.622,
              -78.014
            ]
          ]
        ]
      }
    },
    {
      "type": "Feature",
      "id": "osm:way:746589351",
      "properties": {
        "id": "osm:way:746589351",
        "source_ids": [
          "osm:way:746589351",
          "source:osm"
        ],
        "name": null,
        "class": "footway",
        "width_m": 1.8,
        "width_status": "ESTIMATED",
        "width_method": "path_class_default",
        "surface_status": "ESTIMATED",
        "surface_method": "buffered_centerline",
        "centerline_length_m": 18.06,
        "centerline_local": {
          "type": "LineString",
          "coordinates": [
            [
              -252.854,
              -55.017
            ],
            [
              -258.336,
              -62.009
            ],
            [
              -259.305,
              -63.24
            ],
            [
              -262.639,
              -67.295
            ],
            [
              -264.056,
              -69.175
            ]
          ]
        },
        "tags": {
          "crossing": "marked",
          "footway": "crossing",
          "highway": "footway"
        }
      },
      "geometry": {
        "type": "Polygon",
        "coordinates": [
          [
            [
              -257.629,
              -62.566
            ],
            [
              -257.627,
              -62.564
            ],
            [
              -252.146,
              -55.573
            ],
            [
              -253.562,
              -54.462
            ],
            [
              -259.043,
              -61.453
            ],
            [
              -260.007,
              -62.676
            ],
            [
              -263.334,
              -66.723
            ],
            [
              -263.357,
              -66.753
            ],
            [
              -264.775,
              -68.633
            ],
            [
              -263.337,
              -69.717
            ],
            [
              -261.931,
              -67.852
            ],
            [
              -258.61,
              -63.811
            ],
            [
              -258.598,
              -63.797
            ],
            [
              -257.629,
              -62.566
            ]
          ]
        ]
      }
    },
    {
      "type": "Feature",
      "id": "osm:way:746589352",
      "properties": {
        "id": "osm:way:746589352",
        "source_ids": [
          "osm:way:746589352",
          "source:osm"
        ],
        "name": null,
        "class": "footway",
        "width_m": 1.8,
        "width_status": "ESTIMATED",
        "width_method": "path_class_default",
        "surface_status": "ESTIMATED",
        "surface_method": "buffered_centerline",
        "centerline_length_m": 20.1,
        "centerline_local": {
          "type": "LineString",
          "coordinates": [
            [
              -203.808,
              -95.287
            ],
            [
              -194.532,
              -98.31
            ],
            [
              -184.696,
              -101.515
            ]
          ]
        },
        "tags": {
          "footway": "crossing",
          "highway": "footway",
          "surface": "asphalt"
        }
      },
      "geometry": {
        "type": "Polygon",
        "coordinates": [
          [
            [
              -184.417,
              -100.66
            ],
            [
              -194.253,
              -97.455
            ],
            [
              -203.529,
              -94.432
            ],
            [
              -204.087,
              -96.143
            ],
            [
              -194.81,
              -99.166
            ],
            [
              -184.975,
              -102.371
            ],
            [
              -184.417,
              -100.66
            ]
          ]
        ]
      }
    },
    {
      "type": "Feature",
      "id": "osm:way:747175709",
      "properties": {
        "id": "osm:way:747175709",
        "source_ids": [
          "osm:way:747175709",
          "source:osm"
        ],
        "name": null,
        "class": "footway",
        "width_m": 1.8,
        "width_status": "ESTIMATED",
        "width_method": "path_class_default",
        "surface_status": "ESTIMATED",
        "surface_method": "buffered_centerline",
        "centerline_length_m": 19.99,
        "centerline_local": {
          "type": "LineString",
          "coordinates": [
            [
              -249.049,
              156.541
            ],
            [
              -247.04,
              168.354
            ],
            [
              -246.855,
              169.813
            ],
            [
              -245.765,
              176.255
            ]
          ]
        },
        "tags": {
          "footway": "crossing",
          "highway": "footway",
          "surface": "asphalt"
        }
      },
      "geometry": {
        "type": "Polygon",
        "coordinates": [
          [
            [
              -247.748,
              169.926
            ],
            [
              -247.93,
              168.486
            ],
            [
              -249.936,
              156.692
            ],
            [
              -248.161,
              156.39
            ],
            [
              -246.152,
              168.203
            ],
            [
              -246.147,
              168.241
            ],
            [
              -245.964,
              169.681
            ],
            [
              -244.877,
              176.105
            ],
            [
              -246.652,
              176.406
            ],
            [
              -247.742,
              169.963
            ],
            [
              -247.748,
              169.926
            ]
          ]
        ]
      }
    },
    {
      "type": "Feature",
      "id": "osm:way:747175711",
      "properties": {
        "id": "osm:way:747175711",
        "source_ids": [
          "osm:way:747175711",
          "source:osm"
        ],
        "name": null,
        "class": "footway",
        "width_m": 1.8,
        "width_status": "ESTIMATED",
        "width_method": "path_class_default",
        "surface_status": "ESTIMATED",
        "surface_method": "buffered_centerline",
        "centerline_length_m": 17.61,
        "centerline_local": {
          "type": "LineString",
          "coordinates": [
            [
              -230.752,
              173.46
            ],
            [
              -230.896,
              167.972
            ],
            [
              -230.892,
              165.936
            ],
            [
              -230.385,
              155.861
            ]
          ]
        },
        "tags": {
          "footway": "crossing",
          "highway": "footway",
          "surface": "asphalt"
        }
      },
      "geometry": {
        "type": "Polygon",
        "coordinates": [
          [
            [
              -229.992,
              165.959
            ],
            [
              -229.996,
              167.961
            ],
            [
              -229.852,
              173.436
            ],
            [
              -231.652,
              173.484
            ],
            [
              -231.796,
              167.996
            ],
            [
              -231.796,
              167.97
            ],
            [
              -231.792,
              165.934
            ],
            [
              -231.791,
              165.891
            ],
            [
              -231.284,
              155.816
            ],
            [
              -229.486,
              155.906
            ],
            [
              -229.992,
              165.959
            ]
          ]
        ]
      }
    },
    {
      "type": "Feature",
      "id": "osm:way:747175712",
      "properties": {
        "id": "osm:way:747175712",
        "source_ids": [
          "osm:way:747175712",
          "source:osm"
        ],
        "name": null,
        "class": "footway",
        "width_m": 1.8,
        "width_status": "ESTIMATED",
        "width_method": "path_class_default",
        "surface_status": "ESTIMATED",
        "surface_method": "buffered_centerline",
        "centerline_length_m": 15.27,
        "centerline_local": {
          "type": "LineString",
          "coordinates": [
            [
              -245.765,
              176.255
            ],
            [
              -238.123,
              174.962
            ],
            [
              -230.752,
              173.46
            ]
          ]
        },
        "tags": {
          "footway": "crossing",
          "highway": "footway"
        }
      },
      "geometry": {
        "type": "Polygon",
        "coordinates": [
          [
            [
              -237.943,
              175.844
            ],
            [
              -237.972,
              175.849
            ],
            [
              -245.614,
              177.143
            ],
            [
              -245.915,
              175.368
            ],
            [
              -238.288,
              174.077
            ],
            [
              -230.932,
              172.578
            ],
            [
              -230.572,
              174.342
            ],
            [
              -237.943,
              175.844
            ]
          ]
        ]
      }
    },
    {
      "type": "Feature",
      "id": "osm:way:747175716",
      "properties": {
        "id": "osm:way:747175716",
        "source_ids": [
          "osm:way:747175716",
          "source:osm"
        ],
        "name": null,
        "class": "footway",
        "width_m": 1.8,
        "width_status": "ESTIMATED",
        "width_method": "path_class_default",
        "surface_status": "ESTIMATED",
        "surface_method": "buffered_centerline",
        "centerline_length_m": 52.62,
        "centerline_local": {
          "type": "LineString",
          "coordinates": [
            [
              -181.534,
              154.624
            ],
            [
              -181.248,
              165.434
            ],
            [
              -180.745,
              173.74
            ],
            [
              -172.068,
              173.788
            ],
            [
              -166.786,
              173.742
            ],
            [
              -167.17,
              166.696
            ],
            [
              -167.702,
              165.03
            ],
            [
              -168.709,
              154.359
            ]
          ]
        },
        "tags": {
          "footway": "crossing",
          "highway": "footway"
        }
      },
      "geometry": {
        "type": "Polygon",
        "coordinates": [
          [
            [
              -182.146,
              165.488
            ],
            [
              -182.147,
              165.457
            ],
            [
              -182.434,
              154.648
            ],
            [
              -180.634,
              154.6
            ],
            [
              -180.348,
              165.394
            ],
            [
              -179.898,
              172.845
            ],
            [
              -172.069,
              172.888
            ],
            [
              -167.736,
              172.851
            ],
            [
              -168.062,
              166.86
            ],
            [
              -168.559,
              165.303
            ],
            [
              -168.584,
              165.21
            ],
            [
              -168.598,
              165.115
            ],
            [
              -169.605,
              154.444
            ],
            [
              -167.813,
              154.275
            ],
            [
              -166.815,
              164.849
            ],
            [
              -166.313,
              166.423
            ],
            [
              -166.293,
              166.496
            ],
            [
              -166.279,
              166.572
            ],
            [
              -166.271,
              166.647
            ],
            [
              -165.888,
              173.694
            ],
            [
              -165.887,
              173.784
            ],
            [
              -165.896,
              173.875
            ],
            [
              -165.914,
              173.964
            ],
            [
              -165.941,
              174.051
            ],
            [
              -165.976,
              174.135
            ],
            [
              -166.02,
              174.214
            ],
            [
              -166.072,
              174.289
            ],
            [
              -166.13,
              174.359
            ],
            [
              -166.196,
              174.422
            ],
            [
              -166.267,
              174.478
            ],
            [
              -166.344,
              174.526
            ],
            [
              -166.425,
              174.567
            ],
            [
              -166.51,
              174.599
            ],
            [
              -166.598,
              174.623
            ],
            [
              -166.688,
              174.637
            ],
            [
              -166.779,
              174.642
            ],
            [
              -172.06,
              174.688
            ],
            [
              -172.073,
              174.688
            ],
            [
              -180.75,
              174.64
            ],
            [
              -180.84,
              174.635
            ],
            [
              -180.93,
              174.621
            ],
            [
              -181.017,
              174.598
            ],
            [
              -181.101,
              174.567
            ],
            [
              -181.182,
              174.527
            ],
            [
              -181.259,
              174.479
            ],
            [
              -181.33,
              174.424
            ],
            [
              -181.396,
              174.362
            ],
            [
              -181.455,
              174.294
            ],
            [
              -181.507,
              174.22
            ],
            [
              -181.551,
              174.141
            ],
            [
              -181.587,
              174.058
            ],
            [
              -181.615,
              173.972
            ],
            [
              -181.634,
              173.884
            ],
            [
              -181.644,
              173.795
            ],
            [
              -182.146,
              165.488
            ]
          ]
        ]
      }
    },
    {
      "type": "Feature",
      "id": "osm:way:747937847",
      "properties": {
        "id": "osm:way:747937847",
        "source_ids": [
          "osm:way:747937847",
          "source:osm"
        ],
        "name": null,
        "class": "footway",
        "width_m": 1.8,
        "width_status": "ESTIMATED",
        "width_method": "path_class_default",
        "surface_status": "ESTIMATED",
        "surface_method": "buffered_centerline",
        "centerline_length_m": 20.1,
        "centerline_local": {
          "type": "LineString",
          "coordinates": [
            [
              92.268,
              156.244
            ],
            [
              101.973,
              152.941
            ],
            [
              103.565,
              152.496
            ],
            [
              111.303,
              149.807
            ]
          ]
        },
        "tags": {
          "crossing": "traffic_signals",
          "footway": "crossing",
          "highway": "footway",
          "surface": "asphalt"
        }
      },
      "geometry": {
        "type": "Polygon",
        "coordinates": [
          [
            [
              103.807,
              153.362
            ],
            [
              102.24,
              153.801
            ],
            [
              92.558,
              157.096
            ],
            [
              91.978,
              155.392
            ],
            [
              101.683,
              152.089
            ],
            [
              101.731,
              152.074
            ],
            [
              103.296,
              151.636
            ],
            [
              111.007,
              148.957
            ],
            [
              111.598,
              150.657
            ],
            [
              103.86,
              153.346
            ],
            [
              103.807,
              153.362
            ]
          ]
        ]
      }
    },
    {
      "type": "Feature",
      "id": "osm:way:747937848",
      "properties": {
        "id": "osm:way:747937848",
        "source_ids": [
          "osm:way:747937848",
          "source:osm"
        ],
        "name": null,
        "class": "footway",
        "width_m": 1.8,
        "width_status": "ESTIMATED",
        "width_method": "path_class_default",
        "surface_status": "ESTIMATED",
        "surface_method": "buffered_centerline",
        "centerline_length_m": 20.21,
        "centerline_local": {
          "type": "LineString",
          "coordinates": [
            [
              106.061,
              134.27
            ],
            [
              98.376,
              136.903
            ],
            [
              96.7,
              137.471
            ],
            [
              86.93,
              140.797
            ]
          ]
        },
        "tags": {
          "crossing": "traffic_signals",
          "footway": "crossing",
          "highway": "footway",
          "surface": "asphalt"
        }
      },
      "geometry": {
        "type": "Polygon",
        "coordinates": [
          [
            [
              96.411,
              136.618
            ],
            [
              98.086,
              136.051
            ],
            [
              105.769,
              133.419
            ],
            [
              106.352,
              135.122
            ],
            [
              98.668,
              137.755
            ],
            [
              98.665,
              137.756
            ],
            [
              96.989,
              138.323
            ],
            [
              87.22,
              141.649
            ],
            [
              86.64,
              139.945
            ],
            [
              96.409,
              136.619
            ],
            [
              96.411,
              136.618
            ]
          ]
        ]
      }
    },
    {
      "type": "Feature",
      "id": "osm:way:760535038",
      "properties": {
        "id": "osm:way:760535038",
        "source_ids": [
          "osm:way:760535038",
          "source:osm"
        ],
        "name": null,
        "class": "footway",
        "width_m": 1.8,
        "width_status": "ESTIMATED",
        "width_method": "path_class_default",
        "surface_status": "ESTIMATED",
        "surface_method": "buffered_centerline",
        "centerline_length_m": 83.53,
        "centerline_local": {
          "type": "LineString",
          "coordinates": [
            [
              -13.531,
              104.251
            ],
            [
              65.463,
              77.105
            ]
          ]
        },
        "tags": {
          "footway": "sidewalk",
          "highway": "footway",
          "surface": "concrete"
        }
      },
      "geometry": {
        "type": "Polygon",
        "coordinates": [
          [
            [
              65.171,
              76.254
            ],
            [
              65.756,
              77.956
            ],
            [
              -13.239,
              105.102
            ],
            [
              -13.824,
              103.4
            ],
            [
              65.171,
              76.254
            ]
          ]
        ]
      }
    },
    {
      "type": "Feature",
      "id": "osm:way:760535039",
      "properties": {
        "id": "osm:way:760535039",
        "source_ids": [
          "osm:way:760535039",
          "source:osm"
        ],
        "name": null,
        "class": "footway",
        "width_m": 1.8,
        "width_status": "ESTIMATED",
        "width_method": "path_class_default",
        "surface_status": "ESTIMATED",
        "surface_method": "buffered_centerline",
        "centerline_length_m": 84.11,
        "centerline_local": {
          "type": "LineString",
          "coordinates": [
            [
              -25.356,
              108.048
            ],
            [
              -105.075,
              134.88
            ]
          ]
        },
        "tags": {
          "footway": "sidewalk",
          "highway": "footway",
          "surface": "concrete"
        }
      },
      "geometry": {
        "type": "Polygon",
        "coordinates": [
          [
            [
              -104.787,
              135.733
            ],
            [
              -105.362,
              134.027
            ],
            [
              -25.643,
              107.195
            ],
            [
              -25.069,
              108.901
            ],
            [
              -104.787,
              135.733
            ]
          ]
        ]
      }
    },
    {
      "type": "Feature",
      "id": "osm:way:760535040",
      "properties": {
        "id": "osm:way:760535040",
        "source_ids": [
          "osm:way:760535040",
          "source:osm"
        ],
        "name": null,
        "class": "footway",
        "width_m": 1.8,
        "width_status": "ESTIMATED",
        "width_method": "path_class_default",
        "surface_status": "ESTIMATED",
        "surface_method": "buffered_centerline",
        "centerline_length_m": 51.43,
        "centerline_local": {
          "type": "LineString",
          "coordinates": [
            [
              -117.156,
              160.27
            ],
            [
              -166.786,
              173.742
            ]
          ]
        },
        "tags": {
          "footway": "sidewalk",
          "highway": "footway",
          "surface": "concrete"
        }
      },
      "geometry": {
        "type": "Polygon",
        "coordinates": [
          [
            [
              -166.551,
              174.611
            ],
            [
              -167.022,
              172.874
            ],
            [
              -117.392,
              159.402
            ],
            [
              -116.921,
              161.139
            ],
            [
              -166.551,
              174.611
            ]
          ]
        ]
      }
    },
    {
      "type": "Feature",
      "id": "osm:way:760535044",
      "properties": {
        "id": "osm:way:760535044",
        "source_ids": [
          "osm:way:760535044",
          "source:osm"
        ],
        "name": null,
        "class": "footway",
        "width_m": 1.8,
        "width_status": "ESTIMATED",
        "width_method": "path_class_default",
        "surface_status": "ESTIMATED",
        "surface_method": "buffered_centerline",
        "centerline_length_m": 6.84,
        "centerline_local": {
          "type": "LineString",
          "coordinates": [
            [
              -252.209,
              178.557
            ],
            [
              -245.765,
              176.255
            ]
          ]
        },
        "tags": {
          "footway": "sidewalk",
          "highway": "footway",
          "surface": "concrete"
        }
      },
      "geometry": {
        "type": "Polygon",
        "coordinates": [
          [
            [
              -246.067,
              175.408
            ],
            [
              -245.462,
              177.103
            ],
            [
              -251.906,
              179.405
            ],
            [
              -252.512,
              177.71
            ],
            [
              -246.067,
              175.408
            ]
          ]
        ]
      }
    },
    {
      "type": "Feature",
      "id": "osm:way:779598835",
      "properties": {
        "id": "osm:way:779598835",
        "source_ids": [
          "osm:way:779598835",
          "source:osm"
        ],
        "name": null,
        "class": "footway",
        "width_m": 1.8,
        "width_status": "ESTIMATED",
        "width_method": "path_class_default",
        "surface_status": "ESTIMATED",
        "surface_method": "buffered_centerline",
        "centerline_length_m": 22.16,
        "centerline_local": {
          "type": "LineString",
          "coordinates": [
            [
              13.946,
              117.019
            ],
            [
              -6.912,
              124.501
            ]
          ]
        },
        "tags": {
          "footway": "sidewalk",
          "highway": "footway",
          "surface": "concrete"
        }
      },
      "geometry": {
        "type": "Polygon",
        "coordinates": [
          [
            [
              -6.608,
              125.349
            ],
            [
              -7.216,
              123.654
            ],
            [
              13.642,
              116.172
            ],
            [
              14.25,
              117.866
            ],
            [
              -6.608,
              125.349
            ]
          ]
        ]
      }
    },
    {
      "type": "Feature",
      "id": "osm:way:779598836",
      "properties": {
        "id": "osm:way:779598836",
        "source_ids": [
          "osm:way:779598836",
          "source:osm"
        ],
        "name": null,
        "class": "footway",
        "width_m": 1.8,
        "width_status": "ESTIMATED",
        "width_method": "path_class_default",
        "surface_status": "ESTIMATED",
        "surface_method": "buffered_centerline",
        "centerline_length_m": 83.7,
        "centerline_local": {
          "type": "LineString",
          "coordinates": [
            [
              -170.556,
              2.831
            ],
            [
              -177.655,
              -18.101
            ],
            [
              -181.614,
              -29.809
            ],
            [
              -197.578,
              -76.384
            ]
          ]
        },
        "tags": {
          "footway": "sidewalk",
          "highway": "footway",
          "surface": "concrete"
        }
      },
      "geometry": {
        "type": "Polygon",
        "coordinates": [
          [
            [
              -180.762,
              -30.097
            ],
            [
              -176.803,
              -18.39
            ],
            [
              -169.703,
              2.542
            ],
            [
              -171.408,
              3.12
            ],
            [
              -178.508,
              -17.813
            ],
            [
              -182.466,
              -29.519
            ],
            [
              -198.429,
              -76.092
            ],
            [
              -196.726,
              -76.676
            ],
            [
              -180.763,
              -30.101
            ],
            [
              -180.762,
              -30.097
            ]
          ]
        ]
      }
    },
    {
      "type": "Feature",
      "id": "osm:way:781546117",
      "properties": {
        "id": "osm:way:781546117",
        "source_ids": [
          "osm:way:781546117",
          "source:osm"
        ],
        "name": null,
        "class": "footway",
        "width_m": 1.8,
        "width_status": "ESTIMATED",
        "width_method": "path_class_default",
        "surface_status": "ESTIMATED",
        "surface_method": "buffered_centerline",
        "centerline_length_m": 36.47,
        "centerline_local": {
          "type": "LineString",
          "coordinates": [
            [
              60.5,
              -23.026
            ],
            [
              56.313,
              -52.604
            ],
            [
              55.384,
              -59.137
            ]
          ]
        },
        "tags": {
          "highway": "footway"
        }
      },
      "geometry": {
        "type": "Polygon",
        "coordinates": [
          [
            [
              56.275,
              -59.263
            ],
            [
              57.204,
              -52.731
            ],
            [
              61.392,
              -23.152
            ],
            [
              59.609,
              -22.9
            ],
            [
              55.422,
              -52.478
            ],
            [
              54.493,
              -59.01
            ],
            [
              56.275,
              -59.263
            ]
          ]
        ]
      }
    },
    {
      "type": "Feature",
      "id": "osm:way:781546118",
      "properties": {
        "id": "osm:way:781546118",
        "source_ids": [
          "osm:way:781546118",
          "source:osm"
        ],
        "name": null,
        "class": "footway",
        "width_m": 1.8,
        "width_status": "ESTIMATED",
        "width_method": "path_class_default",
        "surface_status": "ESTIMATED",
        "surface_method": "buffered_centerline",
        "centerline_length_m": 29.41,
        "centerline_local": {
          "type": "LineString",
          "coordinates": [
            [
              60.056,
              -53.555
            ],
            [
              71.853,
              -26.609
            ]
          ]
        },
        "tags": {
          "highway": "footway"
        }
      },
      "geometry": {
        "type": "Polygon",
        "coordinates": [
          [
            [
              72.677,
              -26.97
            ],
            [
              71.028,
              -26.248
            ],
            [
              59.232,
              -53.194
            ],
            [
              60.881,
              -53.916
            ],
            [
              72.677,
              -26.97
            ]
          ]
        ]
      }
    },
    {
      "type": "Feature",
      "id": "osm:way:781546119",
      "properties": {
        "id": "osm:way:781546119",
        "source_ids": [
          "osm:way:781546119",
          "source:osm"
        ],
        "name": null,
        "class": "footway",
        "width_m": 1.8,
        "width_status": "ESTIMATED",
        "width_method": "path_class_default",
        "surface_status": "ESTIMATED",
        "surface_method": "buffered_centerline",
        "centerline_length_m": 34.91,
        "centerline_local": {
          "type": "LineString",
          "coordinates": [
            [
              100.803,
              -39.55
            ],
            [
              93.647,
              -62.064
            ],
            [
              90.396,
              -72.871
            ]
          ]
        },
        "tags": {
          "highway": "footway"
        }
      },
      "geometry": {
        "type": "Polygon",
        "coordinates": [
          [
            [
              91.258,
              -73.13
            ],
            [
              94.507,
              -62.33
            ],
            [
              101.66,
              -39.823
            ],
            [
              99.945,
              -39.277
            ],
            [
              92.789,
              -61.792
            ],
            [
              92.785,
              -61.805
            ],
            [
              89.534,
              -72.611
            ],
            [
              91.258,
              -73.13
            ]
          ]
        ]
      }
    },
    {
      "type": "Feature",
      "id": "osm:way:781546120",
      "properties": {
        "id": "osm:way:781546120",
        "source_ids": [
          "osm:way:781546120",
          "source:osm"
        ],
        "name": null,
        "class": "footway",
        "width_m": 1.8,
        "width_status": "ESTIMATED",
        "width_method": "path_class_default",
        "surface_status": "ESTIMATED",
        "surface_method": "buffered_centerline",
        "centerline_length_m": 39.01,
        "centerline_local": {
          "type": "LineString",
          "coordinates": [
            [
              115.848,
              -41.089
            ],
            [
              97.681,
              -75.611
            ]
          ]
        },
        "tags": {
          "highway": "footway"
        }
      },
      "geometry": {
        "type": "Polygon",
        "coordinates": [
          [
            [
              96.885,
              -75.192
            ],
            [
              98.478,
              -76.03
            ],
            [
              116.644,
              -41.508
            ],
            [
              115.051,
              -40.67
            ],
            [
              96.885,
              -75.192
            ]
          ]
        ]
      }
    },
    {
      "type": "Feature",
      "id": "osm:way:781733900",
      "properties": {
        "id": "osm:way:781733900",
        "source_ids": [
          "osm:way:781733900",
          "source:osm"
        ],
        "name": null,
        "class": "footway",
        "width_m": 1.8,
        "width_status": "ESTIMATED",
        "width_method": "path_class_default",
        "surface_status": "ESTIMATED",
        "surface_method": "buffered_centerline",
        "centerline_length_m": 116.89,
        "centerline_local": {
          "type": "LineString",
          "coordinates": [
            [
              -264.056,
              -69.175
            ],
            [
              -304.514,
              -38.13
            ],
            [
              -308.31,
              -35.796
            ],
            [
              -312.758,
              -32.814
            ],
            [
              -316.019,
              -31.038
            ],
            [
              -365.843,
              -14.908
            ]
          ]
        },
        "tags": {
          "footway": "sidewalk",
          "highway": "footway"
        }
      },
      "geometry": {
        "type": "Polygon",
        "coordinates": [
          [
            [
              -308.781,
              -36.563
            ],
            [
              -305.025,
              -38.873
            ],
            [
              -264.604,
              -69.889
            ],
            [
              -263.508,
              -68.461
            ],
            [
              -303.966,
              -37.416
            ],
            [
              -304.042,
              -37.364
            ],
            [
              -307.823,
              -35.039
            ],
            [
              -312.256,
              -32.067
            ],
            [
              -312.327,
              -32.024
            ],
            [
              -315.589,
              -30.247
            ],
            [
              -315.664,
              -30.211
            ],
            [
              -315.742,
              -30.182
            ],
            [
              -365.565,
              -14.052
            ],
            [
              -366.12,
              -15.764
            ],
            [
              -316.376,
              -31.868
            ],
            [
              -313.224,
              -33.585
            ],
            [
              -308.811,
              -36.544
            ],
            [
              -308.781,
              -36.563
            ]
          ]
        ]
      }
    },
    {
      "type": "Feature",
      "id": "osm:way:781733901",
      "properties": {
        "id": "osm:way:781733901",
        "source_ids": [
          "osm:way:781733901",
          "source:osm"
        ],
        "name": null,
        "class": "footway",
        "width_m": 1.8,
        "width_status": "ESTIMATED",
        "width_method": "path_class_default",
        "surface_status": "ESTIMATED",
        "surface_method": "buffered_centerline",
        "centerline_length_m": 93.66,
        "centerline_local": {
          "type": "LineString",
          "coordinates": [
            [
              -197.578,
              -76.384
            ],
            [
              -240.573,
              -62.194
            ],
            [
              -252.854,
              -55.017
            ],
            [
              -268.897,
              -42.818
            ],
            [
              -274.647,
              -38.441
            ],
            [
              -280.045,
              -34.334
            ]
          ]
        },
        "tags": {
          "footway": "sidewalk",
          "highway": "footway"
        }
      },
      "geometry": {
        "type": "Polygon",
        "coordinates": [
          [
            [
              -240.943,
              -63.014
            ],
            [
              -240.855,
              -63.049
            ],
            [
              -197.86,
              -77.239
            ],
            [
              -197.296,
              -75.529
            ],
            [
              -240.201,
              -61.369
            ],
            [
              -252.352,
              -54.268
            ],
            [
              -268.352,
              -42.101
            ],
            [
              -274.102,
              -37.725
            ],
            [
              -279.5,
              -33.618
            ],
            [
              -280.59,
              -35.05
            ],
            [
              -275.192,
              -39.158
            ],
            [
              -269.441,
              -43.534
            ],
            [
              -253.399,
              -55.734
            ],
            [
              -253.308,
              -55.794
            ],
            [
              -241.027,
              -62.971
            ],
            [
              -240.943,
              -63.014
            ]
          ]
        ]
      }
    },
    {
      "type": "Feature",
      "id": "osm:way:781733902",
      "properties": {
        "id": "osm:way:781733902",
        "source_ids": [
          "osm:way:781733902",
          "source:osm"
        ],
        "name": null,
        "class": "footway",
        "width_m": 1.8,
        "width_status": "ESTIMATED",
        "width_method": "path_class_default",
        "surface_status": "ESTIMATED",
        "surface_method": "buffered_centerline",
        "centerline_length_m": 89.33,
        "centerline_local": {
          "type": "LineString",
          "coordinates": [
            [
              -280.045,
              -34.334
            ],
            [
              -301.346,
              -18.127
            ],
            [
              -308.095,
              -14.44
            ],
            [
              -324.213,
              -8.569
            ],
            [
              -355.902,
              2.979
            ],
            [
              -358.582,
              5.935
            ]
          ]
        },
        "tags": {
          "footway": "sidewalk",
          "highway": "footway"
        }
      },
      "geometry": {
        "type": "Polygon",
        "coordinates": [
          [
            [
              -308.466,
              -15.262
            ],
            [
              -301.837,
              -18.884
            ],
            [
              -280.59,
              -35.05
            ],
            [
              -279.5,
              -33.617
            ],
            [
              -300.801,
              -17.411
            ],
            [
              -300.856,
              -17.372
            ],
            [
              -300.914,
              -17.337
            ],
            [
              -307.663,
              -13.65
            ],
            [
              -307.724,
              -13.619
            ],
            [
              -307.787,
              -13.594
            ],
            [
              -323.905,
              -7.723
            ],
            [
              -355.385,
              3.748
            ],
            [
              -357.915,
              6.539
            ],
            [
              -359.249,
              5.33
            ],
            [
              -356.569,
              2.374
            ],
            [
              -356.507,
              2.313
            ],
            [
              -356.44,
              2.257
            ],
            [
              -356.367,
              2.209
            ],
            [
              -356.29,
              2.167
            ],
            [
              -356.21,
              2.133
            ],
            [
              -324.521,
              -9.415
            ],
            [
              -308.466,
              -15.262
            ]
          ]
        ]
      }
    },
    {
      "type": "Feature",
      "id": "osm:way:781733903",
      "properties": {
        "id": "osm:way:781733903",
        "source_ids": [
          "osm:way:781733903",
          "source:osm"
        ],
        "name": null,
        "class": "footway",
        "width_m": 1.8,
        "width_status": "ESTIMATED",
        "width_method": "path_class_default",
        "surface_status": "ESTIMATED",
        "surface_method": "buffered_centerline",
        "centerline_length_m": 3.56,
        "centerline_local": {
          "type": "LineString",
          "coordinates": [
            [
              -280.045,
              -34.334
            ],
            [
              -277.876,
              -31.508
            ]
          ]
        },
        "tags": {
          "highway": "footway"
        }
      },
      "geometry": {
        "type": "Polygon",
        "coordinates": [
          [
            [
              -277.162,
              -32.056
            ],
            [
              -278.59,
              -30.96
            ],
            [
              -280.759,
              -33.786
            ],
            [
              -279.331,
              -34.882
            ],
            [
              -277.162,
              -32.056
            ]
          ]
        ]
      }
    },
    {
      "type": "Feature",
      "id": "osm:way:781733904",
      "properties": {
        "id": "osm:way:781733904",
        "source_ids": [
          "osm:way:781733904",
          "source:osm"
        ],
        "name": null,
        "class": "footway",
        "width_m": 1.8,
        "width_status": "ESTIMATED",
        "width_method": "path_class_default",
        "surface_status": "ESTIMATED",
        "surface_method": "buffered_centerline",
        "centerline_length_m": 3.3,
        "centerline_local": {
          "type": "LineString",
          "coordinates": [
            [
              -274.647,
              -38.441
            ],
            [
              -272.556,
              -35.892
            ]
          ]
        },
        "tags": {
          "highway": "footway"
        }
      },
      "geometry": {
        "type": "Polygon",
        "coordinates": [
          [
            [
              -271.86,
              -36.463
            ],
            [
              -273.252,
              -35.321
            ],
            [
              -275.343,
              -37.871
            ],
            [
              -273.952,
              -39.012
            ],
            [
              -271.86,
              -36.463
            ]
          ]
        ]
      }
    },
    {
      "type": "Feature",
      "id": "osm:way:781733905",
      "properties": {
        "id": "osm:way:781733905",
        "source_ids": [
          "osm:way:781733905",
          "source:osm"
        ],
        "name": null,
        "class": "footway",
        "width_m": 1.8,
        "width_status": "ESTIMATED",
        "width_method": "path_class_default",
        "surface_status": "ESTIMATED",
        "surface_method": "buffered_centerline",
        "centerline_length_m": 18.4,
        "centerline_local": {
          "type": "LineString",
          "coordinates": [
            [
              -308.095,
              -14.44
            ],
            [
              -311.914,
              -22.452
            ],
            [
              -312.714,
              -23.928
            ],
            [
              -316.019,
              -31.038
            ]
          ]
        },
        "tags": {
          "crossing": "marked",
          "footway": "crossing",
          "highway": "footway"
        }
      },
      "geometry": {
        "type": "Polygon",
        "coordinates": [
          [
            [
              -311.123,
              -22.881
            ],
            [
              -311.102,
              -22.839
            ],
            [
              -307.282,
              -14.827
            ],
            [
              -308.907,
              -14.052
            ],
            [
              -312.717,
              -22.044
            ],
            [
              -313.505,
              -23.5
            ],
            [
              -313.53,
              -23.549
            ],
            [
              -316.835,
              -30.658
            ],
            [
              -315.203,
              -31.417
            ],
            [
              -311.909,
              -24.333
            ],
            [
              -311.123,
              -22.881
            ]
          ]
        ]
      }
    },
    {
      "type": "Feature",
      "id": "osm:way:781744836",
      "properties": {
        "id": "osm:way:781744836",
        "source_ids": [
          "osm:way:781744836",
          "source:osm"
        ],
        "name": null,
        "class": "footway",
        "width_m": 1.8,
        "width_status": "ESTIMATED",
        "width_method": "path_class_default",
        "surface_status": "ESTIMATED",
        "surface_method": "buffered_centerline",
        "centerline_length_m": 118.78,
        "centerline_local": {
          "type": "LineString",
          "coordinates": [
            [
              -263.579,
              -236.338
            ],
            [
              -309.472,
              -220.618
            ],
            [
              -375.946,
              -197.847
            ]
          ]
        },
        "tags": {
          "footway": "sidewalk",
          "highway": "footway"
        }
      },
      "geometry": {
        "type": "Polygon",
        "coordinates": [
          [
            [
              -376.238,
              -198.698
            ],
            [
              -309.763,
              -221.47
            ],
            [
              -263.87,
              -237.19
            ],
            [
              -263.287,
              -235.487
            ],
            [
              -309.18,
              -219.767
            ],
            [
              -375.655,
              -196.996
            ],
            [
              -376.238,
              -198.698
            ]
          ]
        ]
      }
    },
    {
      "type": "Feature",
      "id": "osm:way:781744837",
      "properties": {
        "id": "osm:way:781744837",
        "source_ids": [
          "osm:way:781744837",
          "source:osm"
        ],
        "name": null,
        "class": "footway",
        "width_m": 1.8,
        "width_status": "ESTIMATED",
        "width_method": "path_class_default",
        "surface_status": "ESTIMATED",
        "surface_method": "buffered_centerline",
        "centerline_length_m": 27.4,
        "centerline_local": {
          "type": "LineString",
          "coordinates": [
            [
              -365.843,
              -14.908
            ],
            [
              -374.602,
              -40.865
            ]
          ]
        },
        "tags": {
          "footway": "sidewalk",
          "highway": "footway"
        }
      },
      "geometry": {
        "type": "Polygon",
        "coordinates": [
          [
            [
              -375.455,
              -40.578
            ],
            [
              -373.749,
              -41.153
            ],
            [
              -364.99,
              -15.196
            ],
            [
              -366.695,
              -14.62
            ],
            [
              -375.455,
              -40.578
            ]
          ]
        ]
      }
    },
    {
      "type": "Feature",
      "id": "osm:way:781744838",
      "properties": {
        "id": "osm:way:781744838",
        "source_ids": [
          "osm:way:781744838",
          "source:osm"
        ],
        "name": null,
        "class": "footway",
        "width_m": 1.8,
        "width_status": "ESTIMATED",
        "width_method": "path_class_default",
        "surface_status": "ESTIMATED",
        "surface_method": "buffered_centerline",
        "centerline_length_m": 31.61,
        "centerline_local": {
          "type": "LineString",
          "coordinates": [
            [
              -376.188,
              -226.078
            ],
            [
              -346.053,
              -235.632
            ]
          ]
        },
        "tags": {
          "footway": "sidewalk",
          "highway": "footway"
        }
      },
      "geometry": {
        "type": "Polygon",
        "coordinates": [
          [
            [
              -346.325,
              -236.49
            ],
            [
              -345.781,
              -234.774
            ],
            [
              -375.916,
              -225.22
            ],
            [
              -376.46,
              -226.936
            ],
            [
              -346.325,
              -236.49
            ]
          ]
        ]
      }
    },
    {
      "type": "Feature",
      "id": "osm:way:781744840",
      "properties": {
        "id": "osm:way:781744840",
        "source_ids": [
          "osm:way:781744840",
          "source:osm"
        ],
        "name": null,
        "class": "footway",
        "width_m": 1.8,
        "width_status": "ESTIMATED",
        "width_method": "path_class_default",
        "surface_status": "ESTIMATED",
        "surface_method": "buffered_centerline",
        "centerline_length_m": 12.21,
        "centerline_local": {
          "type": "LineString",
          "coordinates": [
            [
              -326.64,
              99.538
            ],
            [
              -330.511,
              87.962
            ]
          ]
        },
        "tags": {
          "footway": "sidewalk",
          "highway": "footway"
        }
      },
      "geometry": {
        "type": "Polygon",
        "coordinates": [
          [
            [
              -331.365,
              88.248
            ],
            [
              -329.658,
              87.677
            ],
            [
              -325.786,
              99.252
            ],
            [
              -327.493,
              99.823
            ],
            [
              -331.365,
              88.248
            ]
          ]
        ]
      }
    },
    {
      "type": "Feature",
      "id": "osm:way:781744841",
      "properties": {
        "id": "osm:way:781744841",
        "source_ids": [
          "osm:way:781744841",
          "source:osm"
        ],
        "name": null,
        "class": "footway",
        "width_m": 1.8,
        "width_status": "ESTIMATED",
        "width_method": "path_class_default",
        "surface_status": "ESTIMATED",
        "surface_method": "buffered_centerline",
        "centerline_length_m": 86.7,
        "centerline_local": {
          "type": "LineString",
          "coordinates": [
            [
              -330.511,
              87.962
            ],
            [
              -335.509,
              73.364
            ],
            [
              -358.582,
              5.935
            ]
          ]
        },
        "tags": {
          "footway": "sidewalk",
          "highway": "footway"
        }
      },
      "geometry": {
        "type": "Polygon",
        "coordinates": [
          [
            [
              -357.731,
              5.643
            ],
            [
              -334.657,
              73.073
            ],
            [
              -329.66,
              87.671
            ],
            [
              -331.363,
              88.254
            ],
            [
              -336.36,
              73.656
            ],
            [
              -359.434,
              6.226
            ],
            [
              -357.731,
              5.643
            ]
          ]
        ]
      }
    },
    {
      "type": "Feature",
      "id": "osm:way:781744842",
      "properties": {
        "id": "osm:way:781744842",
        "source_ids": [
          "osm:way:781744842",
          "source:osm"
        ],
        "name": null,
        "class": "footway",
        "width_m": 1.8,
        "width_status": "ESTIMATED",
        "width_method": "path_class_default",
        "surface_status": "ESTIMATED",
        "surface_method": "buffered_centerline",
        "centerline_length_m": 79.58,
        "centerline_local": {
          "type": "LineString",
          "coordinates": [
            [
              -302.191,
              175.234
            ],
            [
              -321.085,
              120.074
            ],
            [
              -326.64,
              99.538
            ]
          ]
        },
        "tags": {
          "footway": "sidewalk",
          "highway": "footway"
        }
      },
      "geometry": {
        "type": "Polygon",
        "coordinates": [
          [
            [
              -325.771,
              99.303
            ],
            [
              -320.224,
              119.81
            ],
            [
              -301.34,
              174.942
            ],
            [
              -303.043,
              175.525
            ],
            [
              -321.936,
              120.366
            ],
            [
              -321.954,
              120.309
            ],
            [
              -327.508,
              99.773
            ],
            [
              -325.771,
              99.303
            ]
          ]
        ]
      }
    },
    {
      "type": "Feature",
      "id": "osm:way:781744859",
      "properties": {
        "id": "osm:way:781744859",
        "source_ids": [
          "osm:way:781744859",
          "source:osm"
        ],
        "name": "Bonifacio South Street",
        "class": "pedestrian",
        "width_m": 5.0,
        "width_status": "ESTIMATED",
        "width_method": "path_class_default",
        "surface_status": "ESTIMATED",
        "surface_method": "buffered_centerline",
        "centerline_length_m": 109.52,
        "centerline_local": {
          "type": "LineString",
          "coordinates": [
            [
              -114.75,
              -237.612
            ],
            [
              -135.657,
              -230.726
            ],
            [
              -218.767,
              -203.345
            ]
          ]
        },
        "tags": {
          "highway": "pedestrian",
          "name": "Bonifacio South Street"
        }
      },
      "geometry": {
        "type": "Polygon",
        "coordinates": [
          [
            [
              -219.55,
              -205.72
            ],
            [
              -136.439,
              -233.101
            ],
            [
              -115.532,
              -239.986
            ],
            [
              -113.968,
              -235.237
            ],
            [
              -134.874,
              -228.352
            ],
            [
              -217.985,
              -200.971
            ],
            [
              -219.55,
              -205.72
            ]
          ]
        ]
      }
    },
    {
      "type": "Feature",
      "id": "osm:way:818287644",
      "properties": {
        "id": "osm:way:818287644",
        "source_ids": [
          "osm:way:818287644",
          "source:osm"
        ],
        "name": null,
        "class": "footway",
        "width_m": 1.8,
        "width_status": "ESTIMATED",
        "width_method": "path_class_default",
        "surface_status": "ESTIMATED",
        "surface_method": "buffered_centerline",
        "centerline_length_m": 183.61,
        "centerline_local": {
          "type": "LineString",
          "coordinates": [
            [
              -302.191,
              175.234
            ],
            [
              -276.647,
              166.206
            ],
            [
              -260.442,
              160.346
            ],
            [
              -249.049,
              156.541
            ],
            [
              -230.385,
              155.861
            ],
            [
              -212.034,
              155.184
            ],
            [
              -204.405,
              154.897
            ],
            [
              -181.534,
              154.624
            ],
            [
              -168.709,
              154.359
            ],
            [
              -123.756,
              141.005
            ]
          ]
        },
        "tags": {
          "footway": "sidewalk",
          "highway": "footway"
        }
      },
      "geometry": {
        "type": "Polygon",
        "coordinates": [
          [
            [
              -276.341,
              167.052
            ],
            [
              -276.347,
              167.054
            ],
            [
              -301.891,
              176.082
            ],
            [
              -302.491,
              174.385
            ],
            [
              -276.95,
              165.358
            ],
            [
              -260.748,
              159.499
            ],
            [
              -260.727,
              159.492
            ],
            [
              -249.334,
              155.687
            ],
            [
              -249.251,
              155.664
            ],
            [
              -249.167,
              155.649
            ],
            [
              -249.081,
              155.642
            ],
            [
              -230.418,
              154.962
            ],
            [
              -212.068,
              154.285
            ],
            [
              -204.439,
              153.998
            ],
            [
              -204.416,
              153.997
            ],
            [
              -181.549,
              153.724
            ],
            [
              -168.849,
              153.462
            ],
            [
              -124.013,
              140.142
            ],
            [
              -123.5,
              141.868
            ],
            [
              -168.453,
              155.222
            ],
            [
              -168.531,
              155.242
            ],
            [
              -168.61,
              155.254
            ],
            [
              -168.691,
              155.259
            ],
            [
              -181.516,
              155.524
            ],
            [
              -181.523,
              155.524
            ],
            [
              -204.383,
              155.797
            ],
            [
              -212.001,
              156.083
            ],
            [
              -230.352,
              156.761
            ],
            [
              -248.886,
              157.436
            ],
            [
              -260.146,
              161.196
            ],
            [
              -276.341,
              167.052
            ]
          ]
        ]
      }
    },
    {
      "type": "Feature",
      "id": "osm:way:818287645",
      "properties": {
        "id": "osm:way:818287645",
        "source_ids": [
          "osm:way:818287645",
          "source:osm"
        ],
        "name": null,
        "class": "footway",
        "width_m": 1.8,
        "width_status": "ESTIMATED",
        "width_method": "path_class_default",
        "surface_status": "ESTIMATED",
        "surface_method": "buffered_centerline",
        "centerline_length_m": 50.01,
        "centerline_local": {
          "type": "LineString",
          "coordinates": [
            [
              -230.752,
              173.46
            ],
            [
              -180.745,
              173.74
            ]
          ]
        },
        "tags": {
          "footway": "sidewalk",
          "highway": "footway"
        }
      },
      "geometry": {
        "type": "Polygon",
        "coordinates": [
          [
            [
              -180.74,
              172.84
            ],
            [
              -180.75,
              174.64
            ],
            [
              -230.757,
              174.36
            ],
            [
              -230.747,
              172.56
            ],
            [
              -180.74,
              172.84
            ]
          ]
        ]
      }
    },
    {
      "type": "Feature",
      "id": "osm:way:818287646",
      "properties": {
        "id": "osm:way:818287646",
        "source_ids": [
          "osm:way:818287646",
          "source:osm"
        ],
        "name": null,
        "class": "footway",
        "width_m": 1.8,
        "width_status": "ESTIMATED",
        "width_method": "path_class_default",
        "surface_status": "ESTIMATED",
        "surface_method": "buffered_centerline",
        "centerline_length_m": 41.77,
        "centerline_local": {
          "type": "LineString",
          "coordinates": [
            [
              -57.83,
              18.942
            ],
            [
              -65.393,
              2.95
            ],
            [
              -75.69,
              -18.819
            ]
          ]
        },
        "tags": {
          "highway": "footway"
        }
      },
      "geometry": {
        "type": "Polygon",
        "coordinates": [
          [
            [
              -74.877,
              -19.203
            ],
            [
              -64.58,
              2.565
            ],
            [
              -57.016,
              18.557
            ],
            [
              -58.643,
              19.327
            ],
            [
              -66.207,
              3.334
            ],
            [
              -76.504,
              -18.434
            ],
            [
              -74.877,
              -19.203
            ]
          ]
        ]
      }
    },
    {
      "type": "Feature",
      "id": "osm:way:818287647",
      "properties": {
        "id": "osm:way:818287647",
        "source_ids": [
          "osm:way:818287647",
          "source:osm"
        ],
        "name": null,
        "class": "footway",
        "width_m": 1.8,
        "width_status": "ESTIMATED",
        "width_method": "path_class_default",
        "surface_status": "ESTIMATED",
        "surface_method": "buffered_centerline",
        "centerline_length_m": 36.5,
        "centerline_local": {
          "type": "LineString",
          "coordinates": [
            [
              22.755,
              -10.088
            ],
            [
              18.964,
              -18.466
            ],
            [
              11.614,
              -34.737
            ],
            [
              7.725,
              -43.347
            ]
          ]
        },
        "tags": {
          "highway": "footway"
        }
      },
      "geometry": {
        "type": "Polygon",
        "coordinates": [
          [
            [
              12.434,
              -35.108
            ],
            [
              19.784,
              -18.837
            ],
            [
              23.575,
              -10.459
            ],
            [
              21.935,
              -9.717
            ],
            [
              18.144,
              -18.096
            ],
            [
              10.794,
              -34.367
            ],
            [
              6.904,
              -42.976
            ],
            [
              8.545,
              -43.717
            ],
            [
              12.434,
              -35.108
            ]
          ]
        ]
      }
    },
    {
      "type": "Feature",
      "id": "osm:way:818287648",
      "properties": {
        "id": "osm:way:818287648",
        "source_ids": [
          "osm:way:818287648",
          "source:osm"
        ],
        "name": null,
        "class": "footway",
        "width_m": 1.8,
        "width_status": "ESTIMATED",
        "width_method": "path_class_default",
        "surface_status": "ESTIMATED",
        "surface_method": "buffered_centerline",
        "centerline_length_m": 37.27,
        "centerline_local": {
          "type": "LineString",
          "coordinates": [
            [
              7.763,
              -4.781
            ],
            [
              5.543,
              -14.876
            ],
            [
              1.662,
              -32.561
            ],
            [
              -0.234,
              -41.187
            ]
          ]
        },
        "tags": {
          "highway": "footway"
        }
      },
      "geometry": {
        "type": "Polygon",
        "coordinates": [
          [
            [
              2.541,
              -32.754
            ],
            [
              6.422,
              -15.07
            ],
            [
              8.642,
              -4.974
            ],
            [
              6.884,
              -4.587
            ],
            [
              4.664,
              -14.684
            ],
            [
              0.783,
              -32.368
            ],
            [
              -1.113,
              -40.994
            ],
            [
              0.645,
              -41.38
            ],
            [
              2.541,
              -32.754
            ]
          ]
        ]
      }
    },
    {
      "type": "Feature",
      "id": "osm:way:846184115",
      "properties": {
        "id": "osm:way:846184115",
        "source_ids": [
          "osm:way:846184115",
          "source:osm"
        ],
        "name": null,
        "class": "pedestrian",
        "width_m": 5.0,
        "width_status": "ESTIMATED",
        "width_method": "path_class_default",
        "surface_status": "ESTIMATED",
        "surface_method": "buffered_centerline",
        "centerline_length_m": 25.8,
        "centerline_local": {
          "type": "LineString",
          "coordinates": [
            [
              -220.725,
              130.89
            ],
            [
              -212.034,
              155.184
            ]
          ]
        },
        "tags": {
          "highway": "pedestrian"
        }
      },
      "geometry": {
        "type": "Polygon",
        "coordinates": [
          [
            [
              -209.68,
              154.342
            ],
            [
              -214.388,
              156.026
            ],
            [
              -223.079,
              131.732
            ],
            [
              -218.371,
              130.048
            ],
            [
              -209.68,
              154.342
            ]
          ]
        ]
      }
    },
    {
      "type": "Feature",
      "id": "osm:way:846184117",
      "properties": {
        "id": "osm:way:846184117",
        "source_ids": [
          "osm:way:846184117",
          "source:osm"
        ],
        "name": "Bonifacio High Street",
        "class": "pedestrian",
        "width_m": 5.0,
        "width_status": "ESTIMATED",
        "width_method": "path_class_default",
        "surface_status": "ESTIMATED",
        "surface_method": "buffered_centerline",
        "centerline_length_m": 78.04,
        "centerline_local": {
          "type": "LineString",
          "coordinates": [
            [
              115.495,
              -82.334
            ],
            [
              97.681,
              -75.611
            ],
            [
              90.396,
              -72.871
            ],
            [
              83.917,
              -70.425
            ],
            [
              74.581,
              -66.848
            ],
            [
              55.384,
              -59.137
            ],
            [
              42.762,
              -54.071
            ]
          ]
        },
        "tags": {
          "highway": "pedestrian",
          "name": "Bonifacio High Street",
          "surface": "concrete"
        }
      },
      "geometry": {
        "type": "Polygon",
        "coordinates": [
          [
            [
              89.516,
              -75.211
            ],
            [
              96.8,
              -77.95
            ],
            [
              114.613,
              -84.673
            ],
            [
              116.378,
              -79.995
            ],
            [
              98.564,
              -73.272
            ],
            [
              98.561,
              -73.271
            ],
            [
              91.278,
              -70.531
            ],
            [
              84.806,
              -68.088
            ],
            [
              75.494,
              -64.521
            ],
            [
              56.315,
              -56.817
            ],
            [
              43.693,
              -51.751
            ],
            [
              41.831,
              -56.391
            ],
            [
              54.453,
              -61.457
            ],
            [
              73.649,
              -69.168
            ],
            [
              73.686,
              -69.183
            ],
            [
              83.023,
              -72.759
            ],
            [
              83.034,
              -72.764
            ],
            [
              89.513,
              -75.21
            ],
            [
              89.516,
              -75.211
            ]
          ]
        ]
      }
    },
    {
      "type": "Feature",
      "id": "osm:way:846184122",
      "properties": {
        "id": "osm:way:846184122",
        "source_ids": [
          "osm:way:846184122",
          "source:osm"
        ],
        "name": null,
        "class": "steps",
        "width_m": 2.0,
        "width_status": "ESTIMATED",
        "width_method": "path_class_default",
        "surface_status": "ESTIMATED",
        "surface_method": "buffered_centerline",
        "centerline_length_m": 31.68,
        "centerline_local": {
          "type": "LineString",
          "coordinates": [
            [
              -211.348,
              14.933
            ],
            [
              -179.915,
              18.847
            ]
          ]
        },
        "tags": {
          "highway": "steps"
        }
      },
      "geometry": {
        "type": "Polygon",
        "coordinates": [
          [
            [
              -179.791,
              17.854
            ],
            [
              -180.039,
              19.839
            ],
            [
              -211.472,
              15.925
            ],
            [
              -211.225,
              13.94
            ],
            [
              -179.791,
              17.854
            ]
          ]
        ]
      }
    },
    {
      "type": "Feature",
      "id": "osm:way:846184123",
      "properties": {
        "id": "osm:way:846184123",
        "source_ids": [
          "osm:way:846184123",
          "source:osm"
        ],
        "name": null,
        "class": "footway",
        "width_m": 1.8,
        "width_status": "ESTIMATED",
        "width_method": "path_class_default",
        "surface_status": "ESTIMATED",
        "surface_method": "buffered_centerline",
        "centerline_length_m": 8.35,
        "centerline_local": {
          "type": "LineString",
          "coordinates": [
            [
              -184.044,
              74.214
            ],
            [
              -176.365,
              70.94
            ]
          ]
        },
        "tags": {
          "highway": "footway"
        }
      },
      "geometry": {
        "type": "Polygon",
        "coordinates": [
          [
            [
              -176.718,
              70.112
            ],
            [
              -176.012,
              71.767
            ],
            [
              -183.691,
              75.042
            ],
            [
              -184.397,
              73.387
            ],
            [
              -176.718,
              70.112
            ]
          ]
        ]
      }
    },
    {
      "type": "Feature",
      "id": "osm:way:846184126",
      "properties": {
        "id": "osm:way:846184126",
        "source_ids": [
          "osm:way:846184126",
          "source:osm"
        ],
        "name": null,
        "class": "footway",
        "width_m": 1.8,
        "width_status": "ESTIMATED",
        "width_method": "path_class_default",
        "surface_status": "ESTIMATED",
        "surface_method": "buffered_centerline",
        "centerline_length_m": 22.23,
        "centerline_local": {
          "type": "LineString",
          "coordinates": [
            [
              -373.487,
              89.36
            ],
            [
              -355.535,
              102.475
            ]
          ]
        },
        "tags": {
          "highway": "footway"
        }
      },
      "geometry": {
        "type": "Polygon",
        "coordinates": [
          [
            [
              -355.004,
              101.748
            ],
            [
              -356.066,
              103.201
            ],
            [
              -374.017,
              90.087
            ],
            [
              -372.956,
              88.634
            ],
            [
              -355.004,
              101.748
            ]
          ]
        ]
      }
    },
    {
      "type": "Feature",
      "id": "osm:way:846184128",
      "properties": {
        "id": "osm:way:846184128",
        "source_ids": [
          "osm:way:846184128",
          "source:osm"
        ],
        "name": "Bonifacio High Street",
        "class": "pedestrian",
        "width_m": 5.0,
        "width_status": "ESTIMATED",
        "width_method": "path_class_default",
        "surface_status": "ESTIMATED",
        "surface_method": "buffered_centerline",
        "centerline_length_m": 11.92,
        "centerline_local": {
          "type": "LineString",
          "coordinates": [
            [
              -362.249,
              82.435
            ],
            [
              -373.513,
              86.324
            ]
          ]
        },
        "tags": {
          "highway": "pedestrian",
          "name": "Bonifacio High Street"
        }
      },
      "geometry": {
        "type": "Polygon",
        "coordinates": [
          [
            [
              -372.697,
              88.687
            ],
            [
              -374.328,
              83.961
            ],
            [
              -363.065,
              80.072
            ],
            [
              -361.433,
              84.799
            ],
            [
              -372.697,
              88.687
            ]
          ]
        ]
      }
    },
    {
      "type": "Feature",
      "id": "osm:way:846184145",
      "properties": {
        "id": "osm:way:846184145",
        "source_ids": [
          "osm:way:846184145",
          "source:osm"
        ],
        "name": null,
        "class": "footway",
        "width_m": 1.8,
        "width_status": "ESTIMATED",
        "width_method": "path_class_default",
        "surface_status": "ESTIMATED",
        "surface_method": "buffered_centerline",
        "centerline_length_m": 74.02,
        "centerline_local": {
          "type": "LineString",
          "coordinates": [
            [
              -328.899,
              179.214
            ],
            [
              -352.858,
              109.18
            ]
          ]
        },
        "tags": {
          "footway": "sidewalk",
          "highway": "footway"
        }
      },
      "geometry": {
        "type": "Polygon",
        "coordinates": [
          [
            [
              -353.71,
              109.471
            ],
            [
              -352.006,
              108.889
            ],
            [
              -328.048,
              178.922
            ],
            [
              -329.751,
              179.505
            ],
            [
              -353.71,
              109.471
            ]
          ]
        ]
      }
    },
    {
      "type": "Feature",
      "id": "osm:way:846184146",
      "properties": {
        "id": "osm:way:846184146",
        "source_ids": [
          "osm:way:846184146",
          "source:osm"
        ],
        "name": null,
        "class": "footway",
        "width_m": 1.8,
        "width_status": "ESTIMATED",
        "width_method": "path_class_default",
        "surface_status": "ESTIMATED",
        "surface_method": "buffered_centerline",
        "centerline_length_m": 51.89,
        "centerline_local": {
          "type": "LineString",
          "coordinates": [
            [
              -357.415,
              96.924
            ],
            [
              -362.249,
              82.435
            ],
            [
              -373.843,
              47.702
            ]
          ]
        },
        "tags": {
          "footway": "sidewalk",
          "highway": "footway"
        }
      },
      "geometry": {
        "type": "Polygon",
        "coordinates": [
          [
            [
              -372.99,
              47.417
            ],
            [
              -361.396,
              82.151
            ],
            [
              -356.561,
              96.639
            ],
            [
              -358.269,
              97.209
            ],
            [
              -363.103,
              82.72
            ],
            [
              -374.697,
              47.987
            ],
            [
              -372.99,
              47.417
            ]
          ]
        ]
      }
    },
    {
      "type": "Feature",
      "id": "osm:way:846184147",
      "properties": {
        "id": "osm:way:846184147",
        "source_ids": [
          "osm:way:846184147",
          "source:osm"
        ],
        "name": null,
        "class": "footway",
        "width_m": 1.8,
        "width_status": "ESTIMATED",
        "width_method": "path_class_default",
        "surface_status": "ESTIMATED",
        "surface_method": "buffered_centerline",
        "centerline_length_m": 16.87,
        "centerline_local": {
          "type": "LineString",
          "coordinates": [
            [
              -330.511,
              87.962
            ],
            [
              -336.864,
              90.031
            ],
            [
              -346.527,
              93.279
            ]
          ]
        },
        "tags": {
          "crossing": "traffic_signals",
          "footway": "crossing",
          "highway": "footway",
          "surface": "paved"
        }
      },
      "geometry": {
        "type": "Polygon",
        "coordinates": [
          [
            [
              -337.151,
              89.178
            ],
            [
              -337.143,
              89.175
            ],
            [
              -330.79,
              87.107
            ],
            [
              -330.233,
              88.818
            ],
            [
              -336.581,
              90.885
            ],
            [
              -346.24,
              94.132
            ],
            [
              -346.813,
              92.426
            ],
            [
              -337.151,
              89.178
            ]
          ]
        ]
      }
    },
    {
      "type": "Feature",
      "id": "osm:way:846184148",
      "properties": {
        "id": "osm:way:846184148",
        "source_ids": [
          "osm:way:846184148",
          "source:osm"
        ],
        "name": "Bonifacio High Street",
        "class": "pedestrian",
        "width_m": 5.0,
        "width_status": "ESTIMATED",
        "width_method": "path_class_default",
        "surface_status": "ESTIMATED",
        "surface_method": "buffered_centerline",
        "centerline_length_m": 28.41,
        "centerline_local": {
          "type": "LineString",
          "coordinates": [
            [
              -311.657,
              57.921
            ],
            [
              -335.509,
              73.364
            ]
          ]
        },
        "tags": {
          "highway": "pedestrian",
          "name": "Bonifacio High Street"
        }
      },
      "geometry": {
        "type": "Polygon",
        "coordinates": [
          [
            [
              -334.15,
              75.463
            ],
            [
              -336.867,
              71.266
            ],
            [
              -313.016,
              55.823
            ],
            [
              -310.299,
              60.02
            ],
            [
              -334.15,
              75.463
            ]
          ]
        ]
      }
    },
    {
      "type": "Feature",
      "id": "osm:way:846184149",
      "properties": {
        "id": "osm:way:846184149",
        "source_ids": [
          "osm:way:846184149",
          "source:osm"
        ],
        "name": "Bonifacio High Street",
        "class": "pedestrian",
        "width_m": 5.0,
        "width_status": "ESTIMATED",
        "width_method": "path_class_default",
        "surface_status": "ESTIMATED",
        "surface_method": "buffered_centerline",
        "centerline_length_m": 60.11,
        "centerline_local": {
          "type": "LineString",
          "coordinates": [
            [
              -311.657,
              57.921
            ],
            [
              -309.364,
              56.364
            ],
            [
              -289.024,
              51.265
            ],
            [
              -253.755,
              42.409
            ]
          ]
        },
        "tags": {
          "highway": "pedestrian",
          "name": "Bonifacio High Street"
        }
      },
      "geometry": {
        "type": "Polygon",
        "coordinates": [
          [
            [
              -288.416,
              53.69
            ],
            [
              -308.326,
              58.681
            ],
            [
              -310.252,
              59.989
            ],
            [
              -313.062,
              55.853
            ],
            [
              -310.769,
              54.296
            ],
            [
              -310.582,
              54.18
            ],
            [
              -310.386,
              54.082
            ],
            [
              -310.182,
              54.001
            ],
            [
              -309.972,
              53.939
            ],
            [
              -289.633,
              48.84
            ],
            [
              -254.364,
              39.984
            ],
            [
              -253.146,
              44.833
            ],
            [
              -288.416,
              53.69
            ]
          ]
        ]
      }
    },
    {
      "type": "Feature",
      "id": "osm:way:846184150",
      "properties": {
        "id": "osm:way:846184150",
        "source_ids": [
          "osm:way:846184150",
          "source:osm"
        ],
        "name": null,
        "class": "footway",
        "width_m": 1.8,
        "width_status": "ESTIMATED",
        "width_method": "path_class_default",
        "surface_status": "ESTIMATED",
        "surface_method": "buffered_centerline",
        "centerline_length_m": 12.69,
        "centerline_local": {
          "type": "LineString",
          "coordinates": [
            [
              -240.277,
              73.18
            ],
            [
              -227.962,
              76.25
            ]
          ]
        },
        "tags": {
          "highway": "footway"
        }
      },
      "geometry": {
        "type": "Polygon",
        "coordinates": [
          [
            [
              -227.744,
              75.377
            ],
            [
              -228.18,
              77.124
            ],
            [
              -240.494,
              74.053
            ],
            [
              -240.059,
              72.306
            ],
            [
              -227.744,
              75.377
            ]
          ]
        ]
      }
    },
    {
      "type": "Feature",
      "id": "osm:way:846184151",
      "properties": {
        "id": "osm:way:846184151",
        "source_ids": [
          "osm:way:846184151",
          "source:osm"
        ],
        "name": null,
        "class": "pedestrian",
        "width_m": 5.0,
        "width_status": "ESTIMATED",
        "width_method": "path_class_default",
        "surface_status": "ESTIMATED",
        "surface_method": "buffered_centerline",
        "centerline_length_m": 10.07,
        "centerline_local": {
          "type": "LineString",
          "coordinates": [
            [
              -254.573,
              24.997
            ],
            [
              -264.217,
              27.89
            ]
          ]
        },
        "tags": {
          "highway": "pedestrian",
          "layer": "1"
        }
      },
      "geometry": {
        "type": "Polygon",
        "coordinates": [
          [
            [
              -263.498,
              30.285
            ],
            [
              -264.935,
              25.496
            ],
            [
              -255.291,
              22.602
            ],
            [
              -253.854,
              27.391
            ],
            [
              -263.498,
              30.285
            ]
          ]
        ]
      }
    },
    {
      "type": "Feature",
      "id": "osm:way:846184152",
      "properties": {
        "id": "osm:way:846184152",
        "source_ids": [
          "osm:way:846184152",
          "source:osm"
        ],
        "name": "Bonifacio High Street",
        "class": "pedestrian",
        "width_m": 5.0,
        "width_status": "ESTIMATED",
        "width_method": "path_class_default",
        "surface_status": "ESTIMATED",
        "surface_method": "buffered_centerline",
        "centerline_length_m": 55.29,
        "centerline_local": {
          "type": "LineString",
          "coordinates": [
            [
              -172.92,
              20.06
            ],
            [
              -184.044,
              74.214
            ]
          ]
        },
        "tags": {
          "highway": "pedestrian",
          "name": "Bonifacio High Street"
        }
      },
      "geometry": {
        "type": "Polygon",
        "coordinates": [
          [
            [
              -181.595,
              74.718
            ],
            [
              -186.493,
              73.711
            ],
            [
              -175.369,
              19.557
            ],
            [
              -170.471,
              20.563
            ],
            [
              -181.595,
              74.718
            ]
          ]
        ]
      }
    },
    {
      "type": "Feature",
      "id": "osm:way:846184153",
      "properties": {
        "id": "osm:way:846184153",
        "source_ids": [
          "osm:way:846184153",
          "source:osm"
        ],
        "name": null,
        "class": "footway",
        "width_m": 1.8,
        "width_status": "ESTIMATED",
        "width_method": "path_class_default",
        "surface_status": "ESTIMATED",
        "surface_method": "buffered_centerline",
        "centerline_length_m": 12.81,
        "centerline_local": {
          "type": "LineString",
          "coordinates": [
            [
              -164.679,
              53.509
            ],
            [
              -156.539,
              43.624
            ]
          ]
        },
        "tags": {
          "highway": "footway"
        }
      },
      "geometry": {
        "type": "Polygon",
        "coordinates": [
          [
            [
              -157.233,
              43.052
            ],
            [
              -155.844,
              44.196
            ],
            [
              -163.984,
              54.082
            ],
            [
              -165.373,
              52.937
            ],
            [
              -157.233,
              43.052
            ]
          ]
        ]
      }
    },
    {
      "type": "Feature",
      "id": "osm:way:846184154",
      "properties": {
        "id": "osm:way:846184154",
        "source_ids": [
          "osm:way:846184154",
          "source:osm"
        ],
        "name": null,
        "class": "footway",
        "width_m": 1.8,
        "width_status": "ESTIMATED",
        "width_method": "path_class_default",
        "surface_status": "ESTIMATED",
        "surface_method": "buffered_centerline",
        "centerline_length_m": 7.1,
        "centerline_local": {
          "type": "LineString",
          "coordinates": [
            [
              -179.915,
              18.847
            ],
            [
              -172.92,
              20.06
            ]
          ]
        },
        "tags": {
          "highway": "footway"
        }
      },
      "geometry": {
        "type": "Polygon",
        "coordinates": [
          [
            [
              -172.766,
              19.173
            ],
            [
              -173.074,
              20.946
            ],
            [
              -180.069,
              19.734
            ],
            [
              -179.761,
              17.96
            ],
            [
              -172.766,
              19.173
            ]
          ]
        ]
      }
    },
    {
      "type": "Feature",
      "id": "osm:way:846184157",
      "properties": {
        "id": "osm:way:846184157",
        "source_ids": [
          "osm:way:846184157",
          "source:osm"
        ],
        "name": null,
        "class": "footway",
        "width_m": 1.8,
        "width_status": "ESTIMATED",
        "width_method": "path_class_default",
        "surface_status": "ESTIMATED",
        "surface_method": "buffered_centerline",
        "centerline_length_m": 2.24,
        "centerline_local": {
          "type": "LineString",
          "coordinates": [
            [
              -203.553,
              68.096
            ],
            [
              -201.709,
              69.364
            ]
          ]
        },
        "tags": {
          "highway": "footway"
        }
      },
      "geometry": {
        "type": "Polygon",
        "coordinates": [
          [
            [
              -201.199,
              68.622
            ],
            [
              -202.219,
              70.105
            ],
            [
              -204.063,
              68.837
            ],
            [
              -203.043,
              67.354
            ],
            [
              -201.199,
              68.622
            ]
          ]
        ]
      }
    },
    {
      "type": "Feature",
      "id": "osm:way:846184158",
      "properties": {
        "id": "osm:way:846184158",
        "source_ids": [
          "osm:way:846184158",
          "source:osm"
        ],
        "name": null,
        "class": "steps",
        "width_m": 2.0,
        "width_status": "ESTIMATED",
        "width_method": "path_class_default",
        "surface_status": "ESTIMATED",
        "surface_method": "buffered_centerline",
        "centerline_length_m": 6.39,
        "centerline_local": {
          "type": "LineString",
          "coordinates": [
            [
              -201.709,
              69.364
            ],
            [
              -196.312,
              72.792
            ]
          ]
        },
        "tags": {
          "highway": "steps"
        }
      },
      "geometry": {
        "type": "Polygon",
        "coordinates": [
          [
            [
              -195.776,
              71.948
            ],
            [
              -196.848,
              73.636
            ],
            [
              -202.245,
              70.208
            ],
            [
              -201.173,
              68.52
            ],
            [
              -195.776,
              71.948
            ]
          ]
        ]
      }
    },
    {
      "type": "Feature",
      "id": "osm:way:846184159",
      "properties": {
        "id": "osm:way:846184159",
        "source_ids": [
          "osm:way:846184159",
          "source:osm"
        ],
        "name": null,
        "class": "footway",
        "width_m": 1.8,
        "width_status": "ESTIMATED",
        "width_method": "path_class_default",
        "surface_status": "ESTIMATED",
        "surface_method": "buffered_centerline",
        "centerline_length_m": 3.75,
        "centerline_local": {
          "type": "LineString",
          "coordinates": [
            [
              -196.312,
              72.792
            ],
            [
              -193.19,
              74.868
            ]
          ]
        },
        "tags": {
          "highway": "footway"
        }
      },
      "geometry": {
        "type": "Polygon",
        "coordinates": [
          [
            [
              -192.691,
              74.119
            ],
            [
              -193.688,
              75.618
            ],
            [
              -196.81,
              73.542
            ],
            [
              -195.814,
              72.043
            ],
            [
              -192.691,
              74.119
            ]
          ]
        ]
      }
    },
    {
      "type": "Feature",
      "id": "osm:way:846184164",
      "properties": {
        "id": "osm:way:846184164",
        "source_ids": [
          "osm:way:846184164",
          "source:osm"
        ],
        "name": null,
        "class": "steps",
        "width_m": 2.0,
        "width_status": "ESTIMATED",
        "width_method": "path_class_default",
        "surface_status": "ESTIMATED",
        "surface_method": "buffered_centerline",
        "centerline_length_m": 5.29,
        "centerline_local": {
          "type": "LineString",
          "coordinates": [
            [
              -196.854,
              52.302
            ],
            [
              -201.084,
              55.481
            ]
          ]
        },
        "tags": {
          "highway": "steps"
        }
      },
      "geometry": {
        "type": "Polygon",
        "coordinates": [
          [
            [
              -200.484,
              56.28
            ],
            [
              -201.685,
              54.681
            ],
            [
              -197.455,
              51.502
            ],
            [
              -196.253,
              53.101
            ],
            [
              -200.484,
              56.28
            ]
          ]
        ]
      }
    },
    {
      "type": "Feature",
      "id": "osm:way:846184168",
      "properties": {
        "id": "osm:way:846184168",
        "source_ids": [
          "osm:way:846184168",
          "source:osm"
        ],
        "name": null,
        "class": "footway",
        "width_m": 1.8,
        "width_status": "ESTIMATED",
        "width_method": "path_class_default",
        "surface_status": "ESTIMATED",
        "surface_method": "buffered_centerline",
        "centerline_length_m": 29.56,
        "centerline_local": {
          "type": "LineString",
          "coordinates": [
            [
              -217.701,
              38.404
            ],
            [
              -246.792,
              43.633
            ]
          ]
        },
        "tags": {
          "highway": "footway"
        }
      },
      "geometry": {
        "type": "Polygon",
        "coordinates": [
          [
            [
              -246.633,
              44.518
            ],
            [
              -246.951,
              42.747
            ],
            [
              -217.86,
              37.518
            ],
            [
              -217.542,
              39.29
            ],
            [
              -246.633,
              44.518
            ]
          ]
        ]
      }
    },
    {
      "type": "Feature",
      "id": "osm:way:902502666",
      "properties": {
        "id": "osm:way:902502666",
        "source_ids": [
          "osm:way:902502666",
          "source:osm"
        ],
        "name": null,
        "class": "footway",
        "width_m": 1.8,
        "width_status": "ESTIMATED",
        "width_method": "path_class_default",
        "surface_status": "ESTIMATED",
        "surface_method": "buffered_centerline",
        "centerline_length_m": 51.18,
        "centerline_local": {
          "type": "LineString",
          "coordinates": [
            [
              62.979,
              -239.131
            ],
            [
              64.344,
              -229.128
            ],
            [
              64.95,
              -225.138
            ],
            [
              65.657,
              -220.518
            ],
            [
              68.212,
              -211.676
            ],
            [
              72.391,
              -203.279
            ],
            [
              77.296,
              -198.108
            ],
            [
              82.068,
              -193.457
            ]
          ]
        },
        "tags": {
          "highway": "footway",
          "surface": "paving_stones"
        }
      },
      "geometry": {
        "type": "Polygon",
        "coordinates": [
          [
            [
              63.454,
              -228.993
            ],
            [
              63.452,
              -229.006
            ],
            [
              62.087,
              -239.009
            ],
            [
              63.871,
              -239.253
            ],
            [
              65.235,
              -229.256
            ],
            [
              65.839,
              -225.273
            ],
            [
              66.538,
              -220.712
            ],
            [
              69.054,
              -212.004
            ],
            [
              73.137,
              -203.8
            ],
            [
              77.937,
              -198.741
            ],
            [
              82.696,
              -194.101
            ],
            [
              81.44,
              -192.812
            ],
            [
              76.668,
              -197.464
            ],
            [
              76.644,
              -197.489
            ],
            [
              71.738,
              -202.659
            ],
            [
              71.68,
              -202.727
            ],
            [
              71.629,
              -202.8
            ],
            [
              71.585,
              -202.878
            ],
            [
              67.406,
              -211.275
            ],
            [
              67.374,
              -211.349
            ],
            [
              67.348,
              -211.426
            ],
            [
              64.793,
              -220.268
            ],
            [
              64.768,
              -220.382
            ],
            [
              64.06,
              -225.001
            ],
            [
              64.06,
              -225.003
            ],
            [
              63.454,
              -228.993
            ]
          ]
        ]
      }
    },
    {
      "type": "Feature",
      "id": "osm:way:902502671",
      "properties": {
        "id": "osm:way:902502671",
        "source_ids": [
          "osm:way:902502671",
          "source:osm"
        ],
        "name": null,
        "class": "footway",
        "width_m": 1.8,
        "width_status": "ESTIMATED",
        "width_method": "path_class_default",
        "surface_status": "ESTIMATED",
        "surface_method": "buffered_centerline",
        "centerline_length_m": 52.77,
        "centerline_local": {
          "type": "LineString",
          "coordinates": [
            [
              52.487,
              -239.041
            ],
            [
              57.483,
              -225.959
            ],
            [
              69.795,
              -189.202
            ]
          ]
        },
        "tags": {
          "highway": "footway"
        }
      },
      "geometry": {
        "type": "Polygon",
        "coordinates": [
          [
            [
              68.941,
              -188.916
            ],
            [
              56.636,
              -225.656
            ],
            [
              51.646,
              -238.72
            ],
            [
              53.328,
              -239.362
            ],
            [
              58.324,
              -226.28
            ],
            [
              58.337,
              -226.245
            ],
            [
              70.648,
              -189.488
            ],
            [
              68.941,
              -188.916
            ]
          ]
        ]
      }
    },
    {
      "type": "Feature",
      "id": "osm:way:902502674",
      "properties": {
        "id": "osm:way:902502674",
        "source_ids": [
          "osm:way:902502674",
          "source:osm"
        ],
        "name": null,
        "class": "footway",
        "width_m": 1.8,
        "width_status": "ESTIMATED",
        "width_method": "path_class_default",
        "surface_status": "ESTIMATED",
        "surface_method": "buffered_centerline",
        "centerline_length_m": 40.28,
        "centerline_local": {
          "type": "LineString",
          "coordinates": [
            [
              91.569,
              -239.375
            ],
            [
              92.135,
              -237.709
            ],
            [
              104.53,
              -201.24
            ]
          ]
        },
        "tags": {
          "highway": "footway"
        }
      },
      "geometry": {
        "type": "Polygon",
        "coordinates": [
          [
            [
              103.678,
              -200.951
            ],
            [
              91.283,
              -237.419
            ],
            [
              90.716,
              -239.086
            ],
            [
              92.421,
              -239.665
            ],
            [
              92.987,
              -237.999
            ],
            [
              105.382,
              -201.53
            ],
            [
              103.678,
              -200.951
            ]
          ]
        ]
      }
    },
    {
      "type": "Feature",
      "id": "osm:way:902502676",
      "properties": {
        "id": "osm:way:902502676",
        "source_ids": [
          "osm:way:902502676",
          "source:osm"
        ],
        "name": null,
        "class": "footway",
        "width_m": 1.8,
        "width_status": "ESTIMATED",
        "width_method": "path_class_default",
        "surface_status": "ESTIMATED",
        "surface_method": "buffered_centerline",
        "centerline_length_m": 49.08,
        "centerline_local": {
          "type": "LineString",
          "coordinates": [
            [
              88.785,
              -195.783
            ],
            [
              88.595,
              -216.774
            ],
            [
              79.086,
              -222.06
            ],
            [
              79.175,
              -229.243
            ],
            [
              78.888,
              -239.267
            ]
          ]
        },
        "tags": {
          "highway": "footway",
          "surface": "paving_stones"
        }
      },
      "geometry": {
        "type": "Polygon",
        "coordinates": [
          [
            [
              89.49,
              -216.869
            ],
            [
              89.495,
              -216.783
            ],
            [
              89.685,
              -195.791
            ],
            [
              87.885,
              -195.775
            ],
            [
              87.7,
              -216.242
            ],
            [
              78.649,
              -221.274
            ],
            [
              78.574,
              -221.32
            ],
            [
              78.504,
              -221.374
            ],
            [
              78.44,
              -221.434
            ],
            [
              78.382,
              -221.5
            ],
            [
              78.33,
              -221.571
            ],
            [
              78.286,
              -221.647
            ],
            [
              78.25,
              -221.728
            ],
            [
              78.221,
              -221.811
            ],
            [
              78.201,
              -221.896
            ],
            [
              78.189,
              -221.984
            ],
            [
              78.186,
              -222.072
            ],
            [
              78.275,
              -229.236
            ],
            [
              77.988,
              -239.241
            ],
            [
              79.788,
              -239.293
            ],
            [
              80.075,
              -229.269
            ],
            [
              80.075,
              -229.232
            ],
            [
              79.993,
              -222.586
            ],
            [
              89.033,
              -217.561
            ],
            [
              89.106,
              -217.516
            ],
            [
              89.174,
              -217.463
            ],
            [
              89.238,
              -217.405
            ],
            [
              89.295,
              -217.34
            ],
            [
              89.346,
              -217.271
            ],
            [
              89.39,
              -217.197
            ],
            [
              89.427,
              -217.119
            ],
            [
              89.456,
              -217.037
            ],
            [
              89.477,
              -216.954
            ],
            [
              89.49,
              -216.869
            ]
          ]
        ]
      }
    },
    {
      "type": "Feature",
      "id": "osm:way:902502677",
      "properties": {
        "id": "osm:way:902502677",
        "source_ids": [
          "osm:way:902502677",
          "source:osm"
        ],
        "name": null,
        "class": "footway",
        "width_m": 1.8,
        "width_status": "ESTIMATED",
        "width_method": "path_class_default",
        "surface_status": "ESTIMATED",
        "surface_method": "buffered_centerline",
        "centerline_length_m": 37.97,
        "centerline_local": {
          "type": "LineString",
          "coordinates": [
            [
              57.483,
              -225.959
            ],
            [
              64.95,
              -225.138
            ],
            [
              71.233,
              -226.53
            ],
            [
              76.618,
              -228.303
            ],
            [
              79.175,
              -229.243
            ],
            [
              86.625,
              -232.848
            ],
            [
              92.135,
              -237.709
            ]
          ]
        },
        "tags": {
          "highway": "footway",
          "surface": "paving_stones"
        }
      },
      "geometry": {
        "type": "Polygon",
        "coordinates": [
          [
            [
              64.949,
              -224.238
            ],
            [
              64.851,
              -224.243
            ],
            [
              57.385,
              -225.065
            ],
            [
              57.582,
              -226.854
            ],
            [
              64.9,
              -226.049
            ],
            [
              70.994,
              -227.399
            ],
            [
              76.322,
              -229.153
            ],
            [
              78.823,
              -230.073
            ],
            [
              86.122,
              -233.605
            ],
            [
              91.54,
              -238.384
            ],
            [
              92.731,
              -237.034
            ],
            [
              87.221,
              -232.173
            ],
            [
              87.157,
              -232.122
            ],
            [
              87.089,
              -232.077
            ],
            [
              87.017,
              -232.038
            ],
            [
              79.567,
              -228.433
            ],
            [
              79.486,
              -228.399
            ],
            [
              76.929,
              -227.458
            ],
            [
              76.899,
              -227.448
            ],
            [
              71.514,
              -225.676
            ],
            [
              71.428,
              -225.652
            ],
            [
              65.144,
              -224.259
            ],
            [
              65.047,
              -224.243
            ],
            [
              64.949,
              -224.238
            ]
          ]
        ]
      }
    },
    {
      "type": "Feature",
      "id": "osm:way:929418257",
      "properties": {
        "id": "osm:way:929418257",
        "source_ids": [
          "osm:way:929418257",
          "source:osm"
        ],
        "name": null,
        "class": "footway",
        "width_m": 1.8,
        "width_status": "ESTIMATED",
        "width_method": "path_class_default",
        "surface_status": "ESTIMATED",
        "surface_method": "buffered_centerline",
        "centerline_length_m": 6.23,
        "centerline_local": {
          "type": "LineString",
          "coordinates": [
            [
              -248.24,
              39.506
            ],
            [
              -253.755,
              42.409
            ]
          ]
        },
        "tags": {
          "highway": "footway"
        }
      },
      "geometry": {
        "type": "Polygon",
        "coordinates": [
          [
            [
              -253.336,
              43.205
            ],
            [
              -254.174,
              41.612
            ],
            [
              -248.659,
              38.71
            ],
            [
              -247.821,
              40.303
            ],
            [
              -253.336,
              43.205
            ]
          ]
        ]
      }
    },
    {
      "type": "Feature",
      "id": "osm:way:929418258",
      "properties": {
        "id": "osm:way:929418258",
        "source_ids": [
          "osm:way:929418258",
          "source:osm"
        ],
        "name": "Bonifacio High Street",
        "class": "pedestrian",
        "width_m": 5.0,
        "width_status": "ESTIMATED",
        "width_method": "path_class_default",
        "surface_status": "ESTIMATED",
        "surface_method": "buffered_centerline",
        "centerline_length_m": 5.26,
        "centerline_local": {
          "type": "LineString",
          "coordinates": [
            [
              -189.302,
              74.414
            ],
            [
              -184.044,
              74.214
            ]
          ]
        },
        "tags": {
          "highway": "pedestrian",
          "name": "Bonifacio High Street"
        }
      },
      "geometry": {
        "type": "Polygon",
        "coordinates": [
          [
            [
              -184.139,
              71.716
            ],
            [
              -183.949,
              76.713
            ],
            [
              -189.207,
              76.913
            ],
            [
              -189.397,
              71.916
            ],
            [
              -184.139,
              71.716
            ]
          ]
        ]
      }
    },
    {
      "type": "Feature",
      "id": "osm:way:929418259",
      "properties": {
        "id": "osm:way:929418259",
        "source_ids": [
          "osm:way:929418259",
          "source:osm"
        ],
        "name": null,
        "class": "footway",
        "width_m": 1.8,
        "width_status": "ESTIMATED",
        "width_method": "path_class_default",
        "surface_status": "ESTIMATED",
        "surface_method": "buffered_centerline",
        "centerline_length_m": 47.37,
        "centerline_local": {
          "type": "LineString",
          "coordinates": [
            [
              -263.807,
              -8.555
            ],
            [
              -219.383,
              -23.311
            ],
            [
              -219.206,
              -22.781
            ]
          ]
        },
        "tags": {
          "highway": "footway"
        }
      },
      "geometry": {
        "type": "Polygon",
        "coordinates": [
          [
            [
              -218.352,
              -23.066
            ],
            [
              -219.52,
              -22.676
            ],
            [
              -219.102,
              -22.467
            ],
            [
              -219.099,
              -22.457
            ],
            [
              -263.523,
              -7.701
            ],
            [
              -264.09,
              -9.409
            ],
            [
              -219.666,
              -24.165
            ],
            [
              -219.581,
              -24.188
            ],
            [
              -219.494,
              -24.204
            ],
            [
              -219.406,
              -24.21
            ],
            [
              -219.318,
              -24.208
            ],
            [
              -219.231,
              -24.198
            ],
            [
              -219.145,
              -24.179
            ],
            [
              -219.061,
              -24.151
            ],
            [
              -218.98,
              -24.116
            ],
            [
              -218.903,
              -24.072
            ],
            [
              -218.831,
              -24.022
            ],
            [
              -218.764,
              -23.964
            ],
            [
              -218.703,
              -23.901
            ],
            [
              -218.648,
              -23.831
            ],
            [
              -218.601,
              -23.757
            ],
            [
              -218.561,
              -23.678
            ],
            [
              -218.529,
              -23.596
            ],
            [
              -218.352,
              -23.066
            ]
          ]
        ]
      }
    },
    {
      "type": "Feature",
      "id": "osm:way:929418260",
      "properties": {
        "id": "osm:way:929418260",
        "source_ids": [
          "osm:way:929418260",
          "source:osm"
        ],
        "name": null,
        "class": "footway",
        "width_m": 1.8,
        "width_status": "ESTIMATED",
        "width_method": "path_class_default",
        "surface_status": "ESTIMATED",
        "surface_method": "buffered_centerline",
        "centerline_length_m": 28.3,
        "centerline_local": {
          "type": "LineString",
          "coordinates": [
            [
              -219.206,
              -22.781
            ],
            [
              -210.61,
              4.181
            ]
          ]
        },
        "tags": {
          "highway": "footway",
          "layer": "-1"
        }
      },
      "geometry": {
        "type": "Polygon",
        "coordinates": [
          [
            [
              -209.753,
              3.907
            ],
            [
              -211.468,
              4.454
            ],
            [
              -220.063,
              -22.508
            ],
            [
              -218.348,
              -23.054
            ],
            [
              -209.753,
              3.907
            ]
          ]
        ]
      }
    },
    {
      "type": "Feature",
      "id": "osm:way:929418261",
      "properties": {
        "id": "osm:way:929418261",
        "source_ids": [
          "osm:way:929418261",
          "source:osm"
        ],
        "name": null,
        "class": "footway",
        "width_m": 1.8,
        "width_status": "ESTIMATED",
        "width_method": "path_class_default",
        "surface_status": "ESTIMATED",
        "surface_method": "buffered_centerline",
        "centerline_length_m": 4.03,
        "centerline_local": {
          "type": "LineString",
          "coordinates": [
            [
              -210.61,
              4.181
            ],
            [
              -209.467,
              8.044
            ]
          ]
        },
        "tags": {
          "highway": "footway"
        }
      },
      "geometry": {
        "type": "Polygon",
        "coordinates": [
          [
            [
              -208.604,
              7.789
            ],
            [
              -210.33,
              8.3
            ],
            [
              -211.473,
              4.436
            ],
            [
              -209.747,
              3.925
            ],
            [
              -208.604,
              7.789
            ]
          ]
        ]
      }
    }
  ]
}
