{
  "type": "FeatureCollection",
  "features": [
    {
      "type": "Feature",
      "properties": {
        "surface_class": "ROAD",
        "grounding": "VERIFIED_GEOGRAPHIC"
      },
      "geometry": {
        "type": "MultiPolygon",
        "coordinates": [
          [
            [
              [
                -139.423,
                45.088
              ],
              [
                -141.462,
                38.64
              ],
              [
                -141.518,
                38.473
              ],
              [
                -146.347,
                24.548
              ],
              [
                -150.636,
                12.209
              ],
              [
                -152.1470924054711,
                12.734151789578169
              ],
              [
                -159.13488044991414,
                -8.030582447132948
              ],
              [
                -168.12967540766573,
                -4.6607950400765175
              ],
              [
                -161.231,
                15.841
              ],
              [
                -156.68149999999991,
                14.309999999999972
              ],
              [
                -162.727,
                16.411
              ],
              [
                -158.44,
                28.745
              ],
              [
                -153.64,
                42.584
              ],
              [
                -151.628,
                48.944
              ],
              [
                -150.82,
                51.504
              ],
              [
                -150.779,
                51.629
              ],
              [
                -145.39890936672757,
                67.51851132606448
              ],
              [
                -133.43846236214745,
                62.92998014355724
              ],
              [
                -138.634,
                47.586
              ],
              [
                -139.423,
                45.088
              ]
            ]
          ],
          [
            [
              [
                28.594594405268484,
                -49.32220061831291
              ],
              [
                28.594,
                -49.322
              ],
              [
                39.808,
                -16.107
              ],
              [
                44.16427786848675,
                -17.577770595220183
              ],
              [
                39.812,
                -16.097
              ],
              [
                46.42308262917289,
                3.3296580255534614
              ],
              [
                50.55434871202783,
                1.9042232286953227
              ],
              [
                52.08029543077996,
                1.462571405416974
              ],
              [
                52.757370752738254,
                1.2414855860020089
              ],
              [
                55.51681188996128,
                0.2539219031444266
              ],
              [
                48.90376995060549,
                -19.177922330508956
              ],
              [
                48.904,
                -19.178
              ],
              [
                37.69,
                -52.392
              ],
              [
                33.799109208929146,
                -51.07878158216936
              ],
              [
                37.69,
                -52.393
              ],
              [
                36.009,
                -57.37
              ],
              [
                31.132651523640504,
                -71.79929870625759
              ],
              [
                26.648919254875853,
                -70.3013033308096
              ],
              [
                22.026866639459033,
                -68.75873909613418
              ],
              [
                26.914,
                -54.297
              ],
              [
                28.594594405268484,
                -49.32220061831291
              ]
            ]
          ],
          [
            [
              [
                221.16,
                -94.499
              ],
              [
                228.48812817411007,
                -96.99924183796404
              ],
              [
                222.154,
                -94.837
              ],
              [
                227.395,
                -79.488
              ],
              [
                227.405,
                -79.459
              ],
              [
                234.1987426494414,
                -60.089115564996305
              ],
              [
                241.2669545451021,
                -62.59579973064573
              ],
              [
                234.487,
                -81.926
              ],
              [
                229.25204193297853,
                -97.259877172819
              ],
              [
                230.246,
                -97.599
              ],
              [
                223.999,
                -115.905
              ],
              [
                223.994,
                -115.921
              ],
              [
                217.35886464978,
                -135.13972866304226
              ],
              [
                208.15507586162545,
                -132.38050737008226
              ],
              [
                214.916,
                -112.796
              ],
              [
                221.16,
                -94.499
              ]
            ]
          ],
          [
            [
              [
                -526.474,
                149.846
              ],
              [
                -526.476,
                149.839
              ],
              [
                -536.5751743327085,
                120.64098961478217
              ],
              [
                -548.6836308199896,
                124.79104732215538
              ],
              [
                -538.574,
                154.02
              ],
              [
                -537.624,
                156.775
              ],
              [
                -537.575,
                156.913
              ],
              [
                -525.4519974934109,
                189.63517727951273
              ],
              [
                -513.3388206958872,
                185.48652141358178
              ],
              [
                -525.547,
                152.535
              ],
              [
                -526.474,
                149.846
              ]
            ]
          ],
          [
            [
              [
                -355.42570376769925,
                81.55590272823805
              ],
              [
                -351.098,
                94.744
              ],
              [
                -346.054,
                110.859
              ],
              [
                -341.4600696150409,
                109.4214537858898
              ],
              [
                -346.02,
                110.965
              ],
              [
                -340.6966599312323,
                126.69044147035198
              ],
              [
                -329.1977861518395,
                122.76553720490985
              ],
              [
                -329.4979281575373,
                121.88665603476016
              ],
              [
                -320.41734021437276,
                119.07174975179298
              ],
              [
                -321.7,
                115.228
              ],
              [
                -327.7710000001217,
                117.25400000004063
              ],
              [
                -323.218,
                115.734
              ],
              [
                -326.902,
                104.699
              ],
              [
                -330.8032859966517,
                106.00142800678906
              ],
              [
                -326.902,
                104.698
              ],
              [
                -332.312,
                88.51
              ],
              [
                -332.321,
                88.481
              ],
              [
                -337.009,
                74.743
              ],
              [
                -341.60600981004364,
                76.31193324025371
              ],
              [
                -337.022,
                74.705
              ],
              [
                -341.873,
                60.87
              ],
              [
                -344.1021816425476,
                54.50697841836654
              ],
              [
                -351.2507467374069,
                59.135517714828474
              ],
              [
                -351.9247767962288,
                57.18322599420907
              ],
              [
                -362.25756417655856,
                60.7506377305086
              ],
              [
                -355.426,
                81.556
              ],
              [
                -355.42570376769925,
                81.55590272823805
              ]
            ],
            [
              [
                -336.008,
                107.739
              ],
              [
                -332.3241752512304,
                118.77347505501446
              ],
              [
                -333.14846665064766,
                119.04855566368181
              ],
              [
                -336.8986906169616,
                107.97062418043565
              ],
              [
                -341.946,
                91.845
              ],
              [
                -341.966,
                91.782
              ],
              [
                -346.305,
                78.561
              ],
              [
                -353.14006590810595,
                57.74497329238999
              ],
              [
                -350.933,
                64.045
              ],
              [
                -346.0949754060561,
                77.84399160622714
              ],
              [
                -346.095,
                77.844
              ],
              [
                -341.412,
                91.567
              ],
              [
                -336.00740102695295,
                107.73880003535437
              ],
              [
                -336.008,
                107.739
              ]
            ]
          ],
          [
            [
              [
                -424.589091925461,
                150.15642054234564
              ],
              [
                -424.74,
                150.046
              ],
              [
                -424.959,
                149.918
              ],
              [
                -425.19,
                149.813
              ],
              [
                -428.878,
                148.351
              ],
              [
                -429.145,
                148.262
              ],
              [
                -429.421,
                148.203
              ],
              [
                -429.701,
                148.176
              ],
              [
                -434.542,
                147.986
              ],
              [
                -434.802,
                147.989
              ],
              [
                -435.061,
                148.019
              ],
              [
                -440.808,
                148.998
              ],
              [
                -441.159,
                149.084
              ],
              [
                -446.211,
                150.721
              ],
              [
                -446.268,
                150.74
              ],
              [
                -449.6,
                151.909
              ],
              [
                -449.837,
                152.006
              ],
              [
                -450.063,
                152.126
              ],
              [
                -450.275,
                152.27
              ],
              [
                -450.471,
                152.434
              ],
              [
                -453.22,
                154.981
              ],
              [
                -453.378,
                155.141
              ],
              [
                -453.522,
                155.316
              ],
              [
                -453.649,
                155.502
              ],
              [
                -455.35,
                158.261
              ],
              [
                -455.455,
                158.451
              ],
              [
                -455.544,
                158.648
              ],
              [
                -455.615,
                158.852
              ],
              [
                -455.669,
                159.062
              ],
              [
                -456.218,
                161.69
              ],
              [
                -456.259,
                161.96
              ],
              [
                -456.27,
                162.234
              ],
              [
                -456.252,
                162.507
              ],
              [
                -456.203,
                162.777
              ],
              [
                -455.507539620312,
                165.71550661024287
              ],
              [
                -450.7513175310713,
                164.1035689466545
              ],
              [
                -451.209,
                162.167
              ],
              [
                -450.864,
                160.513
              ],
              [
                -449.571,
                158.417
              ],
              [
                -447.454,
                156.455
              ],
              [
                -444.642,
                155.468
              ],
              [
                -439.79,
                153.897
              ],
              [
                -434.479,
                152.992
              ],
              [
                -430.324,
                153.156
              ],
              [
                -428.032,
                154.065
              ],
              [
                -427.20804668676817,
                156.12225922794187
              ],
              [
                -420.00184680462985,
                153.67923919104362
              ],
              [
                -424.588,
                150.155
              ],
              [
                -424.589091925461,
                150.15642054234564
              ]
            ]
          ],
          [
            [
              [
                228.31869208838063,
                -112.65728898792247
              ],
              [
                221.2352040970226,
                -136.30182381621856
              ],
              [
                220.43251230390172,
                -136.06118332150035
              ],
              [
                222.978,
                -128.527
              ],
              [
                228.31869208838063,
                -112.65728898792247
              ]
            ]
          ],
          [
            [
              [
                243.504,
                -67.572
              ],
              [
                244.76202316162085,
                -63.83529753974004
              ],
              [
                245.46812892640963,
                -64.08571223669564
              ],
              [
                231.75696228762558,
                -102.72627276417737
              ],
              [
                231.67106714694705,
                -102.6958041273195
              ],
              [
                233.108,
                -98.426
              ],
              [
                243.504,
                -67.572
              ]
            ]
          ]
        ]
      }
    },
    {
      "type": "Feature",
      "properties": {
        "surface_class": "WATER",
        "grounding": "INFERRED"
      },
      "geometry": {
        "type": "Polygon",
        "coordinates": [
          [
            [
              -196.697,
              38.178
            ],
            [
              -196.077,
              38.388
            ],
            [
              -195.436,
              38.516
            ],
            [
              -194.783,
              38.558
            ],
            [
              -194.13,
              38.516
            ],
            [
              -193.489,
              38.388
            ],
            [
              -192.87,
              38.178
            ],
            [
              -192.283,
              37.889
            ],
            [
              -191.739,
              37.525
            ],
            [
              -191.248,
              37.094
            ],
            [
              -190.816,
              36.602
            ],
            [
              -190.453,
              36.058
            ],
            [
              -190.164,
              35.472
            ],
            [
              -189.953,
              34.852
            ],
            [
              -189.826,
              34.211
            ],
            [
              -189.783,
              33.558
            ],
            [
              -189.826,
              32.906
            ],
            [
              -189.953,
              32.264
            ],
            [
              -190.164,
              31.645
            ],
            [
              -190.453,
              31.058
            ],
            [
              -190.816,
              30.515
            ],
            [
              -191.248,
              30.023
            ],
            [
              -191.739,
              29.592
            ],
            [
              -192.283,
              29.228
            ],
            [
              -192.87,
              28.939
            ],
            [
              -193.489,
              28.729
            ],
            [
              -194.13,
              28.601
            ],
            [
              -194.783,
              28.558
            ],
            [
              -195.436,
              28.601
            ],
            [
              -195.6097231461725,
              28.635690425444746
            ],
            [
              -197.48299558460917,
              37.755179425004144
            ],
            [
              -197.283,
              37.889
            ],
            [
              -196.697,
              38.178
            ]
          ]
        ]
      }
    },
    {
      "type": "Feature",
      "properties": {
        "surface_class": "LAWN",
        "grounding": "VERIFIED_GEOGRAPHIC"
      },
      "geometry": {
        "type": "GeometryCollection",
        "geometries": [
          {
            "type": "Point",
            "coordinates": [
              -352.858,
              109.18
            ]
          },
          {
            "type": "LineString",
            "coordinates": [
              [
                -195.1488195606837,
                9.826070983453018
              ],
              [
                -196.3550075407665,
                6.097782340662992
              ]
            ]
          },
          {
            "type": "LineString",
            "coordinates": [
              [
                -195.1488195606837,
                9.826070983453018
              ],
              [
                -193.0674694063566,
                16.259458042669483
              ]
            ]
          },
          {
            "type": "LineString",
            "coordinates": [
              [
                -213.92083960797783,
                56.6530601077615
              ],
              [
                -208.0166038144836,
                55.96250140710074
              ]
            ]
          },
          {
            "type": "LineString",
            "coordinates": [
              [
                -198.42333482070933,
                42.332950999237156
              ],
              [
                -197.48299558460917,
                37.755179425004144
              ]
            ]
          },
          {
            "type": "LineString",
            "coordinates": [
              [
                -197.48299558460917,
                37.755179425004144
              ],
              [
                -195.6097231461725,
                28.635690425444746
              ]
            ]
          },
          {
            "type": "LineString",
            "coordinates": [
              [
                -195.6097231461725,
                28.635690425444746
              ],
              [
                -194.67054195618036,
                24.06355646618228
              ]
            ]
          },
          {
            "type": "LineString",
            "coordinates": [
              [
                -194.67054195618036,
                24.06355646618228
              ],
              [
                -193.0674694063566,
                16.259458042669483
              ]
            ]
          },
          {
            "type": "LineString",
            "coordinates": [
              [
                -198.42333482070933,
                42.332950999237156
              ],
              [
                -199.38768524930828,
                47.02761416989042
              ]
            ]
          },
          {
            "type": "LineString",
            "coordinates": [
              [
                -208.0679090494481,
                54.61317372753383
              ],
              [
                -205.92087002470484,
                54.53150621042681
              ]
            ]
          },
          {
            "type": "Polygon",
            "coordinates": [
              [
                [
                  -332.080568442161,
                  68.16689042188136
                ],
                [
                  -332.854,
                  68.649
                ],
                [
                  -332.84901454552056,
                  68.66444243958216
                ],
                [
                  -332.080568442161,
                  68.16689042188136
                ]
              ]
            ]
          },
          {
            "type": "Polygon",
            "coordinates": [
              [
                [
                  -358.269,
                  97.209
                ],
                [
                  -362.04270265121426,
                  85.89804060541096
                ],
                [
                  -372.77057268331794,
                  88.76950283991083
                ],
                [
                  -357.2990524088891,
                  100.07146217236425
                ],
                [
                  -358.267,
                  97.213
                ],
                [
                  -357.41494907481274,
                  96.92465197429146
                ],
                [
                  -357.4151506936707,
                  96.92405029004232
                ],
                [
                  -358.269,
                  97.209
                ]
              ]
            ]
          },
          {
            "type": "Polygon",
            "coordinates": [
              [
                [
                  -393.84486276333917,
                  108.88232128517592
                ],
                [
                  -386.74,
                  107.522
                ],
                [
                  -357.7378955890615,
                  101.97967878395166
                ],
                [
                  -374.89526205642915,
                  89.44620730689952
                ],
                [
                  -375.503,
                  89.656
                ],
                [
                  -399.79323456732413,
                  98.02551933324946
                ],
                [
                  -393.84486276333917,
                  108.88232128517592
                ]
              ]
            ]
          },
          {
            "type": "Polygon",
            "coordinates": [
              [
                [
                  -396.91877102588694,
                  107.01703133694986
                ],
                [
                  -401.51925516469265,
                  98.62035627630006
                ],
                [
                  -406.6100304623283,
                  100.37571208194106
                ],
                [
                  -396.91877102588694,
                  107.01703133694986
                ]
              ]
            ]
          },
          {
            "type": "Polygon",
            "coordinates": [
              [
                [
                  -411.7,
                  102.128
                ],
                [
                  -421.58729252530884,
                  105.54381477681414
                ],
                [
                  -418.66571127942433,
                  117.04951284207284
                ],
                [
                  -398.72551103369926,
                  115.8040778216347
                ],
                [
                  -411.5750117527084,
                  102.08505588339982
                ],
                [
                  -411.7,
                  102.128
                ]
              ]
            ]
          },
          {
            "type": "Polygon",
            "coordinates": [
              [
                [
                  -408.72824147486995,
                  101.10609474097622
                ],
                [
                  -409.424,
                  101.346
                ],
                [
                  -409.70874913235883,
                  101.44383559820064
                ],
                [
                  -396.106,
                  115.968
                ],
                [
                  -396.7624999999997,
                  116.58349999999976
                ],
                [
                  -396.069,
                  116.01
                ],
                [
                  -394.12739645273746,
                  118.36031855529004
                ],
                [
                  -390.2578198478017,
                  116.99344934320311
                ],
                [
                  -387.9819307789477,
                  109.59240543949142
                ],
                [
                  -394.15,
                  110.773
                ],
                [
                  -394.238,
                  110.786
                ],
                [
                  -394.327,
                  110.789
                ],
                [
                  -394.415,
                  110.784
                ],
                [
                  -394.503,
                  110.77
                ],
                [
                  -394.589,
                  110.748
                ],
                [
                  -394.672,
                  110.717
                ],
                [
                  -394.752,
                  110.678
                ],
                [
                  -394.828,
                  110.632
                ],
                [
                  -408.72824147486995,
                  101.10609474097622
                ]
              ]
            ]
          },
          {
            "type": "Polygon",
            "coordinates": [
              [
                [
                  -356.14973144715,
                  103.50877159469798
                ],
                [
                  -385.7586056861645,
                  109.1670469237222
                ],
                [
                  -387.90998490983065,
                  116.163949866842
                ],
                [
                  -355.73856142498465,
                  104.79698476119853
                ],
                [
                  -356.14973144715,
                  103.50877159469798
                ]
              ]
            ]
          },
          {
            "type": "Polygon",
            "coordinates": [
              [
                [
                  -423.29492908027606,
                  106.13069578882339
                ],
                [
                  -441.393627630708,
                  112.33161911355516
                ],
                [
                  -441.2646712046498,
                  118.96986829950312
                ],
                [
                  -420.4878108998562,
                  117.1886036737234
                ],
                [
                  -423.29492908027606,
                  106.13069578882339
                ]
              ]
            ]
          },
          {
            "type": "Polygon",
            "coordinates": [
              [
                [
                  -354.7634551489535,
                  107.18860333252861
                ],
                [
                  -355.09010040502955,
                  106.47749456503243
                ],
                [
                  -389.113,
                  118.498
                ],
                [
                  -392.9458727948573,
                  119.85190414818341
                ],
                [
                  -392.7192636304273,
                  120.14436955180079
                ],
                [
                  -354.7634551489535,
                  107.18860333252861
                ]
              ]
            ]
          },
          {
            "type": "Polygon",
            "coordinates": [
              [
                [
                  -460.14,
                  120.164
                ],
                [
                  -460.064,
                  120.134
                ],
                [
                  -459.986,
                  120.111
                ],
                [
                  -459.906,
                  120.095
                ],
                [
                  -459.825,
                  120.087
                ],
                [
                  -443.0628177981993,
                  119.1011012398623
                ],
                [
                  -443.18238934733665,
                  112.94471531355082
                ],
                [
                  -461.5895426557775,
                  119.25394651524849
                ],
                [
                  -461.17272708350214,
                  120.62672903945105
                ],
                [
                  -460.14,
                  120.164
                ]
              ]
            ]
          },
          {
            "type": "Polygon",
            "coordinates": [
              [
                [
                  -391.89355073471273,
                  122.8572946893743
                ],
                [
                  -391.52649606323786,
                  123.93948887955705
                ],
                [
                  -391.5244418582772,
                  123.93879512484973
                ],
                [
                  -391.89355073471273,
                  122.8572946893743
                ]
              ]
            ]
          },
          {
            "type": "Polygon",
            "coordinates": [
              [
                [
                  -479.3657947377674,
                  128.71943328773096
                ],
                [
                  -462.8289547918181,
                  121.36635015105621
                ],
                [
                  -463.29307100137356,
                  119.83778292839018
                ],
                [
                  -481.1571826352893,
                  125.95964978956631
                ],
                [
                  -479.3657947377674,
                  128.71943328773096
                ]
              ]
            ]
          },
          {
            "type": "Polygon",
            "coordinates": [
              [
                [
                  -440.97977124244846,
                  132.69816816503794
                ],
                [
                  -402.52742980492906,
                  117.8454385556419
                ],
                [
                  -419.288,
                  118.892
                ],
                [
                  -441.2284233151283,
                  120.773901020928
                ],
                [
                  -440.97977124244846,
                  132.69816816503794
                ]
              ]
            ]
          },
          {
            "type": "Polygon",
            "coordinates": [
              [
                [
                  -441.523,
                  134.838
                ],
                [
                  -456.22847700391156,
                  140.77232797865986
                ],
                [
                  -455.68516951090953,
                  141.49108702673286
                ],
                [
                  -394.5232406219776,
                  120.7558600435438
                ],
                [
                  -395.124,
                  119.981
                ],
                [
                  -397.0432756064932,
                  117.65680003741996
                ],
                [
                  -441.523,
                  134.838
                ]
              ]
            ]
          },
          {
            "type": "Polygon",
            "coordinates": [
              [
                [
                  -458.7743607862724,
                  121.82818877307803
                ],
                [
                  -456.8889967731875,
                  139.09837249614927
                ],
                [
                  -442.765959977599,
                  133.39845185931486
                ],
                [
                  -443.0265072754708,
                  120.90285244056085
                ],
                [
                  -458.7743607862724,
                  121.82818877307803
                ]
              ]
            ]
          },
          {
            "type": "Polygon",
            "coordinates": [
              [
                [
                  -491.2317767073148,
                  129.41970753057404
                ],
                [
                  -491.498076132694,
                  133.92071128769686
                ],
                [
                  -481.0392902377201,
                  129.44702989344782
                ],
                [
                  -482.9125368816628,
                  126.56144787099318
                ],
                [
                  -491.183,
                  129.403
                ],
                [
                  -491.2317767073148,
                  129.41970753057404
                ]
              ]
            ]
          },
          {
            "type": "Polygon",
            "coordinates": [
              [
                [
                  -460.5327307620708,
                  122.31240667193585
                ],
                [
                  -461.369,
                  122.687
                ],
                [
                  -461.371,
                  122.688
                ],
                [
                  -478.36196831258064,
                  130.2438500333541
                ],
                [
                  -470.7897540785295,
                  141.62538260467198
                ],
                [
                  -458.6416039547195,
                  139.62809230695157
                ],
                [
                  -460.5327307620708,
                  122.31240667193585
                ]
              ]
            ]
          },
          {
            "type": "Polygon",
            "coordinates": [
              [
                [
                  -493.3487673892219,
                  134.72220309701186
                ],
                [
                  -493.07234853239606,
                  130.05016029653908
                ],
                [
                  -504.2153417228784,
                  133.86698003828377
                ],
                [
                  -500.97135288924704,
                  138.1333817899446
                ],
                [
                  -493.3487673892219,
                  134.72220309701186
                ]
              ]
            ]
          },
          {
            "type": "Polygon",
            "coordinates": [
              [
                [
                  -472.7700488248434,
                  141.8983721740723
                ],
                [
                  -480.0362780257583,
                  130.97637585960365
                ],
                [
                  -491.6118691450083,
                  135.9272452156252
                ],
                [
                  -492.0453770587989,
                  144.35507508314794
                ],
                [
                  -472.7700488248434,
                  141.8983721740723
                ]
              ]
            ]
          },
          {
            "type": "Polygon",
            "coordinates": [
              [
                [
                  -513.0768285705027,
                  143.96020823123936
                ],
                [
                  -502.63740929506764,
                  138.9146797235287
                ],
                [
                  -506.00884813606774,
                  134.4812778500581
                ],
                [
                  -512.822082143935,
                  136.81297472881457
                ],
                [
                  -513.0768285705027,
                  143.96020823123936
                ]
              ]
            ]
          },
          {
            "type": "Polygon",
            "coordinates": [
              [
                [
                  -513.638,
                  146.231
                ],
                [
                  -513.654,
                  146.239
                ],
                [
                  -514.83498377861,
                  146.78033205271564
                ],
                [
                  -493.85852238104144,
                  144.56952271334774
                ],
                [
                  -493.4564490554187,
                  136.74270269581115
                ],
                [
                  -500.875,
                  140.063
                ],
                [
                  -513.638,
                  146.231
                ]
              ]
            ]
          },
          {
            "type": "Polygon",
            "coordinates": [
              [
                [
                  -520.5777802463788,
                  147.43347935589892
                ],
                [
                  -520.578,
                  147.433
                ],
                [
                  -514.9092380370549,
                  144.8335531112334
                ],
                [
                  -514.6456370526449,
                  137.4378937788097
                ],
                [
                  -520.2084235496047,
                  139.34422876288187
                ],
                [
                  -524.309,
                  140.761
                ],
                [
                  -521.6417936031953,
                  148.57462226376708
                ],
                [
                  -520.895,
                  147.676
                ],
                [
                  -520.837,
                  147.612
                ],
                [
                  -520.772,
                  147.554
                ],
                [
                  -520.702,
                  147.502
                ],
                [
                  -520.628,
                  147.457
                ],
                [
                  -520.5777802463788,
                  147.43347935589892
                ]
              ]
            ]
          },
          {
            "type": "Polygon",
            "coordinates": [
              [
                [
                  -470.2350855899161,
                  146.42191177184236
                ],
                [
                  -457.481353709203,
                  142.09980933897924
                ],
                [
                  -458.0453370235585,
                  141.3541899102297
                ],
                [
                  -470.3003244282156,
                  143.3692777964106
                ],
                [
                  -470.2350855899161,
                  146.42191177184236
                ]
              ]
            ]
          },
          {
            "type": "Polygon",
            "coordinates": [
              [
                [
                  -461.202,
                  150.28
                ],
                [
                  -425.402,
                  137.999
                ],
                [
                  -416.747,
                  135.457
                ],
                [
                  -417.3175521969435,
                  133.76295692792849
                ],
                [
                  -454.192,
                  146.264
                ],
                [
                  -468.2187208952428,
                  151.0178149572182
                ],
                [
                  -467.685,
                  153.522
                ],
                [
                  -466.913,
                  155.574
                ],
                [
                  -465.392,
                  156.978
                ],
                [
                  -462.805,
                  156.977
                ],
                [
                  -461.544,
                  154.477
                ],
                [
                  -460.913,
                  151.395
                ],
                [
                  -461.202,
                  150.28
                ]
              ]
            ]
          },
          {
            "type": "Polygon",
            "coordinates": [
              [
                [
                  -492.11623878209355,
                  146.1789025322082
                ],
                [
                  -492.2822279492016,
                  153.9668983320534
                ],
                [
                  -472.02278165714705,
                  147.02886948054834
                ],
                [
                  -472.09526397340295,
                  143.62745295827787
                ],
                [
                  -492.11623878209355,
                  146.1789025322082
                ]
              ]
            ]
          },
          {
            "type": "Polygon",
            "coordinates": [
              [
                [
                  -510.01777595517643,
                  160.03782146315837
                ],
                [
                  -507.554,
                  159.194
                ],
                [
                  -494.0953488609034,
                  154.58780929975362
                ],
                [
                  -493.92073786702986,
                  146.38606119321264
                ],
                [
                  -519.0818796436564,
                  149.0381055332304
                ],
                [
                  -518.15,
                  152.817
                ],
                [
                  -516.879,
                  155.179
                ],
                [
                  -515.548,
                  156.758
                ],
                [
                  -513.084,
                  159.052
                ],
                [
                  -510.01777595517643,
                  160.03782146315837
                ]
              ]
            ]
          },
          {
            "type": "Polygon",
            "coordinates": [
              [
                [
                  -520.904,
                  150.736
                ],
                [
                  -516.9123531930165,
                  162.39915315830268
                ],
                [
                  -512.8646168931452,
                  161.0128392932532
                ],
                [
                  -513.825,
                  160.704
                ],
                [
                  -513.918,
                  160.669
                ],
                [
                  -514.005,
                  160.623
                ],
                [
                  -514.087,
                  160.569
                ],
                [
                  -514.163,
                  160.506
                ],
                [
                  -516.814,
                  158.039
                ],
                [
                  -516.889,
                  157.96
                ],
                [
                  -518.316,
                  156.268
                ],
                [
                  -518.372,
                  156.194
                ],
                [
                  -518.42,
                  156.114
                ],
                [
                  -519.789,
                  153.57
                ],
                [
                  -519.822,
                  153.502
                ],
                [
                  -519.85,
                  153.431
                ],
                [
                  -519.871,
                  153.359
                ],
                [
                  -520.6501658590818,
                  150.19775742248171
                ],
                [
                  -520.960283231863,
                  150.5711174044542
                ],
                [
                  -520.904,
                  150.736
                ]
              ]
            ]
          },
          {
            "type": "Polygon",
            "coordinates": [
              [
                [
                  -441.29020298721645,
                  160.89634134714603
                ],
                [
                  -433.0506386180575,
                  158.10299378832215
                ],
                [
                  -433.379,
                  158.142
                ],
                [
                  -435.713,
                  158.726
                ],
                [
                  -438.174,
                  159.611
                ],
                [
                  -440.656,
                  160.528
                ],
                [
                  -441.29020298721645,
                  160.89634134714603
                ]
              ]
            ]
          },
          {
            "type": "Polygon",
            "coordinates": [
              [
                [
                  -44.561,
                  -18.911
                ],
                [
                  -44.491,
                  -18.877
                ],
                [
                  -44.424,
                  -18.836
                ],
                [
                  -42.14846939774597,
                  -17.330422640318996
                ],
                [
                  -45.698445116406305,
                  -26.26689997759663
                ],
                [
                  -57.79998949340445,
                  -22.754983766002063
                ],
                [
                  -53.302,
                  -21.838
                ],
                [
                  -53.196,
                  -21.81
                ],
                [
                  -44.634,
                  -18.939
                ],
                [
                  -44.561,
                  -18.911
                ]
              ]
            ]
          },
          {
            "type": "Polygon",
            "coordinates": [
              [
                [
                  -45.319,
                  -17.27
                ],
                [
                  -53.716,
                  -20.085
                ],
                [
                  -61.166,
                  -21.604
                ],
                [
                  -61.272,
                  -21.632
                ],
                [
                  -61.456828438689,
                  -21.693754589373548
                ],
                [
                  -62.314,
                  -21.445
                ],
                [
                  -56.52239370778624,
                  -4.374278406558997
                ],
                [
                  -39.66185543816897,
                  -11.070782840668777
                ],
                [
                  -40.98550404696282,
                  -14.402849517302034
                ],
                [
                  -45.319,
                  -17.27
                ]
              ]
            ]
          },
          {
            "type": "Polygon",
            "coordinates": [
              [
                [
                  -173.11882093668007,
                  2.2664045525150516
                ],
                [
                  -174.0,
                  -0.393
                ],
                [
                  -176.29472251081236,
                  -0.39496213981258005
                ],
                [
                  -178.91466456612383,
                  0.4530125670965716
                ],
                [
                  -180.40206171527936,
                  0.147516133439886
                ],
                [
                  -184.71355802150745,
                  0.7232042399234944
                ],
                [
                  -190.02169244379138,
                  1.4319674250179268
                ],
                [
                  -190.52824619889586,
                  3.89797893651802
                ],
                [
                  -188.93,
                  4.135
                ],
                [
                  -188.2805216093253,
                  4.297653957734645
                ],
                [
                  -173.11882093668007,
                  2.2664045525150516
                ]
              ]
            ]
          },
          {
            "type": "Polygon",
            "coordinates": [
              [
                [
                  -168.56120250829127,
                  16.021328723566274
                ],
                [
                  -172.54266577797972,
                  4.005244835703231
                ],
                [
                  -184.10634329253418,
                  5.5545120684726115
                ],
                [
                  -183.303,
                  5.842
                ],
                [
                  -180.641,
                  7.101
                ],
                [
                  -178.116,
                  8.614
                ],
                [
                  -175.751,
                  10.368
                ],
                [
                  -173.57,
                  12.345
                ],
                [
                  -171.593,
                  14.527
                ],
                [
                  -170.11187714200804,
                  16.523222597658503
                ],
                [
                  -168.56120250829127,
                  16.021328723566274
                ]
              ]
            ]
          },
          {
            "type": "Polygon",
            "coordinates": [
              [
                [
                  -248.927,
                  25.834
                ],
                [
                  -251.2268261843049,
                  26.561083338043638
                ],
                [
                  -239.77679892694613,
                  24.171153732641738
                ],
                [
                  -241.06545461053273,
                  19.040865218921397
                ],
                [
                  -249.681,
                  23.45
                ],
                [
                  -248.927,
                  25.834
                ]
              ]
            ]
          },
          {
            "type": "Polygon",
            "coordinates": [
              [
                [
                  -247.388,
                  39.214
                ],
                [
                  -246.1967180839008,
                  42.611420606397765
                ],
                [
                  -235.62229768573567,
                  40.71070752461971
                ],
                [
                  -237.03398353341996,
                  35.09062158420838
                ],
                [
                  -241.212,
                  36.138
                ],
                [
                  -241.65,
                  34.392
                ],
                [
                  -237.4724960566348,
                  33.344852105498326
                ],
                [
                  -239.3379433543014,
                  25.918288931126362
                ],
                [
                  -250.88537698208614,
                  28.328618374346892
                ],
                [
                  -247.83915992979087,
                  37.87492375790832
                ],
                [
                  -247.388,
                  39.214
                ]
              ]
            ]
          },
          {
            "type": "Polygon",
            "coordinates": [
              [
                [
                  -263.198,
                  31.08
                ],
                [
                  -260.1729498753238,
                  41.44261975377436
                ],
                [
                  -256.96331450391017,
                  40.6366844891159
                ],
                [
                  -260.5668336796693,
                  29.594774060507252
                ],
                [
                  -263.198,
                  31.08
                ]
              ]
            ]
          },
          {
            "type": "Polygon",
            "coordinates": [
              [
                [
                  -253.75452661925314,
                  42.40939987533384
                ],
                [
                  -253.75499999999997,
                  42.40850000000007
                ],
                [
                  -253.754802424372,
                  42.40928657160934
                ],
                [
                  -253.75452661925314,
                  42.40939987533384
                ]
              ]
            ]
          },
          {
            "type": "Polygon",
            "coordinates": [
              [
                [
                  -241.3990345902275,
                  43.57739393069022
                ],
                [
                  -234.63252206185854,
                  44.65111967583489
                ],
                [
                  -235.18283285096922,
                  42.46026826664147
                ],
                [
                  -241.3990345902275,
                  43.57739393069022
                ]
              ]
            ]
          },
          {
            "type": "Polygon",
            "coordinates": [
              [
                [
                  -165.509,
                  52.953
                ],
                [
                  -164.67849999999999,
                  53.50950000000002
                ],
                [
                  -165.373,
                  52.937
                ],
                [
                  -158.92422859721012,
                  45.105783130641534
                ],
                [
                  -166.9885322593803,
                  20.767658492003214
                ],
                [
                  -167.59368822209439,
                  20.96349757773035
                ],
                [
                  -167.067,
                  22.078
                ],
                [
                  -166.075,
                  24.85
                ],
                [
                  -165.36,
                  27.706
                ],
                [
                  -164.928,
                  30.618
                ],
                [
                  -164.783,
                  33.558
                ],
                [
                  -164.928,
                  36.499
                ],
                [
                  -165.36,
                  39.411
                ],
                [
                  -166.075,
                  42.267
                ],
                [
                  -167.067,
                  45.039
                ],
                [
                  -168.325,
                  47.7
                ],
                [
                  -169.839,
                  50.225
                ],
                [
                  -171.593,
                  52.59
                ],
                [
                  -173.57,
                  54.772
                ],
                [
                  -175.751,
                  56.749
                ],
                [
                  -178.116,
                  58.502
                ],
                [
                  -178.28486301071348,
                  58.6032509299882
                ],
                [
                  -181.02630929270384,
                  71.94944145508596
                ],
                [
                  -177.13156080876965,
                  70.28837864939713
                ],
                [
                  -165.509,
                  52.953
                ]
              ]
            ]
          },
          {
            "type": "Polygon",
            "coordinates": [
              [
                [
                  -185.694,
                  55.501
                ],
                [
                  -183.587,
                  54.504
                ],
                [
                  -181.588,
                  53.306
                ],
                [
                  -179.716,
                  51.917
                ],
                [
                  -177.989,
                  50.352
                ],
                [
                  -176.424,
                  48.625
                ],
                [
                  -175.036,
                  46.753
                ],
                [
                  -173.837,
                  44.754
                ],
                [
                  -172.841,
                  42.647
                ],
                [
                  -172.056,
                  40.453
                ],
                [
                  -171.489,
                  38.192
                ],
                [
                  -171.147,
                  35.886
                ],
                [
                  -171.131,
                  35.558
                ],
                [
                  -173.506,
                  35.558
                ],
                [
                  -175.895,
                  35.558
                ],
                [
                  -178.293,
                  35.558
                ],
                [
                  -180.691,
                  35.558
                ],
                [
                  -180.807,
                  36.338
                ],
                [
                  -181.147,
                  37.695
                ],
                [
                  -181.618,
                  39.012
                ],
                [
                  -182.216,
                  40.276
                ],
                [
                  -182.935,
                  41.475
                ],
                [
                  -183.768,
                  42.598
                ],
                [
                  -184.707,
                  43.635
                ],
                [
                  -185.743,
                  44.574
                ],
                [
                  -186.866,
                  45.407
                ],
                [
                  -188.066,
                  46.126
                ],
                [
                  -189.33,
                  46.724
                ],
                [
                  -190.647,
                  47.195
                ],
                [
                  -192.003,
                  47.535
                ],
                [
                  -193.386,
                  47.74
                ],
                [
                  -194.783,
                  47.808
                ],
                [
                  -196.18,
                  47.74
                ],
                [
                  -197.563,
                  47.535
                ],
                [
                  -198.92,
                  47.195
                ],
                [
                  -199.38768524930828,
                  47.02761416989042
                ],
                [
                  -200.88978125795222,
                  54.34013729575382
                ],
                [
                  -205.92087002470484,
                  54.53150621042681
                ],
                [
                  -203.872,
                  55.501
                ],
                [
                  -201.677,
                  56.286
                ],
                [
                  -199.416,
                  56.852
                ],
                [
                  -197.111,
                  57.194
                ],
                [
                  -194.783,
                  57.308
                ],
                [
                  -192.455,
                  57.194
                ],
                [
                  -190.15,
                  56.852
                ],
                [
                  -187.889,
                  56.286
                ],
                [
                  -185.694,
                  55.501
                ]
              ]
            ]
          },
          {
            "type": "Polygon",
            "coordinates": [
              [
                [
                  -260.5386578414924,
                  56.55167629249002
                ],
                [
                  -256.02093639431916,
                  45.554953831712076
                ],
                [
                  -288.416,
                  53.69
                ],
                [
                  -288.8804948357784,
                  53.80643866023958
                ],
                [
                  -292.86744013203065,
                  66.48127020370565
                ],
                [
                  -286.335,
                  69.061
                ],
                [
                  -260.5386578414924,
                  56.55167629249002
                ]
              ]
            ]
          },
          {
            "type": "Polygon",
            "coordinates": [
              [
                [
                  -237.991,
                  67.334
                ],
                [
                  -228.4776335457204,
                  74.71152241699524
                ],
                [
                  -223.89843409377102,
                  57.82003834589713
                ],
                [
                  -226.37740825702417,
                  58.109978862675604
                ],
                [
                  -227.3977211308034,
                  57.2043078848266
                ],
                [
                  -228.98167601558453,
                  56.047118046722396
                ],
                [
                  -230.67215095839273,
                  55.04596298350584
                ],
                [
                  -232.20212757689023,
                  54.326803466977076
                ],
                [
                  -234.1557056494839,
                  46.54938140293225
                ],
                [
                  -245.473,
                  44.753
                ],
                [
                  -237.991,
                  67.334
                ]
              ]
            ]
          },
          {
            "type": "Polygon",
            "coordinates": [
              [
                [
                  -294.5154513868827,
                  65.7219492303362
                ],
                [
                  -290.92887458132367,
                  54.31992250303296
                ],
                [
                  -308.24902544513037,
                  58.66170416859093
                ],
                [
                  -294.5154513868827,
                  65.7219492303362
                ]
              ]
            ]
          },
          {
            "type": "Polygon",
            "coordinates": [
              [
                [
                  -245.269,
                  70.467
                ],
                [
                  -250.289,
                  72.037
                ],
                [
                  -251.57484244120698,
                  67.97033947120184
                ],
                [
                  -251.56487678748027,
                  73.80349153276237
                ],
                [
                  -242.4533523396013,
                  71.20158776897914
                ],
                [
                  -250.37594155933368,
                  46.372434645221595
                ],
                [
                  -251.603,
                  51.489
                ],
                [
                  -251.57655244303987,
                  66.96943165416702
                ],
                [
                  -246.842,
                  65.489
                ],
                [
                  -245.269,
                  70.467
                ]
              ]
            ]
          },
          {
            "type": "Polygon",
            "coordinates": [
              [
                [
                  -253.403,
                  51.385
                ],
                [
                  -253.397,
                  51.279
                ],
                [
                  -253.379,
                  51.174
                ],
                [
                  -251.4329008391016,
                  43.05995647993055
                ],
                [
                  -251.6668707065054,
                  42.32670204719467
                ],
                [
                  -253.04706490601816,
                  43.052961986811354
                ],
                [
                  -253.38594306829103,
                  43.877758671475156
                ],
                [
                  -253.146,
                  44.833
                ],
                [
                  -253.8511728389015,
                  45.01008295532041
                ],
                [
                  -259.005,
                  57.554
                ],
                [
                  -259.042,
                  57.633
                ],
                [
                  -270.57033230807923,
                  79.4380801849801
                ],
                [
                  -253.36398237473264,
                  74.32010456414739
                ],
                [
                  -253.403,
                  51.385
                ]
              ]
            ]
          },
          {
            "type": "Polygon",
            "coordinates": [
              [
                [
                  -163.848,
                  54.066
                ],
                [
                  -175.534,
                  71.496
                ],
                [
                  -176.36520012917836,
                  70.9390308586541
                ],
                [
                  -176.012,
                  71.767
                ],
                [
                  -181.4666924306743,
                  74.09335990499522
                ],
                [
                  -181.595,
                  74.718
                ],
                [
                  -182.49665283851658,
                  74.5326254780755
                ],
                [
                  -183.691,
                  75.042
                ],
                [
                  -184.044,
                  74.2145
                ],
                [
                  -183.949,
                  76.713
                ],
                [
                  -188.31430089166787,
                  76.8790441571574
                ],
                [
                  -188.13951566130865,
                  81.79957206812264
                ],
                [
                  -185.321,
                  81.12
                ],
                [
                  -161.51788796856155,
                  66.43558349196238
                ],
                [
                  -161.26322387076704,
                  65.19580155955836
                ],
                [
                  -157.75154785043128,
                  64.00085352990874
                ],
                [
                  -153.619,
                  61.117
                ],
                [
                  -158.25532346944078,
                  47.124543466694305
                ],
                [
                  -163.92715393760852,
                  54.01296066673192
                ],
                [
                  -163.848,
                  54.066
                ]
              ]
            ]
          },
          {
            "type": "Polygon",
            "coordinates": [
              [
                [
                  -212.933,
                  60.275
                ],
                [
                  -213.286,
                  68.079
                ],
                [
                  -225.339,
                  72.897
                ],
                [
                  -220.55554202449218,
                  57.42905409585177
                ],
                [
                  -221.97200135892984,
                  57.59472300741622
                ],
                [
                  -226.6542935155526,
                  74.86424693538078
                ],
                [
                  -205.081,
                  67.657
                ],
                [
                  -214.13887683916917,
                  56.678561715816016
                ],
                [
                  -215.89754196810344,
                  56.88425497550467
                ],
                [
                  -212.933,
                  60.275
                ]
              ]
            ]
          },
          {
            "type": "Polygon",
            "coordinates": [
              [
                [
                  -190.12380695239224,
                  71.99309885709518
                ],
                [
                  -189.83360810059156,
                  63.116005732734486
                ],
                [
                  -191.843,
                  63.414
                ],
                [
                  -194.783,
                  63.558
                ],
                [
                  -197.724,
                  63.414
                ],
                [
                  -200.636,
                  62.982
                ],
                [
                  -203.492,
                  62.267
                ],
                [
                  -206.264,
                  61.275
                ],
                [
                  -208.925,
                  60.016
                ],
                [
                  -209.17509357272027,
                  59.86604290332733
                ],
                [
                  -202.93767617255958,
                  67.42642441062607
                ],
                [
                  -201.22599054733845,
                  68.60344033946576
                ],
                [
                  -201.173,
                  68.52
                ],
                [
                  -195.776,
                  71.948
                ],
                [
                  -196.26001995242834,
                  72.71015082061479
                ],
                [
                  -196.25705310413542,
                  72.70980381837249
                ],
                [
                  -195.814,
                  72.043
                ],
                [
                  -195.02727851053604,
                  72.56596952037374
                ],
                [
                  -193.48,
                  72.385
                ],
                [
                  -190.12380695239224,
                  71.99309885709518
                ]
              ]
            ]
          },
          {
            "type": "Polygon",
            "coordinates": [
              [
                [
                  -188.02065458828048,
                  62.75426550984958
                ],
                [
                  -188.31897351089987,
                  71.87499480832635
                ],
                [
                  -186.09850911391038,
                  71.79053439003081
                ],
                [
                  -183.9888891401977,
                  61.52045527672299
                ],
                [
                  -186.075,
                  62.267
                ],
                [
                  -188.02065458828048,
                  62.75426550984958
                ]
              ]
            ]
          },
          {
            "type": "Polygon",
            "coordinates": [
              [
                [
                  -237.62018982859956,
                  69.89936837781859
                ],
                [
                  -236.57500032657737,
                  73.17480738912553
                ],
                [
                  -231.89097520437244,
                  74.34286594781747
                ],
                [
                  -237.62018982859956,
                  69.89936837781859
                ]
              ]
            ]
          },
          {
            "type": "Polygon",
            "coordinates": [
              [
                [
                  -201.7048576797188,
                  69.35747739119898
                ],
                [
                  -202.219,
                  70.105
                ],
                [
                  -203.6931029752314,
                  69.09135435325736
                ],
                [
                  -224.3640495203161,
                  75.99719495445218
                ],
                [
                  -197.98753952735854,
                  72.9122013155855
                ],
                [
                  -202.245,
                  70.208
                ],
                [
                  -201.7048576797188,
                  69.35747739119898
                ]
              ]
            ]
          },
          {
            "type": "Polygon",
            "coordinates": [
              [
                [
                  -274.172,
                  80.51
                ],
                [
                  -274.127,
                  80.496
                ],
                [
                  -272.9863906084016,
                  80.15672926090036
                ],
                [
                  -261.9170429374668,
                  59.22074463078747
                ],
                [
                  -285.905,
                  70.853
                ],
                [
                  -285.991,
                  70.889
                ],
                [
                  -286.08,
                  70.917
                ],
                [
                  -286.171,
                  70.934
                ],
                [
                  -286.264,
                  70.943
                ],
                [
                  -286.357,
                  70.942
                ],
                [
                  -286.45,
                  70.931
                ],
                [
                  -286.54,
                  70.91
                ],
                [
                  -286.629,
                  70.881
                ],
                [
                  -294.308,
                  67.848
                ],
                [
                  -294.389,
                  67.811
                ],
                [
                  -309.11016963238063,
                  60.2430864938514
                ],
                [
                  -292.4830718000571,
                  86.3308230074116
                ],
                [
                  -274.172,
                  80.51
                ]
              ]
            ]
          },
          {
            "type": "Polygon",
            "coordinates": [
              [
                [
                  -315.62756721255084,
                  63.470130538066456
                ],
                [
                  -331.25856471134193,
                  73.59085899279918
                ],
                [
                  -327.3872453577837,
                  85.58226628921874
                ],
                [
                  -315.62756721255084,
                  63.470130538066456
                ]
              ]
            ]
          },
          {
            "type": "Polygon",
            "coordinates": [
              [
                [
                  -235.93170018857927,
                  75.19079622550537
                ],
                [
                  -235.245897646164,
                  77.3399800788969
                ],
                [
                  -230.0055918185577,
                  76.66871394552618
                ],
                [
                  -235.93170018857927,
                  75.19079622550537
                ]
              ]
            ]
          },
          {
            "type": "Polygon",
            "coordinates": [
              [
                [
                  -312.5181646685085,
                  61.456860507977765
                ],
                [
                  -326.022,
                  86.848
                ],
                [
                  -326.816766890307,
                  86.42535807280716
                ],
                [
                  -326.471,
                  87.257
                ],
                [
                  -326.8021330554312,
                  87.39465098055275
                ],
                [
                  -323.99177570704427,
                  96.09972967214114
                ],
                [
                  -294.2642673346134,
                  86.88489698539964
                ],
                [
                  -311.06907660758736,
                  60.518607733469125
                ],
                [
                  -312.5181646685085,
                  61.456860507977765
                ]
              ]
            ]
          },
          {
            "type": "Polygon",
            "coordinates": [
              [
                [
                  -190.11035811884676,
                  77.02588866165104
                ],
                [
                  -192.9,
                  77.351
                ],
                [
                  -228.41,
                  81.505
                ],
                [
                  -233.7006518559369,
                  82.18250704034752
                ],
                [
                  -231.71982388633873,
                  88.39007149995695
                ],
                [
                  -215.23187107588754,
                  85.92767517985543
                ],
                [
                  -189.0353729385359,
                  82.0153543869385
                ],
                [
                  -189.03440973824812,
                  82.01506793954857
                ],
                [
                  -189.932,
                  82.047
                ],
                [
                  -190.11035811884676,
                  77.02588866165104
                ]
              ]
            ]
          },
          {
            "type": "Polygon",
            "coordinates": [
              [
                [
                  -272.68,
                  85.282
                ],
                [
                  -291.222,
                  91.177
                ],
                [
                  -291.24,
                  91.182
                ],
                [
                  -322.45544075275484,
                  100.85852544642368
                ],
                [
                  -321.859,
                  102.706
                ],
                [
                  -283.744,
                  92.575
                ],
                [
                  -284.309,
                  90.798
                ],
                [
                  -276.901,
                  88.643
                ],
                [
                  -276.413,
                  90.233
                ],
                [
                  -240.46498892624524,
                  78.9680579663871
                ],
                [
                  -241.688,
                  76.183
                ],
                [
                  -251.773,
                  79.063
                ],
                [
                  -251.77306993533205,
                  79.06275509899741
                ],
                [
                  -272.68,
                  85.282
                ]
              ]
            ]
          },
          {
            "type": "Polygon",
            "coordinates": [
              [
                [
                  214.056229619056,
                  -93.31777605712594
                ],
                [
                  208.88442229990903,
                  -108.58760790753608
                ],
                [
                  203.69531696354068,
                  -107.03233695309156
                ],
                [
                  210.85130674739827,
                  -92.4354720316456
                ],
                [
                  214.056229619056,
                  -93.31777605712594
                ]
              ]
            ]
          },
          {
            "type": "Polygon",
            "coordinates": [
              [
                [
                  209.08385878839638,
                  -91.95228420416717
                ],
                [
                  201.94659359763625,
                  -106.50927471727054
                ],
                [
                  198.35548132133488,
                  -105.43951722061705
                ],
                [
                  201.68500302592108,
                  -89.93058699408255
                ],
                [
                  205.682,
                  -91.026
                ],
                [
                  205.683,
                  -91.027
                ],
                [
                  209.08385878839638,
                  -91.95228420416717
                ]
              ]
            ]
          },
          {
            "type": "Polygon",
            "coordinates": [
              [
                [
                  175.8926941040026,
                  -98.61722981819676
                ],
                [
                  183.7880135122271,
                  -85.01932801267726
                ],
                [
                  199.94641602829745,
                  -89.45380091942226
                ],
                [
                  196.62575487954905,
                  -104.92063688619847
                ],
                [
                  175.8926941040026,
                  -98.61722981819676
                ]
              ]
            ]
          },
          {
            "type": "Polygon",
            "coordinates": [
              [
                [
                  174.33465717164404,
                  -82.43089313109364
                ],
                [
                  181.99275264699617,
                  -84.52740073362699
                ],
                [
                  174.1240236753207,
                  -98.07950652679213
                ],
                [
                  169.34574869389283,
                  -96.62678265659963
                ],
                [
                  174.33465717164404,
                  -82.43089313109364
                ]
              ]
            ]
          },
          {
            "type": "Polygon",
            "coordinates": [
              [
                [
                  211.65750842500148,
                  -90.79025665589384
                ],
                [
                  217.17982958965263,
                  -79.5174800567299
                ],
                [
                  218.553,
                  -80.041
                ],
                [
                  214.63406679348174,
                  -91.61170389590475
                ],
                [
                  214.619,
                  -91.607
                ],
                [
                  214.59,
                  -91.598
                ],
                [
                  211.65750842500148,
                  -90.79025665589384
                ]
              ]
            ]
          },
          {
            "type": "Polygon",
            "coordinates": [
              [
                [
                  215.49055425776274,
                  -78.87344540578307
                ],
                [
                  209.89077484812282,
                  -90.30586190543175
                ],
                [
                  207.0362660290683,
                  -89.52922515416799
                ],
                [
                  210.62193520075755,
                  -77.01728891324525
                ],
                [
                  215.49055425776274,
                  -78.87344540578307
                ]
              ]
            ]
          },
          {
            "type": "Polygon",
            "coordinates": [
              [
                [
                  204.92055315603656,
                  -74.84364230527733
                ],
                [
                  208.9341915988531,
                  -76.3738382329324
                ],
                [
                  205.30000169416675,
                  -89.05508410297978
                ],
                [
                  202.06323864567847,
                  -88.16783953108036
                ],
                [
                  204.92055315603656,
                  -74.84364230527733
                ]
              ]
            ]
          },
          {
            "type": "Polygon",
            "coordinates": [
              [
                [
                  192.46081329855897,
                  -70.093378059708
                ],
                [
                  203.21883484536207,
                  -74.19486378022839
                ],
                [
                  200.3246548798399,
                  -87.69097158627895
                ],
                [
                  184.7232549692053,
                  -83.40936112743589
                ],
                [
                  192.46081329855897,
                  -70.093378059708
                ]
              ]
            ]
          },
          {
            "type": "Polygon",
            "coordinates": [
              [
                [
                  182.9279518921252,
                  -82.91712917528108
                ],
                [
                  174.91732646035177,
                  -80.72430853563749
                ],
                [
                  180.05924728576258,
                  -65.3652925383799
                ],
                [
                  190.7562913406746,
                  -69.4435306467649
                ],
                [
                  182.9279518921252,
                  -82.91712917528108
                ]
              ]
            ]
          },
          {
            "type": "Polygon",
            "coordinates": [
              [
                [
                  132.16551611911595,
                  -66.53379869169913
                ],
                [
                  132.5199944575685,
                  -66.64268195109037
                ],
                [
                  132.173103863611,
                  -66.51220062372406
                ],
                [
                  138.14075040410037,
                  -49.52564609272218
                ],
                [
                  165.9136302591223,
                  -59.97228918824661
                ],
                [
                  175.3829682144542,
                  -63.58246548670522
                ],
                [
                  169.852,
                  -80.107
                ],
                [
                  164.5576970986317,
                  -95.1710864333424
                ],
                [
                  126.20157828145338,
                  -83.50979661845528
                ],
                [
                  132.16551611911595,
                  -66.53379869169913
                ]
              ]
            ]
          },
          {
            "type": "Polygon",
            "coordinates": [
              [
                [
                  90.27380975334376,
                  -70.1519461105406
                ],
                [
                  84.806,
                  -68.088
                ],
                [
                  75.494,
                  -64.521
                ],
                [
                  72.92112965514865,
                  -63.48750538939805
                ],
                [
                  72.241,
                  -62.682
                ],
                [
                  70.192,
                  -60.196
                ],
                [
                  68.966,
                  -57.841
                ],
                [
                  68.71093209793486,
                  -56.67448946122208
                ],
                [
                  92.51407751666702,
                  -62.70551933401914
                ],
                [
                  90.27380975334376,
                  -70.1519461105406
                ]
              ]
            ]
          },
          {
            "type": "Polygon",
            "coordinates": [
              [
                [
                  121.49867595703856,
                  -81.81154892346471
                ],
                [
                  99.70599880106835,
                  -73.69642426894244
                ],
                [
                  115.89310082257623,
                  -42.93594762948575
                ],
                [
                  133.391447178955,
                  -47.95786767880039
                ],
                [
                  121.49867595703856,
                  -81.81154892346471
                ]
              ]
            ]
          },
          {
            "type": "Polygon",
            "coordinates": [
              [
                [
                  57.06285652846344,
                  -53.72341028641204
                ],
                [
                  59.835,
                  -54.427
                ],
                [
                  66.76073948270154,
                  -56.180469205935154
                ],
                [
                  67.233,
                  -58.342
                ],
                [
                  67.253,
                  -58.419
                ],
                [
                  67.28,
                  -58.494
                ],
                [
                  67.314,
                  -58.566
                ],
                [
                  68.64,
                  -61.111
                ],
                [
                  68.687,
                  -61.192
                ],
                [
                  68.743,
                  -61.268
                ],
                [
                  69.41008972180589,
                  -62.07715804874042
                ],
                [
                  56.60623890846539,
                  -56.93398756717334
                ],
                [
                  57.06285652846344,
                  -53.72341028641204
                ]
              ]
            ]
          },
          {
            "type": "Polygon",
            "coordinates": [
              [
                [
                  98.094,
                  -62.49
                ],
                [
                  94.7799540663192,
                  -61.47114676769938
                ],
                [
                  101.4810781336534,
                  -40.385979791117414
                ],
                [
                  105.81107249372093,
                  -39.951416495924036
                ],
                [
                  109.189,
                  -41.016
                ],
                [
                  109.253,
                  -41.036
                ],
                [
                  114.12541773299898,
                  -42.42989927154678
                ],
                [
                  98.00580507410125,
                  -73.06212534711484
                ],
                [
                  91.9624054458234,
                  -70.78848605266458
                ],
                [
                  94.24806870452946,
                  -63.19071344754752
                ],
                [
                  97.564,
                  -64.211
                ],
                [
                  98.094,
                  -62.49
                ]
              ]
            ]
          },
          {
            "type": "Polygon",
            "coordinates": [
              [
                [
                  54.88644120193015,
                  -56.24362978363002
                ],
                [
                  45.02105823071963,
                  -52.28403303730199
                ],
                [
                  45.53158762749858,
                  -50.81142685042067
                ],
                [
                  55.30806172063094,
                  -53.27912469412133
                ],
                [
                  54.88644120193015,
                  -56.24362978363002
                ]
              ]
            ]
          },
          {
            "type": "Polygon",
            "coordinates": [
              [
                [
                  78.61,
                  -45.354
                ],
                [
                  86.977,
                  -42.868
                ],
                [
                  94.843,
                  -41.052
                ],
                [
                  99.5303179267438,
                  -40.58171868073826
                ],
                [
                  93.04590663730899,
                  -60.983691875487466
                ],
                [
                  68.57763231885296,
                  -54.78373872582127
                ],
                [
                  68.954,
                  -52.976
                ],
                [
                  70.494,
                  -50.471
                ],
                [
                  73.968,
                  -47.713
                ],
                [
                  78.61,
                  -45.354
                ]
              ]
            ]
          },
          {
            "type": "Polygon",
            "coordinates": [
              [
                [
                  67.243,
                  -52.38
                ],
                [
                  67.224,
                  -52.455
                ],
                [
                  66.83138819754076,
                  -54.34141903715864
                ],
                [
                  61.30712420404847,
                  -52.94259013205408
                ],
                [
                  71.58049691268,
                  -29.474778924290014
                ],
                [
                  90.75899202161224,
                  -35.203737868330826
                ],
                [
                  94.94741129891841,
                  -36.52695801031036
                ],
                [
                  94.00060684613469,
                  -39.39889815540858
                ],
                [
                  86.545,
                  -41.12
                ],
                [
                  86.491,
                  -41.135
                ],
                [
                  78.019,
                  -43.652
                ],
                [
                  77.941,
                  -43.678
                ],
                [
                  77.867,
                  -43.712
                ],
                [
                  73.071,
                  -46.15
                ],
                [
                  72.993,
                  -46.195
                ],
                [
                  72.919,
                  -46.247
                ],
                [
                  69.251,
                  -49.16
                ],
                [
                  69.192,
                  -49.211
                ],
                [
                  69.137,
                  -49.267
                ],
                [
                  69.088,
                  -49.328
                ],
                [
                  69.044,
                  -49.393
                ],
                [
                  67.339,
                  -52.167
                ],
                [
                  67.301,
                  -52.235
                ],
                [
                  67.269,
                  -52.306
                ],
                [
                  67.243,
                  -52.38
                ]
              ]
            ]
          },
          {
            "type": "Polygon",
            "coordinates": [
              [
                [
                  60.94653566595061,
                  -26.298224817776205
                ],
                [
                  69.84268170609698,
                  -28.955662491311546
                ],
                [
                  59.53831958633893,
                  -52.49426385440074
                ],
                [
                  57.317331658621946,
                  -51.93056133467562
                ],
                [
                  60.94653566595061,
                  -26.298224817776205
                ]
              ]
            ]
          },
          {
            "type": "Polygon",
            "coordinates": [
              [
                [
                  100.713,
                  -38.654
                ],
                [
                  95.98488564104517,
                  -39.127895510592914
                ],
                [
                  96.6637918171163,
                  -37.068570698504
                ],
                [
                  101.45733442346646,
                  -38.579297727227896
                ],
                [
                  100.713,
                  -38.654
                ]
              ]
            ]
          },
          {
            "type": "Polygon",
            "coordinates": [
              [
                [
                  10.695570373912204,
                  -34.58483564292798
                ],
                [
                  7.480700073061186,
                  -41.69969898997847
                ],
                [
                  6.397128261668809,
                  -41.38524214940456
                ],
                [
                  8.77310301574258,
                  -34.2663234769018
                ],
                [
                  10.695570373912204,
                  -34.58483564292798
                ]
              ]
            ]
          },
          {
            "type": "Polygon",
            "coordinates": [
              [
                [
                  54.679,
                  -24.426
                ],
                [
                  59.20173481504493,
                  -25.77702164810151
                ],
                [
                  55.56232662638909,
                  -51.48669812387471
                ],
                [
                  46.12357527974146,
                  -49.10385685592009
                ],
                [
                  54.679,
                  -24.426
                ]
              ]
            ]
          },
          {
            "type": "Polygon",
            "coordinates": [
              [
                [
                  21.0,
                  -33.788
                ],
                [
                  22.981,
                  -32.831
                ],
                [
                  24.229,
                  -31.78
                ],
                [
                  26.357,
                  -24.992
                ],
                [
                  24.311,
                  -22.219
                ],
                [
                  21.024,
                  -19.59
                ],
                [
                  19.756306213119014,
                  -18.898306885216396
                ],
                [
                  19.784,
                  -18.837
                ],
                [
                  22.064477972534,
                  -13.797209851255642
                ],
                [
                  31.004,
                  -17.307
                ],
                [
                  21.179,
                  -45.675
                ],
                [
                  9.227314849453338,
                  -42.20657353074215
                ],
                [
                  12.434,
                  -35.108
                ],
                [
                  12.607355593386698,
                  -34.72423552925238
                ],
                [
                  17.295,
                  -34.664
                ],
                [
                  21.0,
                  -33.788
                ]
              ]
            ]
          },
          {
            "type": "Polygon",
            "coordinates": [
              [
                [
                  18.17281452065915,
                  -18.032313144657607
                ],
                [
                  17.344,
                  -17.578
                ],
                [
                  12.745,
                  -15.967
                ],
                [
                  6.911,
                  -14.888
                ],
                [
                  6.4628841587146315,
                  -14.88406915928697
                ],
                [
                  7.922752384888523,
                  -8.244956721696152
                ],
                [
                  20.386937194510292,
                  -13.138582233499939
                ],
                [
                  18.17281452065915,
                  -18.032313144657607
                ]
              ]
            ]
          },
          {
            "type": "Polygon",
            "coordinates": [
              [
                [
                  -15.073326913103683,
                  -18.443291943168827
                ],
                [
                  -9.13138843472473,
                  -1.549245780991134
                ],
                [
                  6.2261878384882055,
                  -7.578860087740806
                ],
                [
                  4.664,
                  -14.684
                ],
                [
                  4.624643534572458,
                  -14.863330001190581
                ],
                [
                  1.339,
                  -14.818
                ],
                [
                  -2.933,
                  -15.258
                ],
                [
                  -5.872,
                  -16.129
                ],
                [
                  -8.116,
                  -17.615
                ],
                [
                  -9.513,
                  -19.595
                ],
                [
                  -9.620595479484148,
                  -20.37337090113307
                ],
                [
                  -15.073326913103683,
                  -18.443291943168827
                ]
              ]
            ]
          },
          {
            "type": "Polygon",
            "coordinates": [
              [
                [
                  -16.76506170945196,
                  -17.828478793454664
                ],
                [
                  -19.43824094730361,
                  -16.809704407562723
                ],
                [
                  -19.51711521712141,
                  -16.77975185988921
                ],
                [
                  -12.322834733121535,
                  -0.2962361968159863
                ],
                [
                  -10.807860479366521,
                  -0.8910377639572565
                ],
                [
                  -16.76506170945196,
                  -17.828478793454664
                ]
              ]
            ]
          },
          {
            "type": "Polygon",
            "coordinates": [
              [
                [
                  -15.327386120975671,
                  0.8833956481626222
                ],
                [
                  -13.998933268166157,
                  0.36182517475960185
                ],
                [
                  -21.20167979637435,
                  -16.140037527373185
                ],
                [
                  -36.03752579594817,
                  -10.506116787369976
                ],
                [
                  -35.48,
                  -9.325
                ],
                [
                  -35.451,
                  -9.256
                ],
                [
                  -35.428,
                  -9.184
                ],
                [
                  -35.41,
                  -9.11
                ],
                [
                  -34.643,
                  -5.088
                ],
                [
                  -34.629,
                  -4.983
                ],
                [
                  -34.628,
                  -4.877
                ],
                [
                  -34.819,
                  -0.792
                ],
                [
                  -34.827,
                  -0.711
                ],
                [
                  -34.842,
                  -0.631
                ],
                [
                  -34.864,
                  -0.553
                ],
                [
                  -34.892,
                  -0.477
                ],
                [
                  -36.901,
                  4.166
                ],
                [
                  -36.949,
                  4.262
                ],
                [
                  -37.009,
                  4.351
                ],
                [
                  -41.581,
                  10.399
                ],
                [
                  -41.633,
                  10.462
                ],
                [
                  -41.69,
                  10.519
                ],
                [
                  -42.38481390545324,
                  11.158468843886432
                ],
                [
                  -15.327386120975671,
                  0.8833956481626222
                ]
              ]
            ]
          },
          {
            "type": "Polygon",
            "coordinates": [
              [
                [
                  -42.968,
                  9.249
                ],
                [
                  -38.51,
                  3.352
                ],
                [
                  -36.61,
                  -1.041
                ],
                [
                  -36.431,
                  -4.855
                ],
                [
                  -37.157,
                  -8.66
                ],
                [
                  -37.725511646258994,
                  -9.865103225273733
                ],
                [
                  -56.02729880029444,
                  -2.9149894111234245
                ],
                [
                  -50.2404675826806,
                  14.141657681225745
                ],
                [
                  -46.90952867971339,
                  12.876731786898612
                ],
                [
                  -42.968,
                  9.249
                ]
              ]
            ]
          }
        ]
      }
    },
    {
      "type": "Feature",
      "properties": {
        "surface_class": "STAIRS",
        "grounding": "INFERRED"
      },
      "geometry": {
        "type": "Polygon",
        "coordinates": [
          [
            [
              -196.18,
              47.74
            ],
            [
              -194.783,
              47.808
            ],
            [
              -193.386,
              47.74
            ],
            [
              -192.003,
              47.535
            ],
            [
              -190.647,
              47.195
            ],
            [
              -189.33,
              46.724
            ],
            [
              -188.066,
              46.126
            ],
            [
              -186.866,
              45.407
            ],
            [
              -185.743,
              44.574
            ],
            [
              -184.707,
              43.635
            ],
            [
              -183.768,
              42.598
            ],
            [
              -182.935,
              41.475
            ],
            [
              -182.216,
              40.276
            ],
            [
              -181.618,
              39.012
            ],
            [
              -181.147,
              37.695
            ],
            [
              -180.807,
              36.338
            ],
            [
              -180.602,
              34.955
            ],
            [
              -180.691,
              35.558
            ],
            [
              -178.293,
              35.558
            ],
            [
              -175.89528253796095,
              35.558
            ],
            [
              -175.895,
              35.558
            ],
            [
              -173.50632935560859,
              35.558
            ],
            [
              -173.506,
              35.558
            ],
            [
              -171.131,
              35.558
            ],
            [
              -171.033,
              33.558
            ],
            [
              -171.147,
              31.23
            ],
            [
              -171.489,
              28.925
            ],
            [
              -172.056,
              26.664
            ],
            [
              -172.841,
              24.47
            ],
            [
              -173.837,
              22.363
            ],
            [
              -175.036,
              20.364
            ],
            [
              -176.424,
              18.492
            ],
            [
              -177.989,
              16.765
            ],
            [
              -179.716,
              15.199
            ],
            [
              -181.588,
              13.811
            ],
            [
              -183.587,
              12.613
            ],
            [
              -185.694,
              11.616
            ],
            [
              -187.889,
              10.831
            ],
            [
              -190.15,
              10.265
            ],
            [
              -192.455,
              9.923
            ],
            [
              -194.783,
              9.808
            ],
            [
              -195.1488195606837,
              9.826070983453018
            ],
            [
              -193.0674694063566,
              16.259458042669483
            ],
            [
              -194.67054195618036,
              24.06355646618228
            ],
            [
              -193.852,
              24.104
            ],
            [
              -192.93,
              24.241
            ],
            [
              -192.025,
              24.467
            ],
            [
              -191.148,
              24.782
            ],
            [
              -190.305,
              25.18
            ],
            [
              -189.505,
              25.659
            ],
            [
              -188.756,
              26.215
            ],
            [
              -188.066,
              26.841
            ],
            [
              -187.439,
              27.532
            ],
            [
              -186.884,
              28.28
            ],
            [
              -186.405,
              29.08
            ],
            [
              -186.006,
              29.923
            ],
            [
              -185.692,
              30.801
            ],
            [
              -185.466,
              31.705
            ],
            [
              -185.329,
              32.627
            ],
            [
              -185.283,
              33.558
            ],
            [
              -185.329,
              34.49
            ],
            [
              -185.466,
              35.412
            ],
            [
              -185.692,
              36.316
            ],
            [
              -186.006,
              37.194
            ],
            [
              -186.405,
              38.037
            ],
            [
              -186.884,
              38.836
            ],
            [
              -187.439,
              39.585
            ],
            [
              -188.066,
              40.276
            ],
            [
              -188.756,
              40.902
            ],
            [
              -189.505,
              41.457
            ],
            [
              -190.305,
              41.937
            ],
            [
              -191.148,
              42.335
            ],
            [
              -192.025,
              42.649
            ],
            [
              -192.93,
              42.876
            ],
            [
              -193.852,
              43.013
            ],
            [
              -194.783,
              43.058
            ],
            [
              -195.714,
              43.013
            ],
            [
              -196.636,
              42.876
            ],
            [
              -197.541,
              42.649
            ],
            [
              -198.419,
              42.335
            ],
            [
              -198.42333482070933,
              42.332950999237156
            ],
            [
              -199.38768524930828,
              47.02761416989042
            ],
            [
              -198.92,
              47.195
            ],
            [
              -197.563,
              47.535
            ],
            [
              -196.18,
              47.74
            ]
          ]
        ]
      }
    },
    {
      "type": "Feature",
      "properties": {
        "surface_class": "RAMP",
        "grounding": "INFERRED"
      },
      "geometry": {
        "type": "Polygon",
        "coordinates": [
          [
            [
              -211.45,
              58.502
            ],
            [
              -208.925,
              60.016
            ],
            [
              -206.264,
              61.275
            ],
            [
              -203.492,
              62.267
            ],
            [
              -200.636,
              62.982
            ],
            [
              -197.724,
              63.414
            ],
            [
              -194.783,
              63.558
            ],
            [
              -191.843,
              63.414
            ],
            [
              -188.93,
              62.982
            ],
            [
              -186.075,
              62.267
            ],
            [
              -183.303,
              61.275
            ],
            [
              -180.641,
              60.016
            ],
            [
              -178.116,
              58.502
            ],
            [
              -175.751,
              56.749
            ],
            [
              -173.57,
              54.772
            ],
            [
              -171.593,
              52.59
            ],
            [
              -169.839,
              50.225
            ],
            [
              -168.325,
              47.7
            ],
            [
              -167.067,
              45.039
            ],
            [
              -166.075,
              42.267
            ],
            [
              -165.36,
              39.411
            ],
            [
              -164.928,
              36.499
            ],
            [
              -164.783,
              33.558
            ],
            [
              -164.928,
              30.618
            ],
            [
              -165.36,
              27.706
            ],
            [
              -166.075,
              24.85
            ],
            [
              -167.067,
              22.078
            ],
            [
              -168.325,
              19.416
            ],
            [
              -169.839,
              16.891
            ],
            [
              -171.593,
              14.527
            ],
            [
              -173.57,
              12.345
            ],
            [
              -175.751,
              10.368
            ],
            [
              -178.116,
              8.614
            ],
            [
              -180.641,
              7.101
            ],
            [
              -183.303,
              5.842
            ],
            [
              -186.075,
              4.85
            ],
            [
              -188.93,
              4.135
            ],
            [
              -190.52824619889586,
              3.8979789365180193
            ],
            [
              -190.59731888266236,
              4.234239464807454
            ],
            [
              -196.3550075407665,
              6.097782340662992
            ],
            [
              -195.1488195606837,
              9.826070983453018
            ],
            [
              -194.783,
              9.808
            ],
            [
              -192.455,
              9.923
            ],
            [
              -190.15,
              10.265
            ],
            [
              -187.889,
              10.831
            ],
            [
              -185.694,
              11.616
            ],
            [
              -183.587,
              12.613
            ],
            [
              -181.588,
              13.811
            ],
            [
              -179.716,
              15.199
            ],
            [
              -177.989,
              16.765
            ],
            [
              -176.424,
              18.492
            ],
            [
              -175.036,
              20.364
            ],
            [
              -173.837,
              22.363
            ],
            [
              -172.841,
              24.47
            ],
            [
              -172.056,
              26.664
            ],
            [
              -171.489,
              28.925
            ],
            [
              -171.147,
              31.23
            ],
            [
              -171.033,
              33.558
            ],
            [
              -171.147,
              35.886
            ],
            [
              -171.489,
              38.192
            ],
            [
              -172.056,
              40.453
            ],
            [
              -172.841,
              42.647
            ],
            [
              -173.837,
              44.754
            ],
            [
              -175.036,
              46.753
            ],
            [
              -176.424,
              48.625
            ],
            [
              -177.989,
              50.352
            ],
            [
              -179.716,
              51.917
            ],
            [
              -181.588,
              53.306
            ],
            [
              -183.587,
              54.504
            ],
            [
              -185.694,
              55.501
            ],
            [
              -187.889,
              56.286
            ],
            [
              -190.15,
              56.852
            ],
            [
              -192.455,
              57.194
            ],
            [
              -194.783,
              57.308
            ],
            [
              -197.111,
              57.194
            ],
            [
              -199.416,
              56.852
            ],
            [
              -201.677,
              56.286
            ],
            [
              -203.872,
              55.501
            ],
            [
              -205.92087002470484,
              54.53150621042681
            ],
            [
              -208.0679090494481,
              54.61317372753383
            ],
            [
              -208.0166038144836,
              55.96250140710074
            ],
            [
              -213.92083960797783,
              56.6530601077615
            ],
            [
              -213.815,
              56.749
            ],
            [
              -211.45,
              58.502
            ]
          ]
        ]
      }
    },
    {
      "type": "Feature",
      "properties": {
        "surface_class": "PLAZA",
        "grounding": "INFERRED"
      },
      "geometry": {
        "type": "GeometryCollection",
        "geometries": [
          {
            "type": "LineString",
            "coordinates": [
              [
                -145.39890936672757,
                67.51851132606448
              ],
              [
                -142.1823635774009,
                66.28450889717233
              ]
            ]
          },
          {
            "type": "LineString",
            "coordinates": [
              [
                -168.12967540766573,
                -4.6607950400765175
              ],
              [
                -159.13488044991414,
                -8.030582447132948
              ]
            ]
          },
          {
            "type": "LineString",
            "coordinates": [
              [
                22.026866639459033,
                -68.75873909613418
              ],
              [
                26.648919254875853,
                -70.3013033308096
              ]
            ]
          },
          {
            "type": "LineString",
            "coordinates": [
              [
                -320.41734021437276,
                119.07174975179298
              ],
              [
                -329.4979281575373,
                121.88665603476016
              ]
            ]
          },
          {
            "type": "LineString",
            "coordinates": [
              [
                -420.00184680462985,
                153.67923919104362
              ],
              [
                -424.33341393239965,
                155.1477115422673
              ]
            ]
          },
          {
            "type": "LineString",
            "coordinates": [
              [
                -340.6966599312323,
                126.69044147035198
              ],
              [
                -329.1977861518395,
                122.76553720490985
              ]
            ]
          },
          {
            "type": "LineString",
            "coordinates": [
              [
                -362.25756417655856,
                60.7506377305086
              ],
              [
                -351.9247767962288,
                57.18322599420907
              ]
            ]
          },
          {
            "type": "LineString",
            "coordinates": [
              [
                217.35886464978,
                -135.13972866304226
              ],
              [
                208.59762440405606,
                -132.51317983677495
              ]
            ]
          },
          {
            "type": "LineString",
            "coordinates": [
              [
                241.2669545451021,
                -62.59579973064573
              ],
              [
                234.1987426494414,
                -60.089115564996305
              ]
            ]
          },
          {
            "type": "LineString",
            "coordinates": [
              [
                55.51681188996128,
                0.2539219031444266
              ],
              [
                52.757370752738254,
                1.2414855860020089
              ]
            ]
          },
          {
            "type": "LineString",
            "coordinates": [
              [
                228.31869208838063,
                -112.65728898792247
              ],
              [
                221.2352040970226,
                -136.30182381621856
              ]
            ]
          },
          {
            "type": "LineString",
            "coordinates": [
              [
                -213.92083960797783,
                56.6530601077615
              ],
              [
                -213.815,
                56.749
              ]
            ]
          },
          {
            "type": "LineString",
            "coordinates": [
              [
                -213.815,
                56.749
              ],
              [
                -211.45,
                58.502
              ]
            ]
          },
          {
            "type": "LineString",
            "coordinates": [
              [
                -211.45,
                58.502
              ],
              [
                -208.925,
                60.016
              ]
            ]
          },
          {
            "type": "LineString",
            "coordinates": [
              [
                -208.925,
                60.016
              ],
              [
                -206.264,
                61.275
              ]
            ]
          },
          {
            "type": "LineString",
            "coordinates": [
              [
                -206.264,
                61.275
              ],
              [
                -203.492,
                62.267
              ]
            ]
          },
          {
            "type": "LineString",
            "coordinates": [
              [
                -203.492,
                62.267
              ],
              [
                -200.636,
                62.982
              ]
            ]
          },
          {
            "type": "LineString",
            "coordinates": [
              [
                -200.636,
                62.982
              ],
              [
                -197.724,
                63.414
              ]
            ]
          },
          {
            "type": "LineString",
            "coordinates": [
              [
                -197.724,
                63.414
              ],
              [
                -194.783,
                63.558
              ]
            ]
          },
          {
            "type": "LineString",
            "coordinates": [
              [
                -194.783,
                63.558
              ],
              [
                -191.843,
                63.414
              ]
            ]
          },
          {
            "type": "LineString",
            "coordinates": [
              [
                -191.843,
                63.414
              ],
              [
                -188.93,
                62.982
              ]
            ]
          },
          {
            "type": "LineString",
            "coordinates": [
              [
                -188.93,
                62.982
              ],
              [
                -186.075,
                62.267
              ]
            ]
          },
          {
            "type": "LineString",
            "coordinates": [
              [
                -186.075,
                62.267
              ],
              [
                -183.303,
                61.275
              ]
            ]
          },
          {
            "type": "LineString",
            "coordinates": [
              [
                -183.303,
                61.275
              ],
              [
                -180.641,
                60.016
              ]
            ]
          },
          {
            "type": "LineString",
            "coordinates": [
              [
                -180.641,
                60.016
              ],
              [
                -178.116,
                58.502
              ]
            ]
          },
          {
            "type": "LineString",
            "coordinates": [
              [
                -178.116,
                58.502
              ],
              [
                -175.751,
                56.749
              ]
            ]
          },
          {
            "type": "LineString",
            "coordinates": [
              [
                -175.751,
                56.749
              ],
              [
                -173.57,
                54.772
              ]
            ]
          },
          {
            "type": "LineString",
            "coordinates": [
              [
                -173.57,
                54.772
              ],
              [
                -171.593,
                52.59
              ]
            ]
          },
          {
            "type": "LineString",
            "coordinates": [
              [
                -171.593,
                52.59
              ],
              [
                -169.839,
                50.225
              ]
            ]
          },
          {
            "type": "LineString",
            "coordinates": [
              [
                -169.839,
                50.225
              ],
              [
                -168.325,
                47.7
              ]
            ]
          },
          {
            "type": "LineString",
            "coordinates": [
              [
                -168.325,
                47.7
              ],
              [
                -167.067,
                45.039
              ]
            ]
          },
          {
            "type": "LineString",
            "coordinates": [
              [
                -167.067,
                45.039
              ],
              [
                -166.075,
                42.267
              ]
            ]
          },
          {
            "type": "LineString",
            "coordinates": [
              [
                -166.075,
                42.267
              ],
              [
                -165.36,
                39.411
              ]
            ]
          },
          {
            "type": "LineString",
            "coordinates": [
              [
                -165.36,
                39.411
              ],
              [
                -164.928,
                36.499
              ]
            ]
          },
          {
            "type": "LineString",
            "coordinates": [
              [
                -164.928,
                36.499
              ],
              [
                -164.783,
                33.558
              ]
            ]
          },
          {
            "type": "LineString",
            "coordinates": [
              [
                -164.783,
                33.558
              ],
              [
                -164.928,
                30.618
              ]
            ]
          },
          {
            "type": "LineString",
            "coordinates": [
              [
                -164.928,
                30.618
              ],
              [
                -165.36,
                27.706
              ]
            ]
          },
          {
            "type": "LineString",
            "coordinates": [
              [
                -165.36,
                27.706
              ],
              [
                -166.075,
                24.85
              ]
            ]
          },
          {
            "type": "LineString",
            "coordinates": [
              [
                -166.075,
                24.85
              ],
              [
                -167.067,
                22.078
              ]
            ]
          },
          {
            "type": "LineString",
            "coordinates": [
              [
                -167.067,
                22.078
              ],
              [
                -167.59368822209439,
                20.96349757773035
              ]
            ]
          },
          {
            "type": "LineString",
            "coordinates": [
              [
                -167.59368822209439,
                20.96349757773035
              ],
              [
                -168.325,
                19.416
              ]
            ]
          },
          {
            "type": "LineString",
            "coordinates": [
              [
                -168.325,
                19.416
              ],
              [
                -169.839,
                16.891
              ]
            ]
          },
          {
            "type": "LineString",
            "coordinates": [
              [
                -169.839,
                16.891
              ],
              [
                -170.11187714200804,
                16.523222597658503
              ]
            ]
          },
          {
            "type": "LineString",
            "coordinates": [
              [
                -170.11187714200804,
                16.523222597658503
              ],
              [
                -171.593,
                14.527
              ]
            ]
          },
          {
            "type": "LineString",
            "coordinates": [
              [
                -171.593,
                14.527
              ],
              [
                -173.57,
                12.345
              ]
            ]
          },
          {
            "type": "LineString",
            "coordinates": [
              [
                -173.57,
                12.345
              ],
              [
                -175.751,
                10.368
              ]
            ]
          },
          {
            "type": "LineString",
            "coordinates": [
              [
                -175.751,
                10.368
              ],
              [
                -178.116,
                8.614
              ]
            ]
          },
          {
            "type": "LineString",
            "coordinates": [
              [
                -178.116,
                8.614
              ],
              [
                -180.641,
                7.101
              ]
            ]
          },
          {
            "type": "LineString",
            "coordinates": [
              [
                -180.641,
                7.101
              ],
              [
                -183.303,
                5.842
              ]
            ]
          },
          {
            "type": "LineString",
            "coordinates": [
              [
                -183.303,
                5.842
              ],
              [
                -186.075,
                4.85
              ]
            ]
          },
          {
            "type": "LineString",
            "coordinates": [
              [
                -186.075,
                4.85
              ],
              [
                -188.2805216093253,
                4.297653957734645
              ]
            ]
          },
          {
            "type": "LineString",
            "coordinates": [
              [
                -188.2805216093253,
                4.297653957734645
              ],
              [
                -188.93,
                4.135
              ]
            ]
          },
          {
            "type": "LineString",
            "coordinates": [
              [
                -188.93,
                4.135
              ],
              [
                -190.52824619889586,
                3.89797893651802
              ]
            ]
          },
          {
            "type": "LineString",
            "coordinates": [
              [
                -213.92083960797783,
                56.6530601077615
              ],
              [
                -208.0166038144836,
                55.96250140710074
              ]
            ]
          },
          {
            "type": "LineString",
            "coordinates": [
              [
                -193.0674694063566,
                16.259458042669483
              ],
              [
                -195.1488195606837,
                9.826070983453018
              ]
            ]
          },
          {
            "type": "LineString",
            "coordinates": [
              [
                -195.1488195606837,
                9.826070983453018
              ],
              [
                -196.3550075407665,
                6.097782340662992
              ]
            ]
          },
          {
            "type": "LineString",
            "coordinates": [
              [
                -200.88978125795222,
                54.34013729575382
              ],
              [
                -205.92087002470484,
                54.53150621042681
              ]
            ]
          },
          {
            "type": "LineString",
            "coordinates": [
              [
                -205.92087002470484,
                54.53150621042681
              ],
              [
                -208.0679090494481,
                54.61317372753383
              ]
            ]
          },
          {
            "type": "LineString",
            "coordinates": [
              [
                -194.67054195618036,
                24.06355646618228
              ],
              [
                -193.0674694063566,
                16.259458042669483
              ]
            ]
          },
          {
            "type": "LineString",
            "coordinates": [
              [
                -195.6097231461725,
                28.635690425444746
              ],
              [
                -197.48299558460917,
                37.755179425004144
              ]
            ]
          },
          {
            "type": "LineString",
            "coordinates": [
              [
                -198.42333482070933,
                42.332950999237156
              ],
              [
                -199.38768524930828,
                47.02761416989042
              ]
            ]
          },
          {
            "type": "Polygon",
            "coordinates": [
              [
                [
                  -255.10965846605907,
                  21.61245211400352
                ],
                [
                  -257.7001209601253,
                  22.262913874967836
                ],
                [
                  -257.3844587626909,
                  23.230211287767265
                ],
                [
                  -255.29533827025526,
                  22.603301840949683
                ],
                [
                  -254.83881914068684,
                  22.45890701505675
                ],
                [
                  -255.10965846605907,
                  21.61245211400352
                ]
              ]
            ]
          },
          {
            "type": "Polygon",
            "coordinates": [
              [
                [
                  -262.1747790501427,
                  24.66770474607144
                ],
                [
                  -262.5612327054877,
                  23.48353270785024
                ],
                [
                  -265.399384586904,
                  24.1961889516287
                ],
                [
                  -264.217,
                  27.89
                ],
                [
                  -264.2112294964541,
                  27.908064677440017
                ],
                [
                  -264.935,
                  25.496
                ],
                [
                  -262.1747790501427,
                  24.66770474607144
                ]
              ]
            ]
          },
          {
            "type": "Polygon",
            "coordinates": [
              [
                [
                  -263.198,
                  31.08
                ],
                [
                  -260.5668336796693,
                  29.594774060507252
                ],
                [
                  -256.96331450391017,
                  40.6366844891159
                ],
                [
                  -260.62312115601816,
                  29.422297866602708
                ],
                [
                  -263.4559793895272,
                  30.272390331116938
                ],
                [
                  -263.198,
                  31.08
                ]
              ]
            ]
          },
          {
            "type": "Polygon",
            "coordinates": [
              [
                [
                  -335.5640292595521,
                  70.4223549895293
                ],
                [
                  -332.84901454552056,
                  68.66444243958216
                ],
                [
                  -332.854,
                  68.649
                ],
                [
                  -338.8232643450223,
                  51.08899511260651
                ],
                [
                  -341.5709634174302,
                  52.86807006859139
                ],
                [
                  -335.5640292595521,
                  70.4223549895293
                ]
              ]
            ]
          },
          {
            "type": "Polygon",
            "coordinates": [
              [
                [
                  -336.36,
                  73.656
                ],
                [
                  -343.1283941921519,
                  53.87647237683957
                ],
                [
                  -344.1021816425476,
                  54.50697841836655
                ],
                [
                  -341.873,
                  60.87
                ],
                [
                  -337.022,
                  74.705
                ],
                [
                  -341.60600981004364,
                  76.31193324025371
                ],
                [
                  -337.009,
                  74.743
                ],
                [
                  -332.58993186373704,
                  87.69290572866491
                ],
                [
                  -331.6588172375348,
                  87.38981348138232
                ],
                [
                  -336.36,
                  73.656
                ]
              ]
            ]
          },
          {
            "type": "Polygon",
            "coordinates": [
              [
                [
                  -363.8916563988163,
                  80.3574044732052
                ],
                [
                  -369.59136982050626,
                  63.28264611923861
                ],
                [
                  -374.15973703613673,
                  64.85988236933225
                ],
                [
                  -368.426,
                  81.094
                ],
                [
                  -373.06612024075264,
                  82.71788795670489
                ],
                [
                  -372.9183180583282,
                  83.47387416898638
                ],
                [
                  -363.8916563988163,
                  80.3574044732052
                ]
              ]
            ]
          },
          {
            "type": "Polygon",
            "coordinates": [
              [
                [
                  -346.095,
                  77.844
                ],
                [
                  -346.0949754060561,
                  77.84399160622714
                ],
                [
                  -350.933,
                  64.045
                ],
                [
                  -353.14006590810595,
                  57.74497329238999
                ],
                [
                  -346.305,
                  78.561
                ],
                [
                  -342.2572583009814,
                  90.8945314594895
                ],
                [
                  -341.7048511294941,
                  90.70883300233872
                ],
                [
                  -346.095,
                  77.844
                ]
              ]
            ]
          },
          {
            "type": "Polygon",
            "coordinates": [
              [
                [
                  -327.45986909723945,
                  85.7188232566603
                ],
                [
                  -327.3872453577837,
                  85.58226628921872
                ],
                [
                  -331.25856471134193,
                  73.59085899279918
                ],
                [
                  -315.62756721255084,
                  63.470130538066456
                ],
                [
                  -333.89533001178626,
                  75.29810676164584
                ],
                [
                  -329.9709300933562,
                  86.76266349753588
                ],
                [
                  -327.45986909723945,
                  85.7188232566603
                ]
              ]
            ]
          },
          {
            "type": "Polygon",
            "coordinates": [
              [
                [
                  -356.84609331014263,
                  95.78472246590557
                ],
                [
                  -351.3593977885042,
                  93.94742526973607
                ],
                [
                  -355.42570376769925,
                  81.55590272823805
                ],
                [
                  -355.426,
                  81.556
                ],
                [
                  -362.25756417655856,
                  60.7506377305086
                ],
                [
                  -367.8902182068428,
                  62.6953207433811
                ],
                [
                  -361.396,
                  82.151
                ],
                [
                  -356.84609331014263,
                  95.78472246590557
                ]
              ]
            ]
          },
          {
            "type": "Polygon",
            "coordinates": [
              [
                [
                  -330.5113180194845,
                  87.96243770132676
                ],
                [
                  -330.5115,
                  87.9625
                ],
                [
                  -330.5113174992535,
                  87.96243895259153
                ],
                [
                  -330.5113180194845,
                  87.96243770132676
                ]
              ]
            ]
          },
          {
            "type": "Polygon",
            "coordinates": [
              [
                [
                  -323.99177570704427,
                  96.09972967214114
                ],
                [
                  -326.8021330554312,
                  87.39465098055275
                ],
                [
                  -326.471,
                  87.257
                ],
                [
                  -329.3922739292925,
                  88.47136448048535
                ],
                [
                  -326.5728437755719,
                  96.89980043846982
                ],
                [
                  -323.99177570704427,
                  96.09972967214114
                ]
              ]
            ]
          },
          {
            "type": "Polygon",
            "coordinates": [
              [
                [
                  -357.2990524088891,
                  100.07146217236425
                ],
                [
                  -372.77057268331794,
                  88.76950283991083
                ],
                [
                  -362.04270265121426,
                  85.89804060541096
                ],
                [
                  -362.30854144294346,
                  85.10123914629543
                ],
                [
                  -372.8233230402855,
                  88.73096865719026
                ],
                [
                  -357.2990524088891,
                  100.07146217236425
                ]
              ]
            ]
          },
          {
            "type": "Polygon",
            "coordinates": [
              [
                [
                  -326.6473218474492,
                  99.54011644692062
                ],
                [
                  -326.6395,
                  99.538
                ],
                [
                  -326.63964047496614,
                  99.53754698957567
                ],
                [
                  -326.6473218474492,
                  99.54011644692062
                ]
              ]
            ]
          },
          {
            "type": "Polygon",
            "coordinates": [
              [
                [
                  -331.08186629366435,
                  89.09440306064968
                ],
                [
                  -332.0151354697251,
                  89.39828891240104
                ],
                [
                  -326.902,
                  104.698
                ],
                [
                  -330.8032859966517,
                  106.00142800678906
                ],
                [
                  -326.902,
                  104.699
                ],
                [
                  -323.218,
                  115.734
                ],
                [
                  -327.7710000001217,
                  117.25400000004063
                ],
                [
                  -323.1933815334998,
                  115.72636781203602
                ],
                [
                  -327.50071458490305,
                  99.79993793381905
                ],
                [
                  -331.08186629366435,
                  89.09440306064968
                ]
              ]
            ]
          },
          {
            "type": "Polygon",
            "coordinates": [
              [
                [
                  -336.008,
                  107.739
                ],
                [
                  -336.00740102695295,
                  107.73880003535437
                ],
                [
                  -341.1289792259193,
                  92.41386308588467
                ],
                [
                  -341.70711542108813,
                  92.60821117841114
                ],
                [
                  -336.8986906169616,
                  107.97062418043565
                ],
                [
                  -333.14846665064766,
                  119.04855566368181
                ],
                [
                  -332.3241752512304,
                  118.77347505501446
                ],
                [
                  -336.008,
                  107.739
                ]
              ]
            ]
          },
          {
            "type": "Polygon",
            "coordinates": [
              [
                [
                  -413.327,
                  97.4
                ],
                [
                  -411.05,
                  96.617
                ],
                [
                  -402.689,
                  93.735
                ],
                [
                  -396.46270508919264,
                  91.58956436904955
                ],
                [
                  -396.73646739446104,
                  91.0017232194946
                ],
                [
                  -493.76145344481415,
                  124.95724552748379
                ],
                [
                  -493.751781355795,
                  124.99862413348635
                ],
                [
                  -492.804,
                  124.674
                ],
                [
                  -484.248,
                  121.734
                ],
                [
                  -463.978,
                  114.787
                ],
                [
                  -443.149,
                  107.648
                ],
                [
                  -423.871,
                  101.043
                ],
                [
                  -413.331,
                  97.402
                ],
                [
                  -413.327,
                  97.4
                ]
              ]
            ]
          },
          {
            "type": "Polygon",
            "coordinates": [
              [
                [
                  -321.859,
                  102.706
                ],
                [
                  -322.45544075275484,
                  100.85852544642368
                ],
                [
                  -325.12628910201295,
                  101.68646608707775
                ],
                [
                  -320.45087177466803,
                  118.97126564212768
                ],
                [
                  -320.41734021437276,
                  119.07174975179298
                ],
                [
                  -316.5721652801165,
                  117.87977769565607
                ],
                [
                  -321.859,
                  102.706
                ]
              ]
            ]
          },
          {
            "type": "Polygon",
            "coordinates": [
              [
                [
                  -341.4600696150409,
                  109.4214537858898
                ],
                [
                  -346.054,
                  110.859
                ],
                [
                  -350.8106042767051,
                  95.66219628883786
                ],
                [
                  -356.27233329251067,
                  97.49113309923713
                ],
                [
                  -354.682,
                  102.186
                ],
                [
                  -354.677,
                  102.201
                ],
                [
                  -353.775,
                  105.029
                ],
                [
                  -352.04,
                  108.804
                ],
                [
                  -352.858,
                  109.18
                ],
                [
                  -352.006,
                  108.889
                ],
                [
                  -345.3704612923794,
                  128.28574751946005
                ],
                [
                  -340.6966599312323,
                  126.69044147035198
                ],
                [
                  -346.02,
                  110.965
                ],
                [
                  -341.4600696150409,
                  109.4214537858898
                ]
              ]
            ]
          },
          {
            "type": "Polygon",
            "coordinates": [
              [
                [
                  -391.52649606323786,
                  123.93948887955705
                ],
                [
                  -391.89355073471273,
                  122.8572946893743
                ],
                [
                  -391.52649606323786,
                  123.93948887955706
                ],
                [
                  -391.5244418582772,
                  123.93879512484973
                ],
                [
                  -391.52649606323786,
                  123.93948887955705
                ]
              ]
            ]
          },
          {
            "type": "Polygon",
            "coordinates": [
              [
                [
                  -527.8098674138276,
                  136.66465333980864
                ],
                [
                  -526.5438257047164,
                  136.23072955042363
                ],
                [
                  -532.5570063989828,
                  119.26380096812072
                ],
                [
                  -533.6756348309598,
                  119.64720016938878
                ],
                [
                  -527.8098674138276,
                  136.66465333980864
                ]
              ]
            ]
          },
          {
            "type": "Polygon",
            "coordinates": [
              [
                [
                  -524.4470500551411,
                  151.3972686738711
                ],
                [
                  -528.693,
                  139.625
                ],
                [
                  -528.697,
                  139.613
                ],
                [
                  -535.3779120798628,
                  120.23063942312987
                ],
                [
                  -536.5751743327085,
                  120.64098961478219
                ],
                [
                  -526.476,
                  149.839
                ],
                [
                  -526.474,
                  149.846
                ],
                [
                  -525.7871898764421,
                  151.83826798516444
                ],
                [
                  -524.4470500551411,
                  151.3972686738711
                ]
              ]
            ]
          },
          {
            "type": "Polygon",
            "coordinates": [
              [
                [
                  -538.574,
                  154.02
                ],
                [
                  -548.6836308199896,
                  124.79104732215539
                ],
                [
                  -549.3189739283409,
                  125.00880509883068
                ],
                [
                  -538.539367712397,
                  156.10416101876322
                ],
                [
                  -537.9270267983885,
                  155.8962222846734
                ],
                [
                  -538.574,
                  154.02
                ]
              ]
            ]
          },
          {
            "type": "Polygon",
            "coordinates": [
              [
                [
                  -550.0,
                  130.20169905502325
                ],
                [
                  -541.3593607244111,
                  155.40933824950673
                ],
                [
                  -540.7619279270845,
                  155.19095767174872
                ],
                [
                  -550.0,
                  128.54070580443556
                ],
                [
                  -550.0,
                  130.20169905502325
                ]
              ]
            ]
          },
          {
            "type": "Polygon",
            "coordinates": [
              [
                [
                  -522.9737020403904,
                  150.17731753303792
                ],
                [
                  -520.895,
                  147.676
                ],
                [
                  -521.6417936031953,
                  148.57462226376708
                ],
                [
                  -524.309,
                  140.761
                ],
                [
                  -520.2084235496072,
                  139.34422876288275
                ],
                [
                  -526.1470136189462,
                  141.37934947287792
                ],
                [
                  -522.9737020403904,
                  150.17731753303792
                ]
              ]
            ]
          },
          {
            "type": "Polygon",
            "coordinates": [
              [
                [
                  -450.471,
                  152.434
                ],
                [
                  -450.275,
                  152.27
                ],
                [
                  -450.063,
                  152.126
                ],
                [
                  -449.837,
                  152.006
                ],
                [
                  -449.6,
                  151.909
                ],
                [
                  -446.268,
                  150.74
                ],
                [
                  -446.211,
                  150.721
                ],
                [
                  -441.159,
                  149.084
                ],
                [
                  -440.808,
                  148.998
                ],
                [
                  -435.061,
                  148.019
                ],
                [
                  -434.802,
                  147.989
                ],
                [
                  -434.542,
                  147.986
                ],
                [
                  -429.701,
                  148.176
                ],
                [
                  -429.421,
                  148.203
                ],
                [
                  -429.145,
                  148.262
                ],
                [
                  -428.878,
                  148.351
                ],
                [
                  -425.19,
                  149.813
                ],
                [
                  -424.959,
                  149.918
                ],
                [
                  -424.74,
                  150.046
                ],
                [
                  -424.589091925461,
                  150.15642054234564
                ],
                [
                  -424.588,
                  150.155
                ],
                [
                  -420.00184680462985,
                  153.67923919104362
                ],
                [
                  -413.71597562922386,
                  151.54822569127361
                ],
                [
                  -414.532,
                  148.685
                ],
                [
                  -418.649,
                  147.491
                ],
                [
                  -421.002,
                  147.124
                ],
                [
                  -423.8,
                  141.305
                ],
                [
                  -455.656,
                  152.235
                ],
                [
                  -457.601,
                  155.505
                ],
                [
                  -458.611,
                  159.586
                ],
                [
                  -459.052,
                  163.452
                ],
                [
                  -458.68,
                  166.614
                ],
                [
                  -458.63636790957156,
                  166.77590203916267
                ],
                [
                  -455.507539620312,
                  165.71550661024287
                ],
                [
                  -456.203,
                  162.777
                ],
                [
                  -456.252,
                  162.507
                ],
                [
                  -456.27,
                  162.234
                ],
                [
                  -456.259,
                  161.96
                ],
                [
                  -456.218,
                  161.69
                ],
                [
                  -455.669,
                  159.062
                ],
                [
                  -455.615,
                  158.852
                ],
                [
                  -455.544,
                  158.648
                ],
                [
                  -455.455,
                  158.451
                ],
                [
                  -455.35,
                  158.261
                ],
                [
                  -453.649,
                  155.502
                ],
                [
                  -453.522,
                  155.316
                ],
                [
                  -453.378,
                  155.141
                ],
                [
                  -453.22,
                  154.981
                ],
                [
                  -450.471,
                  152.434
                ]
              ]
            ]
          },
          {
            "type": "Polygon",
            "coordinates": [
              [
                [
                  -518.5677104612973,
                  162.96609837474404
                ],
                [
                  -516.9123531930165,
                  162.39915315830268
                ],
                [
                  -520.904,
                  150.736
                ],
                [
                  -520.960283231863,
                  150.5711174044542
                ],
                [
                  -520.6501658590818,
                  150.19775742248171
                ],
                [
                  -522.2712086465384,
                  152.14938141720842
                ],
                [
                  -518.5677104612973,
                  162.96609837474404
                ]
              ]
            ]
          },
          {
            "type": "Polygon",
            "coordinates": [
              [
                [
                  -427.20804668676817,
                  156.12225922794187
                ],
                [
                  -428.032,
                  154.065
                ],
                [
                  -430.324,
                  153.156
                ],
                [
                  -434.479,
                  152.992
                ],
                [
                  -439.79,
                  153.897
                ],
                [
                  -444.642,
                  155.468
                ],
                [
                  -447.454,
                  156.455
                ],
                [
                  -449.571,
                  158.417
                ],
                [
                  -450.864,
                  160.513
                ],
                [
                  -451.209,
                  162.167
                ],
                [
                  -450.7513175310713,
                  164.1035689466545
                ],
                [
                  -448.41438924870386,
                  163.31155742053704
                ],
                [
                  -427.20804668676817,
                  156.12225922794187
                ]
              ],
              [
                [
                  -435.713,
                  158.726
                ],
                [
                  -433.379,
                  158.142
                ],
                [
                  -433.0506386180575,
                  158.10299378832215
                ],
                [
                  -441.29020298721645,
                  160.89634134714603
                ],
                [
                  -440.656,
                  160.528
                ],
                [
                  -438.174,
                  159.611
                ],
                [
                  -435.713,
                  158.726
                ]
              ]
            ]
          },
          {
            "type": "Polygon",
            "coordinates": [
              [
                [
                  -525.1773106263549,
                  153.53284144781824
                ],
                [
                  -513.3388206958872,
                  185.48652141358178
                ],
                [
                  -512.819504755063,
                  185.30866029917848
                ],
                [
                  -519.461,
                  165.914
                ],
                [
                  -523.8497202092558,
                  153.0959717642863
                ],
                [
                  -525.1773106263549,
                  153.53284144781824
                ]
              ]
            ]
          },
          {
            "type": "Polygon",
            "coordinates": [
              [
                [
                  -525.4519974934109,
                  189.63517727951273
                ],
                [
                  -537.3234187889328,
                  157.59206320932142
                ],
                [
                  -537.9235431393929,
                  157.7957736812878
                ],
                [
                  -525.7572428973816,
                  189.7397211293136
                ],
                [
                  -525.4519974934109,
                  189.63517727951273
                ]
              ]
            ]
          },
          {
            "type": "Polygon",
            "coordinates": [
              [
                [
                  -539.0523966645485,
                  159.88933941892802
                ],
                [
                  -539.7378254504455,
                  160.13989982296934
                ],
                [
                  -538.2272366851157,
                  164.5467932660563
                ],
                [
                  -538.0283905179108,
                  164.47864982657708
                ],
                [
                  -528.9966232338963,
                  190.84918022990317
                ],
                [
                  -527.4615954330933,
                  190.3234467913001
                ],
                [
                  -539.0523966645485,
                  159.88933941892802
                ]
              ]
            ]
          },
          {
            "type": "Polygon",
            "coordinates": [
              [
                [
                  -509.3442836005315,
                  184.11842780532916
                ],
                [
                  -515.2852046928676,
                  167.1267048602574
                ],
                [
                  -516.9480566068913,
                  167.696216926547
                ],
                [
                  -511.11658518819394,
                  184.72542541634047
                ],
                [
                  -509.3442836005315,
                  184.11842780532916
                ]
              ]
            ]
          },
          {
            "type": "Polygon",
            "coordinates": [
              [
                [
                  -90.47,
                  -27.767
                ],
                [
                  -92.88583893551485,
                  -34.05319139733775
                ],
                [
                  -111.5661263480912,
                  -26.646627973692553
                ],
                [
                  -109.40635071155226,
                  -20.928944159080515
                ],
                [
                  -90.47,
                  -27.767
                ]
              ]
            ]
          },
          {
            "type": "Polygon",
            "coordinates": [
              [
                [
                  -114.83280206994019,
                  -25.350632201831697
                ],
                [
                  -112.757,
                  -19.719
                ],
                [
                  -111.09916834331653,
                  -20.31765523278093
                ],
                [
                  -113.23901279901058,
                  -25.98314817261847
                ],
                [
                  -114.83280206994019,
                  -25.350632201831697
                ]
              ]
            ]
          },
          {
            "type": "Polygon",
            "coordinates": [
              [
                [
                  -147.6725634323395,
                  6.896922129542429
                ],
                [
                  -145.55541848709814,
                  6.103760261050996
                ],
                [
                  -151.2591276637475,
                  -10.98113470369578
                ],
                [
                  -153.3908499684177,
                  -10.182511609855448
                ],
                [
                  -147.6725634323395,
                  6.896922129542429
                ]
              ]
            ]
          },
          {
            "type": "Polygon",
            "coordinates": [
              [
                [
                  -182.54649945515612,
                  0.4338499753959444
                ],
                [
                  -180.40206171527936,
                  0.147516133439886
                ],
                [
                  -178.91466456612383,
                  0.4530125670965716
                ],
                [
                  -180.40206171527936,
                  0.1475161334398855
                ],
                [
                  -182.54649945515612,
                  0.4338499753959444
                ]
              ]
            ]
          },
          {
            "type": "Polygon",
            "coordinates": [
              [
                [
                  -148.582,
                  9.85
                ],
                [
                  -155.07762825887306,
                  -9.550581224741535
                ],
                [
                  -159.13488044991414,
                  -8.030582447132948
                ],
                [
                  -152.4729754681038,
                  11.765765922008107
                ],
                [
                  -148.46691029853775,
                  10.258755163895339
                ],
                [
                  -148.582,
                  9.85
                ]
              ]
            ]
          },
          {
            "type": "Polygon",
            "coordinates": [
              [
                [
                  -176.29472251081236,
                  -0.39496213981258005
                ],
                [
                  -174.0,
                  -0.393
                ],
                [
                  -173.11882093668007,
                  2.2664045525150516
                ],
                [
                  -188.2805216093253,
                  4.297653957734645
                ],
                [
                  -171.75929755853977,
                  2.084265944660066
                ],
                [
                  -172.96565620764088,
                  -1.472453154161511
                ],
                [
                  -178.91466456612383,
                  0.4530125670965716
                ],
                [
                  -176.29472251081236,
                  -0.39496213981258005
                ]
              ]
            ]
          },
          {
            "type": "Polygon",
            "coordinates": [
              [
                [
                  -121.70898366094477,
                  2.12300769082334
                ],
                [
                  -115.01383427822033,
                  14.984463693023844
                ],
                [
                  -100.06331414022297,
                  11.053107465340718
                ],
                [
                  -105.20627267647306,
                  -4.425955388764085
                ],
                [
                  -121.70898366094477,
                  2.12300769082334
                ]
              ]
            ]
          },
          {
            "type": "Polygon",
            "coordinates": [
              [
                [
                  -165.0218874514471,
                  16.510094678640126
                ],
                [
                  -161.46038061151788,
                  15.159316342542867
                ],
                [
                  -168.12967540766573,
                  -4.6607950400765175
                ],
                [
                  -171.69329605103871,
                  -3.3257291465270797
                ],
                [
                  -169.703,
                  2.542
                ],
                [
                  -170.55549999999886,
                  2.8309999999996194
                ],
                [
                  -169.702,
                  2.545
                ],
                [
                  -165.0218874514471,
                  16.510094678640126
                ]
              ]
            ]
          },
          {
            "type": "Polygon",
            "coordinates": [
              [
                [
                  -172.54266577797972,
                  4.005244835703231
                ],
                [
                  -168.56120250829127,
                  16.021328723566274
                ],
                [
                  -170.11187714200804,
                  16.523222597658503
                ],
                [
                  -167.22864891951218,
                  15.5900322616484
                ],
                [
                  -171.17281358996482,
                  3.821716100492675
                ],
                [
                  -172.54266577797972,
                  4.005244835703231
                ]
              ]
            ]
          },
          {
            "type": "Polygon",
            "coordinates": [
              [
                [
                  -131.18919019473032,
                  5.879153653383483
                ],
                [
                  -126.62430303584158,
                  18.01736801491419
                ],
                [
                  -116.79964054831676,
                  15.452039476504932
                ],
                [
                  -123.39159013451561,
                  2.7903066423652216
                ],
                [
                  -131.18919019473032,
                  5.879153653383483
                ]
              ]
            ]
          },
          {
            "type": "Polygon",
            "coordinates": [
              [
                [
                  -138.86442872265263,
                  8.927516570958415
                ],
                [
                  -136.92897769824438,
                  20.68700157686289
                ],
                [
                  -128.37610241248615,
                  18.472643794048917
                ],
                [
                  -132.86211324325146,
                  6.54286446737006
                ],
                [
                  -138.86442872265263,
                  8.927516570958415
                ]
              ]
            ]
          },
          {
            "type": "Polygon",
            "coordinates": [
              [
                [
                  -142.56138347540684,
                  22.20118130555682
                ],
                [
                  -138.67737384789444,
                  21.149630841225754
                ],
                [
                  -140.58128048509894,
                  9.579441152096408
                ],
                [
                  -146.13783140036165,
                  11.661407889232406
                ],
                [
                  -142.56138347540684,
                  22.20118130555682
                ]
              ]
            ]
          },
          {
            "type": "Polygon",
            "coordinates": [
              [
                [
                  -253.1228676172633,
                  21.916159722736932
                ],
                [
                  -250.45205092066547,
                  21.07139312497842
                ],
                [
                  -250.64043893948568,
                  20.490236907240245
                ],
                [
                  -253.36056893401746,
                  21.17325800881878
                ],
                [
                  -253.1228676172633,
                  21.916159722736932
                ]
              ]
            ]
          },
          {
            "type": "Polygon",
            "coordinates": [
              [
                [
                  -249.681,
                  23.45
                ],
                [
                  -241.06545461053273,
                  19.040865218921397
                ],
                [
                  -239.77679892694613,
                  24.171153732641738
                ],
                [
                  -241.06545461053273,
                  19.04086521892139
                ],
                [
                  -249.681,
                  23.45
                ]
              ]
            ]
          },
          {
            "type": "Polygon",
            "coordinates": [
              [
                [
                  -114.15517578102316,
                  16.619893185971392
                ],
                [
                  -106.80538140682633,
                  30.543106727206442
                ],
                [
                  -94.8091929249583,
                  26.995179095642857
                ],
                [
                  -99.49650298069686,
                  12.765932445504237
                ],
                [
                  -114.15517578102316,
                  16.619893185971392
                ]
              ]
            ]
          },
          {
            "type": "Polygon",
            "coordinates": [
              [
                [
                  -147.93027970364966,
                  11.980290271181227
                ],
                [
                  -150.3935004672047,
                  12.90664554328775
                ],
                [
                  -146.347,
                  24.548
                ],
                [
                  -141.8028546067161,
                  37.651587616789904
                ],
                [
                  -139.373017003363,
                  36.82195676913541
                ],
                [
                  -143.991,
                  23.587
                ],
                [
                  -143.994,
                  23.58
                ],
                [
                  -147.93027970364966,
                  11.980290271181227
                ]
              ]
            ]
          },
          {
            "type": "Polygon",
            "coordinates": [
              [
                [
                  -108.56596802123555,
                  31.06372669010013
                ],
                [
                  -115.94273622161818,
                  17.089328076999106
                ],
                [
                  -125.98873625739367,
                  19.712001988236
                ],
                [
                  -120.42283705305947,
                  34.569739713669705
                ],
                [
                  -108.56596802123555,
                  31.06372669010013
                ]
              ]
            ]
          },
          {
            "type": "Polygon",
            "coordinates": [
              [
                [
                  -122.15155948944656,
                  35.08502604913723
                ],
                [
                  -127.74004579366054,
                  20.166993806380834
                ],
                [
                  -136.6415149157336,
                  22.47163355329518
                ],
                [
                  -134.10014267543048,
                  38.65863900200949
                ],
                [
                  -122.15155948944656,
                  35.08502604913723
                ]
              ]
            ]
          },
          {
            "type": "Polygon",
            "coordinates": [
              [
                [
                  -164.43979951570225,
                  18.21435770280649
                ],
                [
                  -155.98305184985855,
                  42.484109911908625
                ],
                [
                  -153.91835753513857,
                  41.78146043150359
                ],
                [
                  -158.44,
                  28.745
                ],
                [
                  -162.3726496749591,
                  17.430490764883306
                ],
                [
                  -164.43979951570225,
                  18.21435770280649
                ]
              ]
            ]
          },
          {
            "type": "Polygon",
            "coordinates": [
              [
                [
                  -137.375,
                  37.084
                ],
                [
                  -137.361,
                  37.127
                ],
                [
                  -136.6553641155637,
                  39.53001632073785
                ],
                [
                  -135.83460858727224,
                  39.215282154739896
                ],
                [
                  -138.39084992367847,
                  22.936061012363364
                ],
                [
                  -141.97391914652783,
                  23.906543714810603
                ],
                [
                  -137.375,
                  37.084
                ]
              ]
            ]
          },
          {
            "type": "Polygon",
            "coordinates": [
              [
                [
                  -167.59368822209439,
                  20.96349757773035
                ],
                [
                  -166.9885322593803,
                  20.767658492003214
                ],
                [
                  -158.92422859721012,
                  45.10578313064152
                ],
                [
                  -157.55439128492725,
                  43.442289048096534
                ],
                [
                  -165.6117728356325,
                  20.322114990120244
                ],
                [
                  -167.59368822209439,
                  20.96349757773035
                ]
              ]
            ]
          },
          {
            "type": "Polygon",
            "coordinates": [
              [
                [
                  -188.066,
                  40.276
                ],
                [
                  -187.439,
                  39.585
                ],
                [
                  -186.884,
                  38.836
                ],
                [
                  -186.405,
                  38.037
                ],
                [
                  -186.006,
                  37.194
                ],
                [
                  -185.692,
                  36.316
                ],
                [
                  -185.466,
                  35.412
                ],
                [
                  -185.329,
                  34.49
                ],
                [
                  -185.283,
                  33.558
                ],
                [
                  -185.329,
                  32.627
                ],
                [
                  -185.466,
                  31.705
                ],
                [
                  -185.692,
                  30.801
                ],
                [
                  -186.006,
                  29.923
                ],
                [
                  -186.405,
                  29.08
                ],
                [
                  -186.884,
                  28.28
                ],
                [
                  -187.439,
                  27.532
                ],
                [
                  -188.066,
                  26.841
                ],
                [
                  -188.756,
                  26.215
                ],
                [
                  -189.505,
                  25.659
                ],
                [
                  -190.305,
                  25.18
                ],
                [
                  -191.148,
                  24.782
                ],
                [
                  -192.025,
                  24.467
                ],
                [
                  -192.93,
                  24.241
                ],
                [
                  -193.852,
                  24.104
                ],
                [
                  -194.67054195618036,
                  24.06355646618228
                ],
                [
                  -195.6097231461725,
                  28.635690425444746
                ],
                [
                  -195.436,
                  28.601
                ],
                [
                  -194.783,
                  28.558
                ],
                [
                  -194.13,
                  28.601
                ],
                [
                  -193.489,
                  28.729
                ],
                [
                  -192.87,
                  28.939
                ],
                [
                  -192.283,
                  29.228
                ],
                [
                  -191.739,
                  29.592
                ],
                [
                  -191.248,
                  30.023
                ],
                [
                  -190.816,
                  30.515
                ],
                [
                  -190.453,
                  31.058
                ],
                [
                  -190.164,
                  31.645
                ],
                [
                  -189.953,
                  32.264
                ],
                [
                  -189.826,
                  32.906
                ],
                [
                  -189.783,
                  33.558
                ],
                [
                  -189.826,
                  34.211
                ],
                [
                  -189.953,
                  34.852
                ],
                [
                  -190.164,
                  35.472
                ],
                [
                  -190.453,
                  36.058
                ],
                [
                  -190.816,
                  36.602
                ],
                [
                  -191.248,
                  37.094
                ],
                [
                  -191.739,
                  37.525
                ],
                [
                  -192.283,
                  37.889
                ],
                [
                  -192.87,
                  38.178
                ],
                [
                  -193.489,
                  38.388
                ],
                [
                  -194.13,
                  38.516
                ],
                [
                  -194.783,
                  38.558
                ],
                [
                  -195.436,
                  38.516
                ],
                [
                  -196.077,
                  38.388
                ],
                [
                  -196.697,
                  38.178
                ],
                [
                  -197.283,
                  37.889
                ],
                [
                  -197.48299558460917,
                  37.755179425004144
                ],
                [
                  -198.42333482070933,
                  42.332950999237156
                ],
                [
                  -198.419,
                  42.335
                ],
                [
                  -197.541,
                  42.649
                ],
                [
                  -196.636,
                  42.876
                ],
                [
                  -195.714,
                  43.013
                ],
                [
                  -194.783,
                  43.058
                ],
                [
                  -193.852,
                  43.013
                ],
                [
                  -192.93,
                  42.876
                ],
                [
                  -192.025,
                  42.649
                ],
                [
                  -191.148,
                  42.335
                ],
                [
                  -190.305,
                  41.937
                ],
                [
                  -189.505,
                  41.457
                ],
                [
                  -188.756,
                  40.902
                ],
                [
                  -188.066,
                  40.276
                ]
              ]
            ]
          },
          {
            "type": "Polygon",
            "coordinates": [
              [
                [
                  -171.147,
                  35.886
                ],
                [
                  -171.033,
                  33.558
                ],
                [
                  -171.131,
                  35.558
                ],
                [
                  -171.147,
                  35.886
                ]
              ]
            ]
          },
          {
            "type": "Polygon",
            "coordinates": [
              [
                [
                  -180.807,
                  36.338
                ],
                [
                  -180.691,
                  35.558
                ],
                [
                  -180.602,
                  34.955
                ],
                [
                  -180.807,
                  36.338
                ]
              ]
            ]
          },
          {
            "type": "Polygon",
            "coordinates": [
              [
                [
                  -134.57899999999998,
                  41.410999999999994
                ],
                [
                  -134.57914278004355,
                  41.410522404742494
                ],
                [
                  -134.57918084889,
                  41.41052837842537
                ],
                [
                  -134.57899999999998,
                  41.410999999999994
                ]
              ]
            ]
          },
          {
            "type": "Polygon",
            "coordinates": [
              [
                [
                  -87.62066892268459,
                  48.85458774230809
                ],
                [
                  -89.61116661933725,
                  42.80045624349965
                ],
                [
                  -91.123,
                  43.274
                ],
                [
                  -89.22606586678042,
                  49.329350478664104
                ],
                [
                  -87.62066892268459,
                  48.85458774230809
                ]
              ]
            ]
          },
          {
            "type": "Polygon",
            "coordinates": [
              [
                [
                  -138.82366678737432,
                  38.53589089321384
                ],
                [
                  -141.23451479030646,
                  39.359384321777235
                ],
                [
                  -139.423,
                  45.088
                ],
                [
                  -138.634,
                  47.586
                ],
                [
                  -133.43846236214745,
                  62.92998014355724
                ],
                [
                  -131.1229913870157,
                  62.0416679619545
                ],
                [
                  -137.646,
                  42.545
                ],
                [
                  -137.656,
                  42.513
                ],
                [
                  -138.82366678737432,
                  38.53589089321384
                ]
              ]
            ]
          },
          {
            "type": "Polygon",
            "coordinates": [
              [
                [
                  -127.96145358045938,
                  60.82876891190193
                ],
                [
                  -127.35864362273219,
                  60.648483333382124
                ],
                [
                  -133.12467742766816,
                  43.58518594346227
                ],
                [
                  -133.77227954416358,
                  43.7788677510144
                ],
                [
                  -135.1568255055738,
                  44.31003789165485
                ],
                [
                  -129.4405968955562,
                  61.39623058136294
                ],
                [
                  -127.96145358045938,
                  60.82876891190193
                ]
              ]
            ]
          },
          {
            "type": "Polygon",
            "coordinates": [
              [
                [
                  -156.8770659714172,
                  45.450654814917755
                ],
                [
                  -163.92715393760852,
                  54.01296066673192
                ],
                [
                  -158.25532346944078,
                  47.124543466694305
                ],
                [
                  -153.619,
                  61.117
                ],
                [
                  -157.75154785043125,
                  64.00085352990872
                ],
                [
                  -151.40580509307958,
                  61.8415333760422
                ],
                [
                  -156.8770659714172,
                  45.450654814917755
                ]
              ]
            ]
          },
          {
            "type": "Polygon",
            "coordinates": [
              [
                [
                  -150.82,
                  51.504
                ],
                [
                  -151.628,
                  48.944
                ],
                [
                  -153.35318946754012,
                  43.49061778650335
                ],
                [
                  -155.40169095163367,
                  44.18767890432192
                ],
                [
                  -149.70196230493028,
                  61.26175222005246
                ],
                [
                  -148.88768867002338,
                  60.98467236701561
                ],
                [
                  -146.25482496508965,
                  67.84687659629016
                ],
                [
                  -145.39890936672757,
                  67.51851132606448
                ],
                [
                  -150.779,
                  51.629
                ],
                [
                  -150.82,
                  51.504
                ]
              ]
            ]
          },
          {
            "type": "Polygon",
            "coordinates": [
              [
                [
                  -229.84,
                  94.284
                ],
                [
                  -229.9820398884892,
                  94.3285022762851
                ],
                [
                  -228.25776608656835,
                  99.63249341454838
                ],
                [
                  -227.94852571666527,
                  99.59289290151634
                ],
                [
                  -230.58041723666224,
                  91.9211032534344
                ],
                [
                  -229.84,
                  94.284
                ]
              ]
            ]
          },
          {
            "type": "Polygon",
            "coordinates": [
              [
                [
                  70.213,
                  -83.554
                ],
                [
                  77.65870827800103,
                  -86.19940021163575
                ],
                [
                  76.53156909251538,
                  -89.54860585739637
                ],
                [
                  69.08290684944518,
                  -86.69519769603198
                ],
                [
                  70.213,
                  -83.554
                ]
              ]
            ]
          },
          {
            "type": "Polygon",
            "coordinates": [
              [
                [
                  38.18544184096687,
                  -74.3235253040868
                ],
                [
                  37.12754081320906,
                  -73.89892329120286
                ],
                [
                  42.809655163302246,
                  -56.78379567875845
                ],
                [
                  54.453,
                  -61.457
                ],
                [
                  73.649,
                  -69.168
                ],
                [
                  73.686,
                  -69.183
                ],
                [
                  82.27796024920163,
                  -72.47365544084235
                ],
                [
                  82.07787451211871,
                  -73.06819450833606
                ],
                [
                  55.182,
                  -62.654
                ],
                [
                  43.261,
                  -58.79
                ],
                [
                  38.18544184096687,
                  -74.3235253040868
                ]
              ]
            ]
          },
          {
            "type": "Polygon",
            "coordinates": [
              [
                [
                  36.895097661900266,
                  -54.74649728537916
                ],
                [
                  41.12068966422076,
                  -56.15824912482386
                ],
                [
                  35.448722898037126,
                  -73.24127930888864
                ],
                [
                  31.132651523640508,
                  -71.79929870625759
                ],
                [
                  36.009,
                  -57.37
                ],
                [
                  36.895097661900266,
                  -54.74649728537916
                ]
              ]
            ]
          },
          {
            "type": "Polygon",
            "coordinates": [
              [
                [
                  26.914,
                  -54.297
                ],
                [
                  22.026866639459033,
                  -68.75873909613418
                ],
                [
                  17.811443538997803,
                  -67.3518834305135
                ],
                [
                  18.872,
                  -64.087
                ],
                [
                  23.380021146048314,
                  -50.23432917146218
                ],
                [
                  27.789377229657806,
                  -51.7057584207155
                ],
                [
                  26.914,
                  -54.297
                ]
              ]
            ]
          },
          {
            "type": "Polygon",
            "coordinates": [
              [
                [
                  44.87391960918954,
                  -50.645423653849825
                ],
                [
                  45.53158762749858,
                  -50.81142685042068
                ],
                [
                  45.02105823071963,
                  -52.28403303730199
                ],
                [
                  44.40235865592743,
                  -52.035710105445126
                ],
                [
                  44.87391960918954,
                  -50.645423653849825
                ]
              ]
            ]
          },
          {
            "type": "Polygon",
            "coordinates": [
              [
                [
                  90.7589920216122,
                  -35.20373786833081
                ],
                [
                  71.58049691268,
                  -29.474778924290014
                ],
                [
                  61.30712420404847,
                  -52.94259013205408
                ],
                [
                  71.70739922528684,
                  -29.18489169849281
                ],
                [
                  90.7589920216122,
                  -35.20373786833081
                ]
              ]
            ]
          },
          {
            "type": "Polygon",
            "coordinates": [
              [
                [
                  8.545,
                  -43.717
                ],
                [
                  12.434,
                  -35.108
                ],
                [
                  9.227314849453338,
                  -42.20657353074215
                ],
                [
                  21.179,
                  -45.675
                ],
                [
                  31.004,
                  -17.307
                ],
                [
                  22.064477972534,
                  -13.797209851255642
                ],
                [
                  19.784,
                  -18.837
                ],
                [
                  22.572133015578896,
                  -12.675306936291218
                ],
                [
                  32.935734634856246,
                  -16.340931748383483
                ],
                [
                  22.455,
                  -47.286
                ],
                [
                  23.307499999999933,
                  -47.57449999999998
                ],
                [
                  22.453,
                  -47.293
                ],
                [
                  21.744,
                  -49.445
                ],
                [
                  21.743,
                  -49.448
                ],
                [
                  17.16,
                  -63.53
                ],
                [
                  16.10370767987676,
                  -66.78194351901917
                ],
                [
                  11.571513016779084,
                  -65.26936848502622
                ],
                [
                  17.23,
                  -49.825
                ],
                [
                  5.022961259089247,
                  -45.50253469093005
                ],
                [
                  6.397128261668809,
                  -41.38524214940456
                ],
                [
                  7.480700073061185,
                  -41.69969898997847
                ],
                [
                  6.904,
                  -42.976
                ],
                [
                  8.545,
                  -43.717
                ]
              ]
            ]
          },
          {
            "type": "Polygon",
            "coordinates": [
              [
                [
                  54.679,
                  -24.426
                ],
                [
                  46.12357527974146,
                  -49.10385685592009
                ],
                [
                  45.45369122419048,
                  -48.93474260407802
                ],
                [
                  54.03173151932611,
                  -23.607075780348374
                ],
                [
                  59.274816198669754,
                  -25.26075674128159
                ],
                [
                  55.56232662638909,
                  -51.48669812387471
                ],
                [
                  59.20173481504493,
                  -25.77702164810151
                ],
                [
                  54.679,
                  -24.426
                ]
              ]
            ]
          },
          {
            "type": "Polygon",
            "coordinates": [
              [
                [
                  43.436,
                  -49.28
                ],
                [
                  42.711162941965746,
                  -51.41841181865675
                ],
                [
                  38.49436707004521,
                  -50.0095987279756
                ],
                [
                  48.1118690971379,
                  -21.524159783098092
                ],
                [
                  52.32598276197025,
                  -23.032204296984492
                ],
                [
                  43.436,
                  -49.28
                ]
              ]
            ]
          },
          {
            "type": "Polygon",
            "coordinates": [
              [
                [
                  -74.11310920218574,
                  -41.50323667103809
                ],
                [
                  -68.21693789425402,
                  -24.477235650223875
                ],
                [
                  -67.1331505794842,
                  -24.907757249987526
                ],
                [
                  -73.24737643665182,
                  -41.84713869877554
                ],
                [
                  -74.11310920218574,
                  -41.50323667103809
                ]
              ]
            ]
          },
          {
            "type": "Polygon",
            "coordinates": [
              [
                [
                  34.63535043877446,
                  -16.93382894653188
                ],
                [
                  39.01836670025271,
                  -18.445832713670963
                ],
                [
                  29.388523055412175,
                  -46.96868420853261
                ],
                [
                  24.963206599065604,
                  -45.491478928798415
                ],
                [
                  34.63535043877446,
                  -16.93382894653188
                ]
              ]
            ]
          },
          {
            "type": "Polygon",
            "coordinates": [
              [
                [
                  69.98095545869862,
                  -28.639799102230192
                ],
                [
                  69.84268170609698,
                  -28.955662491311546
                ],
                [
                  60.94653566595061,
                  -26.298224817776205
                ],
                [
                  61.01564720562779,
                  -25.81010394095881
                ],
                [
                  69.98095545869862,
                  -28.639799102230192
                ]
              ]
            ]
          },
          {
            "type": "Polygon",
            "coordinates": [
              [
                [
                  -57.79998949340445,
                  -22.754983766002063
                ],
                [
                  -45.698445116406305,
                  -26.26689997759663
                ],
                [
                  -42.14846939774597,
                  -17.330422640318996
                ],
                [
                  -47.382794941766406,
                  -30.506972371122295
                ],
                [
                  -62.30514897784839,
                  -26.258496176770922
                ],
                [
                  -61.608,
                  -24.327
                ],
                [
                  -62.593584149396136,
                  -23.971368211455403
                ],
                [
                  -60.753,
                  -23.357
                ],
                [
                  -53.302,
                  -21.838
                ],
                [
                  -57.79998949340445,
                  -22.754983766002063
                ]
              ]
            ]
          },
          {
            "type": "Polygon",
            "coordinates": [
              [
                [
                  -63.95906268457477,
                  -23.478657798060095
                ],
                [
                  -63.959,
                  -23.4785
                ],
                [
                  -63.95893150213484,
                  -23.478705133080414
                ],
                [
                  -63.95906268457477,
                  -23.478657798060095
                ]
              ]
            ]
          },
          {
            "type": "Polygon",
            "coordinates": [
              [
                [
                  34.587,
                  -14.2725
                ],
                [
                  34.5869477497057,
                  -14.272651525853483
                ],
                [
                  34.586657915472536,
                  -14.27255344118924
                ],
                [
                  34.5867112316511,
                  -14.272402671863649
                ],
                [
                  34.587,
                  -14.2725
                ]
              ]
            ]
          },
          {
            "type": "Polygon",
            "coordinates": [
              [
                [
                  -73.78154294861875,
                  -16.8871886865624
                ],
                [
                  -66.06895369998857,
                  -0.5826686550792716
                ],
                [
                  -39.66185543816897,
                  -11.070782840668777
                ],
                [
                  -56.52239370778624,
                  -4.374278406558997
                ],
                [
                  -62.314,
                  -21.445
                ],
                [
                  -61.456828438689,
                  -21.693754589373548
                ],
                [
                  -61.272,
                  -21.632
                ],
                [
                  -63.524446750264616,
                  -22.38458399159245
                ],
                [
                  -63.036,
                  -21.155
                ],
                [
                  -73.78154294861875,
                  -16.8871886865624
                ]
              ]
            ]
          },
          {
            "type": "Polygon",
            "coordinates": [
              [
                [
                  20.869224874392582,
                  -12.072613235944225
                ],
                [
                  20.386937194510292,
                  -13.138582233499939
                ],
                [
                  7.922752384888523,
                  -8.244956721696152
                ],
                [
                  8.077004440766906,
                  -7.5434572819897765
                ],
                [
                  20.869224874392582,
                  -12.072613235944225
                ]
              ]
            ]
          },
          {
            "type": "Polygon",
            "coordinates": [
              [
                [
                  6.2261878384882055,
                  -7.578860087740806
                ],
                [
                  -9.13138843472473,
                  -1.549245780991134
                ],
                [
                  -15.073326913103683,
                  -18.443291943168827
                ],
                [
                  -9.101027160588844,
                  -1.462922981005809
                ],
                [
                  6.367070804427768,
                  -6.938096435897668
                ],
                [
                  6.2261878384882055,
                  -7.578860087740806
                ]
              ]
            ]
          },
          {
            "type": "Polygon",
            "coordinates": [
              [
                [
                  -10.790768356190858,
                  -0.8424416502495871
                ],
                [
                  -16.76506170945196,
                  -17.828478793454664
                ],
                [
                  -10.807860479366521,
                  -0.8910377639572565
                ],
                [
                  -12.322834733121535,
                  -0.2962361968159863
                ],
                [
                  -19.51711521712141,
                  -16.77975185988921
                ],
                [
                  -12.308734624663167,
                  -0.2639300670867585
                ],
                [
                  -10.790768356190858,
                  -0.8424416502495871
                ]
              ]
            ]
          },
          {
            "type": "Polygon",
            "coordinates": [
              [
                [
                  55.51681188996128,
                  0.2539219031444266
                ],
                [
                  59.6919973229193,
                  -1.2403159869722675
                ],
                [
                  53.9284214272125,
                  -18.29563282061624
                ],
                [
                  49.71696677996579,
                  -16.788414708398
                ],
                [
                  55.51681188996128,
                  0.2539219031444266
                ]
              ]
            ]
          },
          {
            "type": "Polygon",
            "coordinates": [
              [
                [
                  36.236847635486335,
                  -12.197052341783463
                ],
                [
                  41.98880988933089,
                  4.8596409739677275
                ],
                [
                  46.42308262917289,
                  3.3296580255534605
                ],
                [
                  40.62404932012791,
                  -13.710794089882413
                ],
                [
                  36.236847635486335,
                  -12.197052341783463
                ]
              ]
            ]
          },
          {
            "type": "Polygon",
            "coordinates": [
              [
                [
                  34.537046222793755,
                  -11.60367124016498
                ],
                [
                  33.24423428739595,
                  -11.146362648360414
                ],
                [
                  38.9810345395109,
                  5.917302439951999
                ],
                [
                  40.289493093251856,
                  5.454459142901379
                ],
                [
                  34.537046222793755,
                  -11.60367124016498
                ]
              ]
            ]
          },
          {
            "type": "Polygon",
            "coordinates": [
              [
                [
                  -66.67113324098545,
                  2.352815927962372
                ],
                [
                  -67.58612728589527,
                  0.4185058988668213
                ],
                [
                  -71.25335376071352,
                  1.4743657162705535
                ],
                [
                  -68.13432078110361,
                  0.23763373358611872
                ],
                [
                  -67.74485651952355,
                  0.0829501100331357
                ],
                [
                  -75.45762641420755,
                  -16.22195180969895
                ],
                [
                  -103.53036443210965,
                  -5.090792512818777
                ],
                [
                  -98.317631167889,
                  10.596599740270076
                ],
                [
                  -66.67113324098545,
                  2.352815927962372
                ]
              ]
            ]
          },
          {
            "type": "Polygon",
            "coordinates": [
              [
                [
                  -13.998933268166157,
                  0.36182517475960185
                ],
                [
                  -15.327386120975671,
                  0.8833956481626222
                ],
                [
                  -42.38481390545324,
                  11.158468843886432
                ],
                [
                  -13.992534528581059,
                  0.3764850162084789
                ],
                [
                  -21.20167979637435,
                  -16.140037527373185
                ],
                [
                  -13.998933268166157,
                  0.36182517475960185
                ]
              ]
            ]
          },
          {
            "type": "Polygon",
            "coordinates": [
              [
                [
                  -63.50261672285995,
                  -0.757209521781251
                ],
                [
                  -65.83399561182041,
                  -0.08596401652002957
                ],
                [
                  -64.89871695258415,
                  1.8912279669950487
                ],
                [
                  -62.232,
                  1.197
                ],
                [
                  -61.779,
                  2.939
                ],
                [
                  -64.11541377114413,
                  3.5472399486862813
                ],
                [
                  -58.03618446147628,
                  16.400100223700587
                ],
                [
                  -50.387755946519015,
                  14.19759051901701
                ],
                [
                  -50.2404675826806,
                  14.141657681225745
                ],
                [
                  -56.02729880029444,
                  -2.9149894111234245
                ],
                [
                  -37.725511646258994,
                  -9.865103225273733
                ],
                [
                  -56.08309051943113,
                  -2.8938024748628517
                ],
                [
                  -63.50261672285995,
                  -0.757209521781251
                ]
              ]
            ]
          },
          {
            "type": "Polygon",
            "coordinates": [
              [
                [
                  -65.88785551542739,
                  4.008785529054698
                ],
                [
                  -97.75173954220547,
                  12.309445219725882
                ],
                [
                  -93.08021618484452,
                  26.489925940294434
                ],
                [
                  -59.78864802482571,
                  16.904690526039452
                ],
                [
                  -65.88785551542739,
                  4.008785529054698
                ]
              ]
            ]
          },
          {
            "type": "Polygon",
            "coordinates": [
              [
                [
                  -0.16004975430756915,
                  19.770283058335675
                ],
                [
                  -2.081,
                  13.818
                ],
                [
                  -3.5210501045017906,
                  14.324439639197877
                ],
                [
                  -1.4102898290023516,
                  20.212844603703484
                ],
                [
                  -0.16004975430756915,
                  19.770283058335675
                ]
              ]
            ]
          },
          {
            "type": "Polygon",
            "coordinates": [
              [
                [
                  -4.859962184240037,
                  21.51102216606038
                ],
                [
                  -3.0980811413699043,
                  20.8391034721738
                ],
                [
                  -5.217,
                  14.927
                ],
                [
                  -4.37,
                  14.623
                ],
                [
                  -5.218,
                  14.925
                ],
                [
                  -5.218944673683934,
                  14.922351864882634
                ],
                [
                  -22.123,
                  20.883
                ],
                [
                  -20.134058575148057,
                  27.31121382780381
                ],
                [
                  -4.859962184240037,
                  21.51102216606038
                ]
              ]
            ]
          },
          {
            "type": "Polygon",
            "coordinates": [
              [
                [
                  -46.451617775092046,
                  18.050919964320954
                ],
                [
                  -40.59898606509753,
                  35.31234717213588
                ],
                [
                  -39.00830815690295,
                  34.85408827131833
                ],
                [
                  -44.763950039954935,
                  17.410044322671702
                ],
                [
                  -46.451617775092046,
                  18.050919964320954
                ]
              ]
            ]
          },
          {
            "type": "Polygon",
            "coordinates": [
              [
                [
                  -46.808674064416685,
                  37.44064331295258
                ],
                [
                  -45.34513401461187,
                  36.88487801095027
                ],
                [
                  -51.194768445529625,
                  19.632812494991114
                ],
                [
                  -52.59749030507723,
                  20.036923090196463
                ],
                [
                  -46.808674064416685,
                  37.44064331295258
                ]
              ]
            ]
          },
          {
            "type": "Polygon",
            "coordinates": [
              [
                [
                  -68.44008264531324,
                  43.33042849335016
                ],
                [
                  -70.601,
                  36.846
                ],
                [
                  -87.89330147111497,
                  42.26237822124193
                ],
                [
                  -85.89021993851131,
                  48.35478366416736
                ],
                [
                  -68.44008264531324,
                  43.33042849335016
                ]
              ]
            ]
          },
          {
            "type": "Polygon",
            "coordinates": [
              [
                [
                  220.43251230390172,
                  -136.06118332150035
                ],
                [
                  217.35886464978,
                  -135.13972866304226
                ],
                [
                  223.994,
                  -115.921
                ],
                [
                  223.999,
                  -115.905
                ],
                [
                  229.97702429707206,
                  -98.38719740960441
                ],
                [
                  232.81062187919568,
                  -99.30965042589642
                ],
                [
                  231.67106714694705,
                  -102.6958041273195
                ],
                [
                  231.33833672190502,
                  -102.57777832967733
                ],
                [
                  228.31869208838063,
                  -112.65728898792247
                ],
                [
                  222.978,
                  -128.527
                ],
                [
                  220.43251230390172,
                  -136.06118332150035
                ]
              ]
            ]
          },
          {
            "type": "Polygon",
            "coordinates": [
              [
                [
                  165.8526964052748,
                  -101.98761369865949
                ],
                [
                  166.163811945053,
                  -101.03038322522202
                ],
                [
                  172.949,
                  -103.057
                ],
                [
                  196.247,
                  -110.028
                ],
                [
                  196.25,
                  -110.029
                ],
                [
                  200.99,
                  -111.441
                ],
                [
                  208.1949225418538,
                  -113.6009773907455
                ],
                [
                  202.29970956927372,
                  -130.625116006394
                ],
                [
                  196.67688975975955,
                  -128.93944019374862
                ],
                [
                  199.722,
                  -120.361
                ],
                [
                  202.307,
                  -113.079
                ],
                [
                  190.269,
                  -108.959
                ],
                [
                  165.8526964052748,
                  -101.98761369865949
                ]
              ]
            ]
          },
          {
            "type": "Polygon",
            "coordinates": [
              [
                [
                  220.83353314415996,
                  -95.45565664018338
                ],
                [
                  214.916,
                  -112.796
                ],
                [
                  208.15507586162545,
                  -132.38050737008226
                ],
                [
                  204.0255101800967,
                  -131.14249704396352
                ],
                [
                  210.727,
                  -111.79
                ],
                [
                  209.87636428702086,
                  -111.49545300708716
                ],
                [
                  209.8765,
                  -111.49499999999999
                ],
                [
                  210.727,
                  -111.789
                ],
                [
                  216.80763826943604,
                  -94.18026615174152
                ],
                [
                  220.314,
                  -95.292
                ],
                [
                  220.315,
                  -95.292
                ],
                [
                  220.83353314415996,
                  -95.45565664018338
                ]
              ]
            ]
          },
          {
            "type": "Polygon",
            "coordinates": [
              [
                [
                  160.54615691063933,
                  -112.49076635448591
                ],
                [
                  158.8762892381557,
                  -117.62877231395966
                ],
                [
                  137.36088762531614,
                  -111.02031713270668
                ],
                [
                  139.227,
                  -105.48
                ],
                [
                  160.54615691063933,
                  -112.49076635448591
                ]
              ]
            ]
          },
          {
            "type": "Polygon",
            "coordinates": [
              [
                [
                  209.83045889247413,
                  -108.87115259180874
                ],
                [
                  208.88442229990903,
                  -108.58760790753608
                ],
                [
                  214.056229619056,
                  -93.31777605712594
                ],
                [
                  210.85130674739827,
                  -92.4354720316456
                ],
                [
                  214.097,
                  -93.329
                ],
                [
                  215.08971906964933,
                  -93.63945609690153
                ],
                [
                  209.83045889247413,
                  -108.87115259180874
                ]
              ]
            ]
          },
          {
            "type": "Polygon",
            "coordinates": [
              [
                [
                  169.34574869389283,
                  -96.62678265659963
                ],
                [
                  174.1240236753207,
                  -98.07950652679213
                ],
                [
                  174.06956895921638,
                  -98.173292457943
                ],
                [
                  169.3025629077937,
                  -96.74966738203996
                ],
                [
                  169.34574869389283,
                  -96.62678265659963
                ]
              ]
            ]
          },
          {
            "type": "Polygon",
            "coordinates": [
              [
                [
                  164.44066640769148,
                  -100.50777313004687
                ],
                [
                  164.1204575739482,
                  -101.49302179565049
                ],
                [
                  124.225,
                  -90.102
                ],
                [
                  118.94720204189458,
                  -105.36455396874567
                ],
                [
                  117.21821876189175,
                  -104.83349678837605
                ],
                [
                  123.02779421654212,
                  -87.78796797769338
                ],
                [
                  164.44066640769148,
                  -100.50777313004687
                ]
              ]
            ]
          },
          {
            "type": "Polygon",
            "coordinates": [
              [
                [
                  225.70285751254767,
                  -96.04895138552693
                ],
                [
                  225.70299999999997,
                  -96.04849999999999
                ],
                [
                  225.70314665061193,
                  -96.04855006120495
                ],
                [
                  225.703,
                  -96.04899999999999
                ],
                [
                  225.70285751254767,
                  -96.04895138552693
                ]
              ]
            ]
          },
          {
            "type": "Polygon",
            "coordinates": [
              [
                [
                  183.7880135122271,
                  -85.01932801267726
                ],
                [
                  175.8926941040026,
                  -98.61722981819676
                ],
                [
                  196.62575487954905,
                  -104.92063688619847
                ],
                [
                  196.625313137079,
                  -104.92269441571375
                ],
                [
                  175.84251922037848,
                  -98.7036447059736
                ],
                [
                  183.7880135122271,
                  -85.01932801267726
                ]
              ]
            ]
          },
          {
            "type": "Polygon",
            "coordinates": [
              [
                [
                  91.98849071773994,
                  -95.37336666053534
                ],
                [
                  90.45441078512029,
                  -94.79439418191234
                ],
                [
                  83.50007324562752,
                  -92.1793570428856
                ],
                [
                  83.48587085467072,
                  -92.17462291256665
                ],
                [
                  78.21647609948337,
                  -90.1852820310744
                ],
                [
                  79.35517724263188,
                  -86.80172093535766
                ],
                [
                  93.296,
                  -91.742
                ],
                [
                  91.98849071773994,
                  -95.37336666053534
                ]
              ]
            ]
          },
          {
            "type": "Polygon",
            "coordinates": [
              [
                [
                  121.3245750089514,
                  -87.20574585664629
                ],
                [
                  115.51480031267195,
                  -104.25236017932173
                ],
                [
                  109.78935973972649,
                  -102.09153892793726
                ],
                [
                  115.561,
                  -86.033
                ],
                [
                  83.75809899988882,
                  -73.71878442038458
                ],
                [
                  83.96157096225406,
                  -73.11418345017339
                ],
                [
                  89.513,
                  -75.21
                ],
                [
                  89.516,
                  -75.211
                ],
                [
                  96.8,
                  -77.95
                ],
                [
                  121.3245750089514,
                  -87.20574585664629
                ]
              ]
            ]
          },
          {
            "type": "Polygon",
            "coordinates": [
              [
                [
                  218.553,
                  -80.041
                ],
                [
                  217.17982958965263,
                  -79.5174800567299
                ],
                [
                  211.65750842500148,
                  -90.79025665589384
                ],
                [
                  217.6225952152532,
                  -78.61365758165662
                ],
                [
                  219.98443940496162,
                  -79.45144854820748
                ],
                [
                  215.6771657178746,
                  -91.93736235565973
                ],
                [
                  214.619,
                  -91.607
                ],
                [
                  214.63406679348174,
                  -91.61170389590475
                ],
                [
                  218.553,
                  -80.041
                ]
              ]
            ]
          },
          {
            "type": "Polygon",
            "coordinates": [
              [
                [
                  209.89077484812282,
                  -90.30586190543175
                ],
                [
                  215.49055425776274,
                  -78.87344540578307
                ],
                [
                  210.62193520075755,
                  -77.01728891324525
                ],
                [
                  207.0362660290683,
                  -89.52922515416799
                ],
                [
                  210.8561518771265,
                  -76.20000656482694
                ],
                [
                  215.91532112771776,
                  -78.00624842937751
                ],
                [
                  209.89077484812282,
                  -90.30586190543175
                ]
              ]
            ]
          },
          {
            "type": "Polygon",
            "coordinates": [
              [
                [
                  202.06323864567847,
                  -88.16783953108036
                ],
                [
                  205.06988395186005,
                  -74.14728460008756
                ],
                [
                  209.15727910939987,
                  -75.59539031304452
                ],
                [
                  208.9341915988531,
                  -76.3738382329324
                ],
                [
                  204.92055315603656,
                  -74.84364230527733
                ],
                [
                  202.06323864567847,
                  -88.16783953108036
                ]
              ]
            ]
          },
          {
            "type": "Polygon",
            "coordinates": [
              [
                [
                  126.19456870636577,
                  -83.52974896125188
                ],
                [
                  132.16551611911595,
                  -66.53379869169913
                ],
                [
                  126.20157828145338,
                  -83.50979661845528
                ],
                [
                  164.5576970986317,
                  -95.1710864333424
                ],
                [
                  169.852,
                  -80.107
                ],
                [
                  164.51250626806208,
                  -95.29966966523861
                ],
                [
                  126.19456870636577,
                  -83.52974896125188
                ]
              ]
            ]
          },
          {
            "type": "Polygon",
            "coordinates": [
              [
                [
                  233.38520838252362,
                  -97.60328093166764
                ],
                [
                  229.55997829471906,
                  -96.35789127579336
                ],
                [
                  234.487,
                  -81.926
                ],
                [
                  241.2669545451021,
                  -62.59579973064573
                ],
                [
                  244.76202316162085,
                  -63.83529753974004
                ],
                [
                  243.504,
                  -67.572
                ],
                [
                  233.38520838252362,
                  -97.60328093166764
                ]
              ]
            ]
          },
          {
            "type": "Polygon",
            "coordinates": [
              [
                [
                  203.21883484536207,
                  -74.19486378022839
                ],
                [
                  192.46081329855897,
                  -70.093378059708
                ],
                [
                  184.7232549692053,
                  -83.40936112743589
                ],
                [
                  192.66860960629816,
                  -69.73577014289341
                ],
                [
                  203.35911520722243,
                  -73.54070995797368
                ],
                [
                  203.21883484536207,
                  -74.19486378022839
                ]
              ]
            ]
          },
          {
            "type": "Polygon",
            "coordinates": [
              [
                [
                  229.19898493169288,
                  -58.31599193936506
                ],
                [
                  234.1987426494414,
                  -60.089115564996305
                ],
                [
                  227.405,
                  -79.459
                ],
                [
                  227.395,
                  -79.488
                ],
                [
                  222.41681782821382,
                  -94.06730130790802
                ],
                [
                  220.857,
                  -93.575
                ],
                [
                  217.394934242079,
                  -92.47865259853953
                ],
                [
                  222.499,
                  -77.683
                ],
                [
                  222.49841570345444,
                  -77.68279848291878
                ],
                [
                  229.19898493169288,
                  -58.31599193936506
                ]
              ]
            ]
          },
          {
            "type": "Polygon",
            "coordinates": [
              [
                [
                  190.7562913406746,
                  -69.4435306467649
                ],
                [
                  180.05924728576258,
                  -65.3652925383799
                ],
                [
                  180.0951310817312,
                  -65.25810695247964
                ],
                [
                  190.94341283449938,
                  -69.12147002325446
                ],
                [
                  182.9279518921252,
                  -82.91712917528108
                ],
                [
                  190.7562913406746,
                  -69.4435306467649
                ]
              ]
            ]
          },
          {
            "type": "Polygon",
            "coordinates": [
              [
                [
                  193.922,
                  -64.875
                ],
                [
                  180.2033340229814,
                  -59.988964457600055
                ],
                [
                  180.85059900583119,
                  -58.13077986783735
                ],
                [
                  219.952,
                  -71.454
                ],
                [
                  224.9938854844342,
                  -56.82468744043009
                ],
                [
                  227.50237508407702,
                  -57.71430298279678
                ],
                [
                  221.61681818589332,
                  -74.72546098528896
                ],
                [
                  218.714,
                  -73.696
                ],
                [
                  211.538,
                  -71.134
                ],
                [
                  211.532,
                  -71.132
                ],
                [
                  205.58,
                  -69.024
                ],
                [
                  193.922,
                  -64.875
                ]
              ]
            ]
          },
          {
            "type": "Polygon",
            "coordinates": [
              [
                [
                  99.70599880106835,
                  -73.69642426894244
                ],
                [
                  121.49867595703856,
                  -81.81154892346471
                ],
                [
                  133.391447178955,
                  -47.95786767880039
                ],
                [
                  121.46287946697797,
                  -81.9134463653289
                ],
                [
                  99.70312894601098,
                  -73.70187787696526
                ],
                [
                  115.89310082257623,
                  -42.93594762948575
                ],
                [
                  99.70599880106835,
                  -73.69642426894244
                ]
              ]
            ]
          },
          {
            "type": "Polygon",
            "coordinates": [
              [
                [
                  175.3829682144542,
                  -63.58246548670522
                ],
                [
                  165.9136302591223,
                  -59.97228918824661
                ],
                [
                  138.14075040410037,
                  -49.52564609272218
                ],
                [
                  175.39733526944894,
                  -63.539541917646396
                ],
                [
                  175.3829682144542,
                  -63.58246548670522
                ]
              ]
            ]
          },
          {
            "type": "Polygon",
            "coordinates": [
              [
                [
                  136.62867610630587,
                  -46.28538624589844
                ],
                [
                  136.62867651465842,
                  -46.28538482273507
                ],
                [
                  136.62899999999888,
                  -46.28549999999961
                ],
                [
                  136.62867610630587,
                  -46.28538624589844
                ]
              ]
            ]
          },
          {
            "type": "Polygon",
            "coordinates": [
              [
                [
                  184.79471784893343,
                  -46.807904308931306
                ],
                [
                  186.12451836119462,
                  -42.99027955737592
                ],
                [
                  188.79837323473964,
                  -43.94259882582709
                ],
                [
                  187.494,
                  -47.727
                ],
                [
                  184.79471784893343,
                  -46.807904308931306
                ]
              ]
            ]
          },
          {
            "type": "Polygon",
            "coordinates": [
              [
                [
                  139.80771188595241,
                  -44.81064453480635
                ],
                [
                  145.9262833100808,
                  -27.62692910642044
                ],
                [
                  149.46455123248768,
                  -28.642414105346944
                ],
                [
                  143.664,
                  -45.46
                ],
                [
                  179.1466288749355,
                  -57.55017741945094
                ],
                [
                  178.51295222682427,
                  -59.36935227613565
                ],
                [
                  139.80771188595241,
                  -44.81064453480635
                ]
              ]
            ]
          },
          {
            "type": "Polygon",
            "coordinates": [
              [
                [
                  183.09062102358834,
                  -46.2276655781563
                ],
                [
                  166.46,
                  -40.565
                ],
                [
                  167.97652593002664,
                  -36.17490609023573
                ],
                [
                  184.43578277008635,
                  -42.36594140905961
                ],
                [
                  183.09062102358834,
                  -46.2276655781563
                ]
              ]
            ]
          },
          {
            "type": "Polygon",
            "coordinates": [
              [
                [
                  90.75899202161224,
                  -35.203737868330826
                ],
                [
                  90.7589920216122,
                  -35.20373786833081
                ],
                [
                  94.94741129891841,
                  -36.52695801031036
                ],
                [
                  90.75899202161224,
                  -35.203737868330826
                ]
              ]
            ]
          },
          {
            "type": "Polygon",
            "coordinates": [
              [
                [
                  116.886,
                  -38.019
                ],
                [
                  110.66,
                  -36.238
                ],
                [
                  98.23052798049376,
                  -32.319436068030136
                ],
                [
                  98.40266342971702,
                  -31.798006824559984
                ],
                [
                  132.915,
                  -41.971
                ],
                [
                  138.42690072146402,
                  -25.06001948861465
                ],
                [
                  141.1660970105837,
                  -26.09034917700354
                ],
                [
                  135.06146804413356,
                  -43.2353735616092
                ],
                [
                  116.886,
                  -38.019
                ]
              ]
            ]
          },
          {
            "type": "Polygon",
            "coordinates": [
              [
                [
                  103.87371905369584,
                  -15.225195077373881
                ],
                [
                  115.84225257903903,
                  -18.998441738002757
                ],
                [
                  117.76346730995945,
                  -19.54802147391173
                ],
                [
                  116.948,
                  -22.048
                ],
                [
                  103.09481949216251,
                  -17.584621976029645
                ],
                [
                  103.87371905369584,
                  -15.225195077373881
                ]
              ]
            ]
          },
          {
            "type": "Polygon",
            "coordinates": [
              [
                [
                  55.63453614733584,
                  -18.869334190524743
                ],
                [
                  61.398382645651594,
                  -1.8132166017045845
                ],
                [
                  64.34322069341495,
                  -2.742334214383829
                ],
                [
                  58.299,
                  -19.588
                ],
                [
                  71.208,
                  -23.782
                ],
                [
                  96.67543689865128,
                  -31.2888826834811
                ],
                [
                  96.51406202920103,
                  -31.777773718312456
                ],
                [
                  72.605,
                  -24.225
                ],
                [
                  61.253,
                  -20.642
                ],
                [
                  55.63453614733584,
                  -18.869334190524743
                ]
              ]
            ]
          },
          {
            "type": "Polygon",
            "coordinates": [
              [
                [
                  102.15660910271068,
                  -14.683472187657522
                ],
                [
                  101.38122805826163,
                  -17.03251725583128
                ],
                [
                  98.459,
                  -16.091
                ],
                [
                  99.21937618629183,
                  -13.755612535559914
                ],
                [
                  102.15660910271068,
                  -14.683472187657522
                ]
              ]
            ]
          }
        ]
      }
    },
    {
      "type": "Feature",
      "properties": {
        "surface_class": "PEDESTRIAN_PAVING",
        "grounding": "VERIFIED_GEOGRAPHIC"
      },
      "geometry": {
        "type": "GeometryCollection",
        "geometries": [
          {
            "type": "LineString",
            "coordinates": [
              [
                -193.0674694063566,
                16.259458042669483
              ],
              [
                -193.08721545321546,
                16.198423640520286
              ]
            ]
          },
          {
            "type": "LineString",
            "coordinates": [
              [
                -196.01460812757546,
                7.149946088908465
              ],
              [
                -196.3550075407665,
                6.097782340662992
              ]
            ]
          },
          {
            "type": "LineString",
            "coordinates": [
              [
                -213.92083960797783,
                56.6530601077615
              ],
              [
                -212.01021120429402,
                56.4295932419315
              ]
            ]
          },
          {
            "type": "LineString",
            "coordinates": [
              [
                -320.42320016589207,
                119.07356628773238
              ],
              [
                -322.1438683107,
                119.606959015388
              ]
            ]
          },
          {
            "type": "LineString",
            "coordinates": [
              [
                -193.45948974116612,
                18.16789648309343
              ],
              [
                -193.0674694063566,
                16.259458042669483
              ]
            ]
          },
          {
            "type": "LineString",
            "coordinates": [
              [
                -196.78220966577214,
                34.34360439365743
              ],
              [
                -197.2204547562202,
                36.47707478453513
              ]
            ]
          },
          {
            "type": "LineString",
            "coordinates": [
              [
                -200.88978125795222,
                54.34013729575382
              ],
              [
                -201.24966009132126,
                54.35382610645633
              ]
            ]
          },
          {
            "type": "Polygon",
            "coordinates": [
              [
                [
                  -109.40635071155226,
                  -20.928944159080515
                ],
                [
                  -111.5661263480912,
                  -26.646627973692553
                ],
                [
                  -112.71338307662958,
                  -26.191751154323995
                ],
                [
                  -113.23901279901058,
                  -25.98314817261847
                ],
                [
                  -111.09916834331653,
                  -20.31765523278093
                ],
                [
                  -109.40635071155226,
                  -20.928944159080515
                ]
              ]
            ]
          },
          {
            "type": "Polygon",
            "coordinates": [
              [
                [
                  -40.59898606509753,
                  35.31234717213588
                ],
                [
                  -46.451617775092046,
                  18.050919964320954
                ],
                [
                  -44.763950039954935,
                  17.410044322671702
                ],
                [
                  -44.923,
                  16.928
                ],
                [
                  -8.522,
                  2.983
                ],
                [
                  20.035,
                  -7.962
                ],
                [
                  32.968,
                  -11.968
                ],
                [
                  33.24423428739595,
                  -11.146362648360414
                ],
                [
                  34.537046222793755,
                  -11.60367124016498
                ],
                [
                  40.289493093251856,
                  5.454459142901379
                ],
                [
                  41.26616028083341,
                  5.108980977063427
                ],
                [
                  41.98880988933089,
                  4.8596409739677275
                ],
                [
                  36.236847635486335,
                  -12.197052341783463
                ],
                [
                  40.62404932012791,
                  -13.710794089882413
                ],
                [
                  39.812,
                  -16.097
                ],
                [
                  44.16427786848675,
                  -17.577770595220183
                ],
                [
                  39.808,
                  -16.107
                ],
                [
                  39.01836670025271,
                  -18.445832713670963
                ],
                [
                  34.63535043877446,
                  -16.93382894653188
                ],
                [
                  24.963206599065604,
                  -45.491478928798415
                ],
                [
                  29.388523055412175,
                  -46.96868420853261
                ],
                [
                  28.594,
                  -49.322
                ],
                [
                  28.594594405268484,
                  -49.32220061831291
                ],
                [
                  27.789377229657806,
                  -51.7057584207155
                ],
                [
                  23.380021146048314,
                  -50.23432917146218
                ],
                [
                  18.872,
                  -64.087
                ],
                [
                  17.811443538997803,
                  -67.3518834305135
                ],
                [
                  16.10370767987676,
                  -66.78194351901917
                ],
                [
                  17.16,
                  -63.53
                ],
                [
                  21.743,
                  -49.448
                ],
                [
                  21.744,
                  -49.445
                ],
                [
                  22.453,
                  -47.293
                ],
                [
                  23.307499999999933,
                  -47.57449999999998
                ],
                [
                  22.455,
                  -47.286
                ],
                [
                  32.935734634856246,
                  -16.340931748383483
                ],
                [
                  22.572133015578896,
                  -12.675306936291218
                ],
                [
                  19.784,
                  -18.837
                ],
                [
                  19.756306213119014,
                  -18.898306885216396
                ],
                [
                  21.024,
                  -19.59
                ],
                [
                  24.311,
                  -22.219
                ],
                [
                  26.357,
                  -24.992
                ],
                [
                  24.229,
                  -31.78
                ],
                [
                  22.981,
                  -32.831
                ],
                [
                  21.0,
                  -33.788
                ],
                [
                  17.295,
                  -34.664
                ],
                [
                  12.607355593386698,
                  -34.72423552925238
                ],
                [
                  12.434,
                  -35.108
                ],
                [
                  8.545,
                  -43.717
                ],
                [
                  6.904,
                  -42.976
                ],
                [
                  10.695570373912204,
                  -34.58483564292798
                ],
                [
                  8.77310301574258,
                  -34.2663234769018
                ],
                [
                  10.931990863778058,
                  -27.797842704171384
                ],
                [
                  10.888194402407663,
                  -27.782734292377114
                ],
                [
                  10.934002704074295,
                  -27.649890217543884
                ],
                [
                  0.9221058420062668,
                  -24.105123735180737
                ],
                [
                  -9.620595479484148,
                  -20.37337090113307
                ],
                [
                  -9.513,
                  -19.595
                ],
                [
                  -8.116,
                  -17.615
                ],
                [
                  -5.872,
                  -16.129
                ],
                [
                  -2.933,
                  -15.258
                ],
                [
                  1.339,
                  -14.818
                ],
                [
                  4.624643534572458,
                  -14.863330001190581
                ],
                [
                  4.664,
                  -14.684
                ],
                [
                  6.367070804427768,
                  -6.938096435897668
                ],
                [
                  -9.101027160588844,
                  -1.462922981005809
                ],
                [
                  -15.073326913103683,
                  -18.443291943168827
                ],
                [
                  -16.117750125206317,
                  -18.07360213001208
                ],
                [
                  -16.375269321079035,
                  -17.977032431559802
                ],
                [
                  -16.76506170945196,
                  -17.828478793454664
                ],
                [
                  -10.790768356190858,
                  -0.8424416502495871
                ],
                [
                  -12.308734624663167,
                  -0.2639300670867585
                ],
                [
                  -19.51711521712141,
                  -16.77975185988921
                ],
                [
                  -21.20167979637435,
                  -16.140037527373185
                ],
                [
                  -13.992534528581059,
                  0.3764850162084789
                ],
                [
                  -42.38481390545324,
                  11.158468843886432
                ],
                [
                  -41.69,
                  10.519
                ],
                [
                  -41.633,
                  10.462
                ],
                [
                  -41.581,
                  10.399
                ],
                [
                  -37.009,
                  4.351
                ],
                [
                  -36.949,
                  4.262
                ],
                [
                  -36.901,
                  4.166
                ],
                [
                  -34.892,
                  -0.477
                ],
                [
                  -34.864,
                  -0.553
                ],
                [
                  -34.842,
                  -0.631
                ],
                [
                  -34.827,
                  -0.711
                ],
                [
                  -34.819,
                  -0.792
                ],
                [
                  -34.628,
                  -4.877
                ],
                [
                  -34.629,
                  -4.983
                ],
                [
                  -34.643,
                  -5.088
                ],
                [
                  -35.41,
                  -9.11
                ],
                [
                  -35.428,
                  -9.184
                ],
                [
                  -35.451,
                  -9.256
                ],
                [
                  -35.48,
                  -9.325
                ],
                [
                  -36.03752579594817,
                  -10.506116787369976
                ],
                [
                  -37.725511646258994,
                  -9.865103225273733
                ],
                [
                  -37.157,
                  -8.66
                ],
                [
                  -36.431,
                  -4.855
                ],
                [
                  -36.61,
                  -1.041
                ],
                [
                  -38.51,
                  3.352
                ],
                [
                  -42.968,
                  9.249
                ],
                [
                  -46.90952867971339,
                  12.876731786898612
                ],
                [
                  -50.387755946519015,
                  14.19759051901701
                ],
                [
                  -58.03618446147628,
                  16.400100223700587
                ],
                [
                  -64.11541377114413,
                  3.5472399486862813
                ],
                [
                  -61.779,
                  2.939
                ],
                [
                  -62.232,
                  1.197
                ],
                [
                  -64.89871695258415,
                  1.8912279669950487
                ],
                [
                  -65.83399561182041,
                  -0.08596401652002957
                ],
                [
                  -67.58612728589527,
                  0.4185058988668213
                ],
                [
                  -66.67113324098545,
                  2.352815927962372
                ],
                [
                  -98.317631167889,
                  10.596599740270076
                ],
                [
                  -103.53036443210965,
                  -5.090792512818777
                ],
                [
                  -75.45762641420755,
                  -16.22195180969895
                ],
                [
                  -67.74485651952355,
                  0.0829501100331357
                ],
                [
                  -66.06895369998857,
                  -0.5826686550792716
                ],
                [
                  -73.78154294861875,
                  -16.8871886865624
                ],
                [
                  -63.036,
                  -21.155
                ],
                [
                  -63.524446750264616,
                  -22.38458399159245
                ],
                [
                  -61.272,
                  -21.632
                ],
                [
                  -61.166,
                  -21.604
                ],
                [
                  -53.716,
                  -20.085
                ],
                [
                  -45.319,
                  -17.27
                ],
                [
                  -40.98550404696282,
                  -14.402849517302034
                ],
                [
                  -42.14846939774597,
                  -17.330422640318996
                ],
                [
                  -44.424,
                  -18.836
                ],
                [
                  -44.491,
                  -18.877
                ],
                [
                  -44.561,
                  -18.911
                ],
                [
                  -44.634,
                  -18.939
                ],
                [
                  -53.196,
                  -21.81
                ],
                [
                  -53.302,
                  -21.838
                ],
                [
                  -60.753,
                  -23.357
                ],
                [
                  -62.593584149396136,
                  -23.971368211455403
                ],
                [
                  -61.608,
                  -24.327
                ],
                [
                  -62.30514897784839,
                  -26.258496176770922
                ],
                [
                  -62.904,
                  -26.088
                ],
                [
                  -68.75687131584651,
                  -43.630938363165
                ],
                [
                  -73.24737643665182,
                  -41.84713869877554
                ],
                [
                  -67.1331505794842,
                  -24.907757249987526
                ],
                [
                  -68.21693789425402,
                  -24.477235650223875
                ],
                [
                  -68.016,
                  -23.897
                ],
                [
                  -133.804,
                  2.185
                ],
                [
                  -145.552,
                  6.114
                ],
                [
                  -145.55541848709814,
                  6.103760261050996
                ],
                [
                  -147.6725634323395,
                  6.896922129542429
                ],
                [
                  -153.3908499684177,
                  -10.182511609855448
                ],
                [
                  -155.07762825887306,
                  -9.550581224741535
                ],
                [
                  -148.582,
                  9.85
                ],
                [
                  -148.46691029853775,
                  10.258755163895339
                ],
                [
                  -152.4729754681038,
                  11.765765922008107
                ],
                [
                  -152.1470924054711,
                  12.734151789578169
                ],
                [
                  -150.636,
                  12.209
                ],
                [
                  -150.3935004672047,
                  12.90664554328775
                ],
                [
                  -147.93027970364966,
                  11.980290271181227
                ],
                [
                  -143.994,
                  23.58
                ],
                [
                  -143.991,
                  23.587
                ],
                [
                  -139.373017003363,
                  36.82195676913541
                ],
                [
                  -141.8028546067161,
                  37.651587616789904
                ],
                [
                  -141.518,
                  38.473
                ],
                [
                  -141.462,
                  38.64
                ],
                [
                  -141.23451479030646,
                  39.359384321777235
                ],
                [
                  -138.82366678737432,
                  38.53589089321384
                ],
                [
                  -137.656,
                  42.513
                ],
                [
                  -137.646,
                  42.545
                ],
                [
                  -131.1229913870157,
                  62.0416679619545
                ],
                [
                  -129.4405968955562,
                  61.39623058136294
                ],
                [
                  -135.1568255055738,
                  44.31003789165485
                ],
                [
                  -133.77227954416358,
                  43.7788677510144
                ],
                [
                  -133.12467742766816,
                  43.58518594346227
                ],
                [
                  -133.414,
                  42.729
                ],
                [
                  -52.814,
                  19.386
                ],
                [
                  -52.59749030507723,
                  20.036923090196463
                ],
                [
                  -51.194768445529625,
                  19.632812494991114
                ],
                [
                  -45.34513401461187,
                  36.88487801095027
                ],
                [
                  -43.106057515247144,
                  36.03461017780031
                ],
                [
                  -40.59898606509753,
                  35.31234717213588
                ]
              ],
              [
                [
                  -65.88785551542739,
                  4.008785529054698
                ],
                [
                  -59.78864802482571,
                  16.904690526039452
                ],
                [
                  -93.08021618484452,
                  26.489925940294434
                ],
                [
                  -97.75173954220547,
                  12.309445219725882
                ],
                [
                  -65.88785551542739,
                  4.008785529054698
                ]
              ],
              [
                [
                  -63.95893150213484,
                  -23.478705133080414
                ],
                [
                  -63.959,
                  -23.4785
                ],
                [
                  -63.95906268457477,
                  -23.478657798060095
                ],
                [
                  -63.95893150213484,
                  -23.478705133080414
                ]
              ],
              [
                [
                  -137.375,
                  37.084
                ],
                [
                  -141.97391914652783,
                  23.906543714810603
                ],
                [
                  -138.39084992367847,
                  22.936061012363364
                ],
                [
                  -135.83460858727224,
                  39.215282154739896
                ],
                [
                  -136.6553641155637,
                  39.53001632073785
                ],
                [
                  -137.361,
                  37.127
                ],
                [
                  -137.375,
                  37.084
                ]
              ],
              [
                [
                  -134.57899999999998,
                  41.410999999999994
                ],
                [
                  -134.57918084889,
                  41.41052837842537
                ],
                [
                  -134.57914278004355,
                  41.410522404742494
                ],
                [
                  -134.57899999999998,
                  41.410999999999994
                ]
              ],
              [
                [
                  -136.6415149157336,
                  22.47163355329518
                ],
                [
                  -127.74004579366054,
                  20.166993806380834
                ],
                [
                  -122.15155948944656,
                  35.08502604913723
                ],
                [
                  -134.10014267543048,
                  38.65863900200949
                ],
                [
                  -136.6415149157336,
                  22.47163355329518
                ]
              ],
              [
                [
                  -125.98873625739367,
                  19.712001988236
                ],
                [
                  -115.94273622161818,
                  17.089328076999106
                ],
                [
                  -108.56596802123555,
                  31.06372669010013
                ],
                [
                  -120.42283705305947,
                  34.569739713669705
                ],
                [
                  -125.98873625739367,
                  19.712001988236
                ]
              ],
              [
                [
                  -114.15517578102316,
                  16.619893185971392
                ],
                [
                  -99.49650298069686,
                  12.765932445504237
                ],
                [
                  -94.8091929249583,
                  26.995179095642857
                ],
                [
                  -106.80538140682633,
                  30.543106727206442
                ],
                [
                  -114.15517578102316,
                  16.619893185971392
                ]
              ],
              [
                [
                  -140.58128048509894,
                  9.579441152096408
                ],
                [
                  -138.67737384789444,
                  21.149630841225754
                ],
                [
                  -142.56138347540684,
                  22.20118130555682
                ],
                [
                  -146.13783140036165,
                  11.661407889232406
                ],
                [
                  -140.58128048509894,
                  9.579441152096408
                ]
              ],
              [
                [
                  -116.79964054831676,
                  15.452039476504932
                ],
                [
                  -126.62430303584158,
                  18.01736801491419
                ],
                [
                  -131.18919019473032,
                  5.879153653383483
                ],
                [
                  -123.39159013451561,
                  2.7903066423652216
                ],
                [
                  -116.79964054831676,
                  15.452039476504932
                ]
              ],
              [
                [
                  -100.06331414022297,
                  11.053107465340718
                ],
                [
                  -115.01383427822033,
                  14.984463693023844
                ],
                [
                  -121.70898366094477,
                  2.12300769082334
                ],
                [
                  -105.20627267647306,
                  -4.425955388764085
                ],
                [
                  -100.06331414022297,
                  11.053107465340718
                ]
              ],
              [
                [
                  -138.86442872265263,
                  8.927516570958415
                ],
                [
                  -132.86211324325146,
                  6.54286446737006
                ],
                [
                  -128.37610241248615,
                  18.472643794048917
                ],
                [
                  -136.92897769824438,
                  20.68700157686289
                ],
                [
                  -138.86442872265263,
                  8.927516570958415
                ]
              ],
              [
                [
                  34.586657915472536,
                  -14.27255344118924
                ],
                [
                  34.5869477497057,
                  -14.272651525853483
                ],
                [
                  34.587,
                  -14.2725
                ],
                [
                  34.5867112316511,
                  -14.272402671863649
                ],
                [
                  34.586657915472536,
                  -14.27255344118924
                ]
              ],
              [
                [
                  6.911,
                  -14.888
                ],
                [
                  12.745,
                  -15.967
                ],
                [
                  17.344,
                  -17.578
                ],
                [
                  18.17281452065915,
                  -18.032313144657607
                ],
                [
                  20.869224874392582,
                  -12.072613235944225
                ],
                [
                  8.077004440766906,
                  -7.5434572819897765
                ],
                [
                  6.4628841587146315,
                  -14.88406915928697
                ],
                [
                  6.911,
                  -14.888
                ]
              ]
            ]
          },
          {
            "type": "Polygon",
            "coordinates": [
              [
                [
                  -5.218,
                  14.925
                ],
                [
                  -4.37,
                  14.623
                ],
                [
                  -5.218944673683934,
                  14.922351864882634
                ],
                [
                  -5.218,
                  14.925
                ]
              ]
            ]
          },
          {
            "type": "Polygon",
            "coordinates": [
              [
                [
                  -241.212,
                  36.138
                ],
                [
                  -237.03398353341996,
                  35.09062158420838
                ],
                [
                  -237.4724960566348,
                  33.344852105498326
                ],
                [
                  -241.65,
                  34.392
                ],
                [
                  -241.212,
                  36.138
                ]
              ]
            ]
          },
          {
            "type": "Polygon",
            "coordinates": [
              [
                [
                  -89.61116661933725,
                  42.80045624349965
                ],
                [
                  -87.62066892268459,
                  48.85458774230809
                ],
                [
                  -87.42046676385768,
                  48.79538212023524
                ],
                [
                  -85.89021993851131,
                  48.35478366416736
                ],
                [
                  -87.89330147111497,
                  42.26237822124193
                ],
                [
                  -89.61116661933725,
                  42.80045624349965
                ]
              ]
            ]
          },
          {
            "type": "Polygon",
            "coordinates": [
              [
                [
                  -235.232,
                  93.355
                ],
                [
                  -232.83039636302618,
                  100.21805248922648
                ],
                [
                  -228.25776608656835,
                  99.63249341454838
                ],
                [
                  -229.9820398884892,
                  94.3285022762851
                ],
                [
                  -229.84,
                  94.284
                ],
                [
                  -230.58041723666224,
                  91.9211032534344
                ],
                [
                  -230.588,
                  91.899
                ],
                [
                  -231.793,
                  88.401
                ],
                [
                  -231.71982388633873,
                  88.39007149995695
                ],
                [
                  -233.7006518559369,
                  82.18250704034752
                ],
                [
                  -228.41,
                  81.505
                ],
                [
                  -192.9,
                  77.351
                ],
                [
                  -190.11035811884676,
                  77.02588866165104
                ],
                [
                  -189.932,
                  82.047
                ],
                [
                  -189.03440973824812,
                  82.01506793954857
                ],
                [
                  -189.0353729385359,
                  82.0153543869385
                ],
                [
                  -189.033,
                  82.015
                ],
                [
                  -188.13951566130865,
                  81.79957206812264
                ],
                [
                  -188.31430089166787,
                  76.8790441571574
                ],
                [
                  -183.949,
                  76.713
                ],
                [
                  -184.044,
                  74.2145
                ],
                [
                  -183.691,
                  75.042
                ],
                [
                  -182.49665283851658,
                  74.5326254780755
                ],
                [
                  -181.595,
                  74.718
                ],
                [
                  -181.4666924306743,
                  74.09335990499522
                ],
                [
                  -176.012,
                  71.767
                ],
                [
                  -176.36520012917836,
                  70.9390308586541
                ],
                [
                  -175.534,
                  71.496
                ],
                [
                  -163.848,
                  54.066
                ],
                [
                  -163.92715393760852,
                  54.01296066673192
                ],
                [
                  -156.8770659714172,
                  45.450654814917755
                ],
                [
                  -151.40580509307958,
                  61.8415333760422
                ],
                [
                  -149.70196230493028,
                  61.26175222005246
                ],
                [
                  -155.40169095163367,
                  44.18767890432192
                ],
                [
                  -153.35318946754012,
                  43.49061778650335
                ],
                [
                  -153.64,
                  42.584
                ],
                [
                  -153.91835753513857,
                  41.78146043150359
                ],
                [
                  -155.98305184985855,
                  42.484109911908625
                ],
                [
                  -164.43979951570225,
                  18.21435770280649
                ],
                [
                  -162.3726496749591,
                  17.430490764883306
                ],
                [
                  -162.727,
                  16.411
                ],
                [
                  -156.68149999999991,
                  14.309999999999972
                ],
                [
                  -161.231,
                  15.841
                ],
                [
                  -161.46038061151788,
                  15.159316342542867
                ],
                [
                  -165.0218874514471,
                  16.510094678640126
                ],
                [
                  -169.702,
                  2.545
                ],
                [
                  -170.55549999999886,
                  2.8309999999996194
                ],
                [
                  -169.703,
                  2.542
                ],
                [
                  -171.69329605103871,
                  -3.3257291465270797
                ],
                [
                  -171.77278843948875,
                  -3.2959483176350415
                ],
                [
                  -171.2922853245461,
                  -2.0140590958905933
                ],
                [
                  -172.96565620764088,
                  -1.472453154161511
                ],
                [
                  -171.75929755853977,
                  2.084265944660066
                ],
                [
                  -188.2805216093253,
                  4.297653957734645
                ],
                [
                  -186.075,
                  4.85
                ],
                [
                  -184.10634329253418,
                  5.5545120684726115
                ],
                [
                  -171.17281358996482,
                  3.821716100492675
                ],
                [
                  -167.22864891951218,
                  15.5900322616484
                ],
                [
                  -170.11187714200804,
                  16.523222597658503
                ],
                [
                  -169.839,
                  16.891
                ],
                [
                  -168.325,
                  19.416
                ],
                [
                  -167.59368822209439,
                  20.96349757773035
                ],
                [
                  -165.6117728356325,
                  20.322114990120244
                ],
                [
                  -157.55439128492725,
                  43.442289048096534
                ],
                [
                  -165.373,
                  52.937
                ],
                [
                  -164.67849999999999,
                  53.50950000000002
                ],
                [
                  -165.509,
                  52.953
                ],
                [
                  -177.13156080876965,
                  70.28837864939713
                ],
                [
                  -181.02630929270384,
                  71.94944145508596
                ],
                [
                  -178.28486301071348,
                  58.6032509299882
                ],
                [
                  -180.641,
                  60.016
                ],
                [
                  -183.303,
                  61.275
                ],
                [
                  -183.9888891401977,
                  61.52045527672299
                ],
                [
                  -186.09850911391038,
                  71.79053439003081
                ],
                [
                  -188.31897351089987,
                  71.87499480832635
                ],
                [
                  -188.02065458828048,
                  62.75426550984958
                ],
                [
                  -188.93,
                  62.982
                ],
                [
                  -189.83360810059156,
                  63.116005732734486
                ],
                [
                  -190.12380695239224,
                  71.99309885709518
                ],
                [
                  -193.48,
                  72.385
                ],
                [
                  -195.02727851053604,
                  72.56596952037374
                ],
                [
                  -195.814,
                  72.043
                ],
                [
                  -196.25705310413542,
                  72.70980381837249
                ],
                [
                  -196.26001995242834,
                  72.71015082061479
                ],
                [
                  -195.776,
                  71.948
                ],
                [
                  -201.173,
                  68.52
                ],
                [
                  -201.22599054733845,
                  68.60344033946576
                ],
                [
                  -202.93767617255958,
                  67.42642441062607
                ],
                [
                  -209.17509357272027,
                  59.86604290332733
                ],
                [
                  -211.45,
                  58.502
                ],
                [
                  -213.815,
                  56.749
                ],
                [
                  -213.92083960797783,
                  56.6530601077615
                ],
                [
                  -214.13887683916917,
                  56.678561715816016
                ],
                [
                  -205.081,
                  67.657
                ],
                [
                  -226.6542935155526,
                  74.86424693538078
                ],
                [
                  -221.97200135892984,
                  57.59472300741622
                ],
                [
                  -223.89843409377102,
                  57.82003834589713
                ],
                [
                  -228.4776335457204,
                  74.71152241699524
                ],
                [
                  -237.991,
                  67.334
                ],
                [
                  -245.473,
                  44.753
                ],
                [
                  -234.1557056494839,
                  46.54938140293225
                ],
                [
                  -234.63252206185854,
                  44.65111967583489
                ],
                [
                  -241.3990345902275,
                  43.57739393069022
                ],
                [
                  -235.18283285096922,
                  42.46026826664147
                ],
                [
                  -235.62229768573567,
                  40.71070752461971
                ],
                [
                  -246.1967180839008,
                  42.611420606397765
                ],
                [
                  -247.388,
                  39.214
                ],
                [
                  -247.83915992979087,
                  37.87492375790832
                ],
                [
                  -250.88537698208614,
                  28.328618374346892
                ],
                [
                  -239.3379433543014,
                  25.918288931126362
                ],
                [
                  -239.77679892694613,
                  24.171153732641738
                ],
                [
                  -251.2268261843049,
                  26.561083338043638
                ],
                [
                  -248.927,
                  25.834
                ],
                [
                  -249.681,
                  23.45
                ],
                [
                  -250.45205092066547,
                  21.07139312497842
                ],
                [
                  -253.1228676172633,
                  21.916159722736932
                ],
                [
                  -253.36056893401746,
                  21.17325800881878
                ],
                [
                  -255.10965846605907,
                  21.61245211400352
                ],
                [
                  -254.83881914068684,
                  22.45890701505675
                ],
                [
                  -255.29533827025526,
                  22.603301840949683
                ],
                [
                  -257.3844587626909,
                  23.230211287767265
                ],
                [
                  -257.7001209601253,
                  22.262913874967836
                ],
                [
                  -262.5612327054877,
                  23.48353270785024
                ],
                [
                  -262.1747790501427,
                  24.66770474607144
                ],
                [
                  -264.935,
                  25.496
                ],
                [
                  -264.2112294964541,
                  27.908064677440017
                ],
                [
                  -263.4559793895272,
                  30.272390331116938
                ],
                [
                  -260.62312115601816,
                  29.422297866602708
                ],
                [
                  -256.96331450391017,
                  40.6366844891159
                ],
                [
                  -260.1729498753238,
                  41.44261975377436
                ],
                [
                  -259.589,
                  43.443
                ],
                [
                  -309.759,
                  54.253
                ],
                [
                  -332.080568442161,
                  68.16689042188136
                ],
                [
                  -335.5640292595521,
                  70.4223549895293
                ],
                [
                  -341.5709634174302,
                  52.86807006859139
                ],
                [
                  -343.1283941921519,
                  53.87647237683957
                ],
                [
                  -336.36,
                  73.656
                ],
                [
                  -331.6588172375348,
                  87.38981348138232
                ],
                [
                  -332.58993186373704,
                  87.69290572866491
                ],
                [
                  -332.321,
                  88.481
                ],
                [
                  -332.312,
                  88.51
                ],
                [
                  -332.0151354697251,
                  89.39828891240104
                ],
                [
                  -331.08186629366435,
                  89.09440306064968
                ],
                [
                  -327.50071458490305,
                  99.79993793381905
                ],
                [
                  -323.1933815334998,
                  115.72636781203602
                ],
                [
                  -321.7,
                  115.228
                ],
                [
                  -320.45087177466803,
                  118.97126564212768
                ],
                [
                  -325.12628910201295,
                  101.68646608707775
                ],
                [
                  -291.24,
                  91.182
                ],
                [
                  -291.222,
                  91.177
                ],
                [
                  -272.68,
                  85.282
                ],
                [
                  -251.77306993533205,
                  79.06275509899741
                ],
                [
                  -251.773,
                  79.063
                ],
                [
                  -241.688,
                  76.183
                ],
                [
                  -240.46498892624524,
                  78.9680579663871
                ],
                [
                  -240.034,
                  78.833
                ],
                [
                  -238.348,
                  84.44
                ],
                [
                  -237.481,
                  86.247
                ],
                [
                  -235.232,
                  93.355
                ]
              ],
              [
                [
                  -253.36398237473264,
                  74.32010456414739
                ],
                [
                  -270.57033230807923,
                  79.4380801849801
                ],
                [
                  -259.042,
                  57.633
                ],
                [
                  -259.005,
                  57.554
                ],
                [
                  -253.8511728389015,
                  45.01008295532041
                ],
                [
                  -253.146,
                  44.833
                ],
                [
                  -253.38594306829103,
                  43.877758671475156
                ],
                [
                  -253.04706490601816,
                  43.052961986811354
                ],
                [
                  -251.6668707065054,
                  42.32670204719467
                ],
                [
                  -251.4329008391016,
                  43.05995647993055
                ],
                [
                  -253.379,
                  51.174
                ],
                [
                  -253.397,
                  51.279
                ],
                [
                  -253.403,
                  51.385
                ],
                [
                  -253.36398237473264,
                  74.32010456414739
                ]
              ],
              [
                [
                  -286.08,
                  70.917
                ],
                [
                  -285.991,
                  70.889
                ],
                [
                  -285.905,
                  70.853
                ],
                [
                  -261.9170429374668,
                  59.22074463078747
                ],
                [
                  -272.9863906084016,
                  80.15672926090036
                ],
                [
                  -274.127,
                  80.496
                ],
                [
                  -274.172,
                  80.51
                ],
                [
                  -292.4830718000571,
                  86.3308230074116
                ],
                [
                  -309.11016963238063,
                  60.2430864938514
                ],
                [
                  -294.389,
                  67.811
                ],
                [
                  -294.308,
                  67.848
                ],
                [
                  -286.629,
                  70.881
                ],
                [
                  -286.54,
                  70.91
                ],
                [
                  -286.45,
                  70.931
                ],
                [
                  -286.357,
                  70.942
                ],
                [
                  -286.264,
                  70.943
                ],
                [
                  -286.171,
                  70.934
                ],
                [
                  -286.08,
                  70.917
                ]
              ],
              [
                [
                  -286.335,
                  69.061
                ],
                [
                  -292.86744013203065,
                  66.48127020370565
                ],
                [
                  -288.8804948357784,
                  53.80643866023958
                ],
                [
                  -288.416,
                  53.69
                ],
                [
                  -256.02093639431916,
                  45.554953831712076
                ],
                [
                  -260.5386578414924,
                  56.55167629249002
                ],
                [
                  -286.335,
                  69.061
                ]
              ],
              [
                [
                  -253.75499999999997,
                  42.40850000000007
                ],
                [
                  -253.75452661925314,
                  42.40939987533384
                ],
                [
                  -253.754802424372,
                  42.40928657160934
                ],
                [
                  -253.75499999999997,
                  42.40850000000007
                ]
              ],
              [
                [
                  -326.63964047496614,
                  99.53754698957567
                ],
                [
                  -326.6395,
                  99.538
                ],
                [
                  -326.6473218474492,
                  99.54011644692062
                ],
                [
                  -326.63964047496614,
                  99.53754698957567
                ]
              ],
              [
                [
                  -330.5113174992535,
                  87.96243895259153
                ],
                [
                  -330.5115,
                  87.9625
                ],
                [
                  -330.5113180194845,
                  87.96243770132676
                ],
                [
                  -330.5113174992535,
                  87.96243895259153
                ]
              ],
              [
                [
                  -333.89533001178626,
                  75.29810676164584
                ],
                [
                  -315.62756721255084,
                  63.470130538066456
                ],
                [
                  -327.45986909723945,
                  85.7188232566603
                ],
                [
                  -329.9709300933562,
                  86.76266349753588
                ],
                [
                  -333.89533001178626,
                  75.29810676164584
                ]
              ],
              [
                [
                  -294.5154513868827,
                  65.7219492303362
                ],
                [
                  -308.24902544513037,
                  58.66170416859093
                ],
                [
                  -290.92887458132367,
                  54.31992250303296
                ],
                [
                  -294.5154513868827,
                  65.7219492303362
                ]
              ],
              [
                [
                  -326.816766890307,
                  86.42535807280716
                ],
                [
                  -326.022,
                  86.848
                ],
                [
                  -312.5181646685085,
                  61.456860507977765
                ],
                [
                  -311.06907660758736,
                  60.518607733469125
                ],
                [
                  -294.2642673346134,
                  86.88489698539964
                ],
                [
                  -326.5728437755719,
                  96.89980043846982
                ],
                [
                  -329.3922739292925,
                  88.47136448048535
                ],
                [
                  -326.471,
                  87.257
                ],
                [
                  -326.816766890307,
                  86.42535807280716
                ]
              ],
              [
                [
                  -251.57484244120698,
                  67.97033947120184
                ],
                [
                  -251.863,
                  67.059
                ],
                [
                  -251.57655244303987,
                  66.96943165416702
                ],
                [
                  -251.603,
                  51.489
                ],
                [
                  -250.37594155933368,
                  46.372434645221595
                ],
                [
                  -242.4533523396013,
                  71.20158776897914
                ],
                [
                  -251.56487678748027,
                  73.80349153276237
                ],
                [
                  -251.57484244120698,
                  67.97033947120184
                ]
              ],
              [
                [
                  -235.93170018857927,
                  75.19079622550537
                ],
                [
                  -230.0055918185577,
                  76.66871394552618
                ],
                [
                  -235.245897646164,
                  77.3399800788969
                ],
                [
                  -235.93170018857927,
                  75.19079622550537
                ]
              ],
              [
                [
                  -237.62018982859956,
                  69.89936837781859
                ],
                [
                  -231.89097520437244,
                  74.34286594781747
                ],
                [
                  -236.57500032657737,
                  73.17480738912553
                ],
                [
                  -237.62018982859956,
                  69.89936837781859
                ]
              ],
              [
                [
                  -202.245,
                  70.208
                ],
                [
                  -197.98753952735854,
                  72.9122013155855
                ],
                [
                  -224.3640495203161,
                  75.99719495445218
                ],
                [
                  -203.6931029752314,
                  69.09135435325736
                ],
                [
                  -202.219,
                  70.105
                ],
                [
                  -201.7048576797188,
                  69.35747739119898
                ],
                [
                  -202.245,
                  70.208
                ]
              ]
            ]
          },
          {
            "type": "Polygon",
            "coordinates": [
              [
                [
                  -341.7048511294941,
                  90.70883300233872
                ],
                [
                  -342.2572583009814,
                  90.8945314594895
                ],
                [
                  -341.966,
                  91.782
                ],
                [
                  -341.946,
                  91.845
                ],
                [
                  -341.70711542108813,
                  92.60821117841114
                ],
                [
                  -341.1289792259193,
                  92.41386308588467
                ],
                [
                  -341.412,
                  91.567
                ],
                [
                  -341.7048511294941,
                  90.70883300233872
                ]
              ]
            ]
          },
          {
            "type": "Polygon",
            "coordinates": [
              [
                [
                  -462.09399925934235,
                  167.94773255820164
                ],
                [
                  -458.63636790957156,
                  166.77590203916267
                ],
                [
                  -458.68,
                  166.614
                ],
                [
                  -459.052,
                  163.452
                ],
                [
                  -458.611,
                  159.586
                ],
                [
                  -457.601,
                  155.505
                ],
                [
                  -455.656,
                  152.235
                ],
                [
                  -423.8,
                  141.305
                ],
                [
                  -421.002,
                  147.124
                ],
                [
                  -418.649,
                  147.491
                ],
                [
                  -414.532,
                  148.685
                ],
                [
                  -410.973,
                  147.581
                ],
                [
                  -415.763,
                  138.37
                ],
                [
                  -416.747,
                  135.457
                ],
                [
                  -425.402,
                  137.999
                ],
                [
                  -461.202,
                  150.28
                ],
                [
                  -460.913,
                  151.395
                ],
                [
                  -461.544,
                  154.477
                ],
                [
                  -462.805,
                  156.977
                ],
                [
                  -465.392,
                  156.978
                ],
                [
                  -466.913,
                  155.574
                ],
                [
                  -467.685,
                  153.522
                ],
                [
                  -468.2187208952428,
                  151.0178149572182
                ],
                [
                  -454.192,
                  146.264
                ],
                [
                  -417.3175521969435,
                  133.76295692792849
                ],
                [
                  -417.654,
                  132.764
                ],
                [
                  -409.217,
                  129.914
                ],
                [
                  -391.52649606323786,
                  123.93948887955706
                ],
                [
                  -391.89355073471273,
                  122.8572946893743
                ],
                [
                  -391.5244418582772,
                  123.93879512484973
                ],
                [
                  -352.736,
                  110.839
                ],
                [
                  -346.6237157154171,
                  128.71352016268014
                ],
                [
                  -345.3704612923794,
                  128.28574751946005
                ],
                [
                  -352.006,
                  108.889
                ],
                [
                  -352.858,
                  109.18
                ],
                [
                  -352.04,
                  108.804
                ],
                [
                  -353.775,
                  105.029
                ],
                [
                  -354.677,
                  102.201
                ],
                [
                  -354.682,
                  102.186
                ],
                [
                  -356.27233329251067,
                  97.49113309923713
                ],
                [
                  -350.8106042767051,
                  95.66219628883786
                ],
                [
                  -351.098,
                  94.744
                ],
                [
                  -351.3593977885042,
                  93.94742526973607
                ],
                [
                  -356.84609331014263,
                  95.78472246590557
                ],
                [
                  -361.396,
                  82.151
                ],
                [
                  -367.8902182068428,
                  62.6953207433811
                ],
                [
                  -369.59136982050626,
                  63.28264611923861
                ],
                [
                  -363.8916563988163,
                  80.3574044732052
                ],
                [
                  -372.9183180583282,
                  83.47387416898638
                ],
                [
                  -372.844,
                  83.854
                ],
                [
                  -396.415,
                  91.692
                ],
                [
                  -396.46270508919264,
                  91.58956436904955
                ],
                [
                  -402.689,
                  93.735
                ],
                [
                  -411.05,
                  96.617
                ],
                [
                  -413.327,
                  97.4
                ],
                [
                  -413.331,
                  97.402
                ],
                [
                  -423.871,
                  101.043
                ],
                [
                  -443.149,
                  107.648
                ],
                [
                  -463.978,
                  114.787
                ],
                [
                  -484.248,
                  121.734
                ],
                [
                  -492.804,
                  124.674
                ],
                [
                  -493.751781355795,
                  124.99862413348635
                ],
                [
                  -493.208,
                  127.325
                ],
                [
                  -522.973,
                  136.998
                ],
                [
                  -523.498002864335,
                  135.36405008660168
                ],
                [
                  -526.481,
                  136.408
                ],
                [
                  -526.5438257047164,
                  136.23072955042363
                ],
                [
                  -527.8098674138276,
                  136.66465333980864
                ],
                [
                  -533.6756348309598,
                  119.64720016938878
                ],
                [
                  -535.3779120798628,
                  120.23063942312987
                ],
                [
                  -528.697,
                  139.613
                ],
                [
                  -528.693,
                  139.625
                ],
                [
                  -524.4470500551411,
                  151.3972686738711
                ],
                [
                  -525.7871898764421,
                  151.83826798516444
                ],
                [
                  -525.547,
                  152.535
                ],
                [
                  -525.1773106263549,
                  153.53284144781824
                ],
                [
                  -523.8497202092558,
                  153.0959717642863
                ],
                [
                  -519.461,
                  165.914
                ],
                [
                  -512.819504755063,
                  185.30866029917848
                ],
                [
                  -511.11658518819394,
                  184.72542541634047
                ],
                [
                  -516.9480566068913,
                  167.696216926547
                ],
                [
                  -515.2852046928676,
                  167.1267048602574
                ],
                [
                  -515.719,
                  165.886
                ],
                [
                  -507.55,
                  163.093
                ],
                [
                  -472.386,
                  150.918
                ],
                [
                  -471.9098311209383,
                  152.27467836624496
                ],
                [
                  -471.027,
                  154.79
                ],
                [
                  -468.364,
                  162.326
                ],
                [
                  -464.495,
                  161.075
                ],
                [
                  -462.09399925934235,
                  167.94773255820164
                ]
              ],
              [
                [
                  -389.113,
                  118.498
                ],
                [
                  -355.09010040502955,
                  106.47749456503243
                ],
                [
                  -354.7634551489535,
                  107.18860333252861
                ],
                [
                  -392.7192636304273,
                  120.14436955180079
                ],
                [
                  -392.9458727948573,
                  119.85190414818341
                ],
                [
                  -389.113,
                  118.498
                ]
              ],
              [
                [
                  -394.415,
                  110.784
                ],
                [
                  -394.327,
                  110.789
                ],
                [
                  -394.238,
                  110.786
                ],
                [
                  -394.15,
                  110.773
                ],
                [
                  -387.9819307789477,
                  109.59240543949142
                ],
                [
                  -390.2578198478017,
                  116.99344934320311
                ],
                [
                  -394.12739645273746,
                  118.36031855529004
                ],
                [
                  -396.069,
                  116.01
                ],
                [
                  -396.7624999999997,
                  116.58349999999976
                ],
                [
                  -396.106,
                  115.968
                ],
                [
                  -409.70874913235883,
                  101.44383559820064
                ],
                [
                  -409.424,
                  101.346
                ],
                [
                  -408.72824147486995,
                  101.10609474097622
                ],
                [
                  -394.828,
                  110.632
                ],
                [
                  -394.752,
                  110.678
                ],
                [
                  -394.672,
                  110.717
                ],
                [
                  -394.589,
                  110.748
                ],
                [
                  -394.503,
                  110.77
                ],
                [
                  -394.415,
                  110.784
                ]
              ],
              [
                [
                  -406.6100304623283,
                  100.37571208194106
                ],
                [
                  -401.51925516469265,
                  98.62035627630006
                ],
                [
                  -396.91877102588694,
                  107.01703133694986
                ],
                [
                  -406.6100304623283,
                  100.37571208194106
                ]
              ],
              [
                [
                  -393.84486276333917,
                  108.88232128517592
                ],
                [
                  -399.79323456732413,
                  98.02551933324946
                ],
                [
                  -375.503,
                  89.656
                ],
                [
                  -374.89526205642915,
                  89.44620730689952
                ],
                [
                  -357.7378955890615,
                  101.97967878395166
                ],
                [
                  -386.74,
                  107.522
                ],
                [
                  -393.84486276333917,
                  108.88232128517592
                ]
              ],
              [
                [
                  -358.267,
                  97.213
                ],
                [
                  -357.2990524088891,
                  100.07146217236425
                ],
                [
                  -372.8233230402855,
                  88.73096865719026
                ],
                [
                  -362.30854144294346,
                  85.10123914629543
                ],
                [
                  -358.269,
                  97.209
                ],
                [
                  -357.4151506936707,
                  96.92405029004232
                ],
                [
                  -357.41494907481274,
                  96.92465197429146
                ],
                [
                  -358.267,
                  97.213
                ]
              ],
              [
                [
                  -514.6456370526449,
                  137.4378937788097
                ],
                [
                  -514.9092380370549,
                  144.8335531112334
                ],
                [
                  -520.578,
                  147.433
                ],
                [
                  -520.5777802463788,
                  147.43347935589892
                ],
                [
                  -520.628,
                  147.457
                ],
                [
                  -520.702,
                  147.502
                ],
                [
                  -520.772,
                  147.554
                ],
                [
                  -520.837,
                  147.612
                ],
                [
                  -520.895,
                  147.676
                ],
                [
                  -522.9737020403904,
                  150.17731753303792
                ],
                [
                  -526.1470136189462,
                  141.37934947287792
                ],
                [
                  -514.6456370526449,
                  137.4378937788097
                ]
              ],
              [
                [
                  -502.63740929506764,
                  138.9146797235287
                ],
                [
                  -513.0768285705027,
                  143.96020823123936
                ],
                [
                  -512.822082143935,
                  136.81297472881457
                ],
                [
                  -506.00884813606774,
                  134.4812778500581
                ],
                [
                  -502.63740929506764,
                  138.9146797235287
                ]
              ],
              [
                [
                  -504.2153417228784,
                  133.86698003828377
                ],
                [
                  -493.07234853239606,
                  130.05016029653908
                ],
                [
                  -493.3487673892219,
                  134.72220309701186
                ],
                [
                  -500.97135288924704,
                  138.1333817899446
                ],
                [
                  -504.2153417228784,
                  133.86698003828377
                ]
              ],
              [
                [
                  -518.15,
                  152.817
                ],
                [
                  -519.0818796436564,
                  149.0381055332304
                ],
                [
                  -493.92073786702986,
                  146.38606119321264
                ],
                [
                  -494.0953488609034,
                  154.58780929975362
                ],
                [
                  -507.554,
                  159.194
                ],
                [
                  -510.01777595517643,
                  160.03782146315837
                ],
                [
                  -513.084,
                  159.052
                ],
                [
                  -515.548,
                  156.758
                ],
                [
                  -516.879,
                  155.179
                ],
                [
                  -518.15,
                  152.817
                ]
              ],
              [
                [
                  -513.825,
                  160.704
                ],
                [
                  -512.8646168931452,
                  161.0128392932532
                ],
                [
                  -518.5677104612973,
                  162.96609837474404
                ],
                [
                  -522.2712086465384,
                  152.14938141720842
                ],
                [
                  -520.6501658590818,
                  150.19775742248171
                ],
                [
                  -519.871,
                  153.359
                ],
                [
                  -519.85,
                  153.431
                ],
                [
                  -519.822,
                  153.502
                ],
                [
                  -519.789,
                  153.57
                ],
                [
                  -518.42,
                  156.114
                ],
                [
                  -518.372,
                  156.194
                ],
                [
                  -518.316,
                  156.268
                ],
                [
                  -516.889,
                  157.96
                ],
                [
                  -516.814,
                  158.039
                ],
                [
                  -514.163,
                  160.506
                ],
                [
                  -514.087,
                  160.569
                ],
                [
                  -514.005,
                  160.623
                ],
                [
                  -513.918,
                  160.669
                ],
                [
                  -513.825,
                  160.704
                ]
              ],
              [
                [
                  -491.2317767073148,
                  129.41970753057404
                ],
                [
                  -491.183,
                  129.403
                ],
                [
                  -482.9125368816628,
                  126.56144787099318
                ],
                [
                  -481.0392902377201,
                  129.44702989344782
                ],
                [
                  -491.498076132694,
                  133.92071128769686
                ],
                [
                  -491.2317767073148,
                  129.41970753057404
                ]
              ],
              [
                [
                  -479.3657947377674,
                  128.71943328773096
                ],
                [
                  -481.1571826352893,
                  125.95964978956631
                ],
                [
                  -463.29307100137356,
                  119.83778292839018
                ],
                [
                  -462.8289547918181,
                  121.36635015105621
                ],
                [
                  -479.3657947377674,
                  128.71943328773096
                ]
              ],
              [
                [
                  -459.986,
                  120.111
                ],
                [
                  -460.064,
                  120.134
                ],
                [
                  -460.14,
                  120.164
                ],
                [
                  -461.17272708350214,
                  120.62672903945105
                ],
                [
                  -461.5895426557775,
                  119.25394651524849
                ],
                [
                  -443.18238934733665,
                  112.94471531355082
                ],
                [
                  -443.0628177981993,
                  119.1011012398623
                ],
                [
                  -459.825,
                  120.087
                ],
                [
                  -459.906,
                  120.095
                ],
                [
                  -459.986,
                  120.111
                ]
              ],
              [
                [
                  -441.2646712046498,
                  118.96986829950312
                ],
                [
                  -441.393627630708,
                  112.33161911355516
                ],
                [
                  -423.29492908027606,
                  106.13069578882339
                ],
                [
                  -420.4878108998562,
                  117.1886036737234
                ],
                [
                  -441.2646712046498,
                  118.96986829950312
                ]
              ],
              [
                [
                  -418.66571127942433,
                  117.04951284207284
                ],
                [
                  -421.58729252530884,
                  105.54381477681414
                ],
                [
                  -411.7,
                  102.128
                ],
                [
                  -411.5750117527084,
                  102.08505588339982
                ],
                [
                  -398.72551103369926,
                  115.8040778216347
                ],
                [
                  -418.66571127942433,
                  117.04951284207284
                ]
              ],
              [
                [
                  -472.09526397340295,
                  143.62745295827787
                ],
                [
                  -472.02278165714705,
                  147.02886948054834
                ],
                [
                  -492.2822279492016,
                  153.9668983320534
                ],
                [
                  -492.11623878209355,
                  146.1789025322082
                ],
                [
                  -472.09526397340295,
                  143.62745295827787
                ]
              ],
              [
                [
                  -397.0432756064932,
                  117.65680003741996
                ],
                [
                  -395.124,
                  119.981
                ],
                [
                  -394.5232406219776,
                  120.7558600435438
                ],
                [
                  -455.68516951090953,
                  141.49108702673286
                ],
                [
                  -456.22847700391156,
                  140.77232797865986
                ],
                [
                  -441.523,
                  134.838
                ],
                [
                  -397.0432756064932,
                  117.65680003741996
                ]
              ],
              [
                [
                  -470.2350855899161,
                  146.42191177184236
                ],
                [
                  -470.3003244282156,
                  143.3692777964106
                ],
                [
                  -458.0453370235585,
                  141.3541899102297
                ],
                [
                  -457.481353709203,
                  142.09980933897924
                ],
                [
                  -470.2350855899161,
                  146.42191177184236
                ]
              ],
              [
                [
                  -456.8889967731875,
                  139.09837249614927
                ],
                [
                  -458.7743607862724,
                  121.82818877307803
                ],
                [
                  -443.0265072754708,
                  120.90285244056085
                ],
                [
                  -442.765959977599,
                  133.39845185931486
                ],
                [
                  -456.8889967731875,
                  139.09837249614927
                ]
              ],
              [
                [
                  -419.288,
                  118.892
                ],
                [
                  -402.52742980492906,
                  117.8454385556419
                ],
                [
                  -440.97977124244846,
                  132.69816816503794
                ],
                [
                  -441.2284233151283,
                  120.773901020928
                ],
                [
                  -419.288,
                  118.892
                ]
              ],
              [
                [
                  -460.5327307620708,
                  122.31240667193585
                ],
                [
                  -458.6416039547195,
                  139.62809230695157
                ],
                [
                  -470.7897540785295,
                  141.62538260467198
                ],
                [
                  -478.36196831258064,
                  130.2438500333541
                ],
                [
                  -461.371,
                  122.688
                ],
                [
                  -461.369,
                  122.687
                ],
                [
                  -460.5327307620708,
                  122.31240667193585
                ]
              ],
              [
                [
                  -513.638,
                  146.231
                ],
                [
                  -500.875,
                  140.063
                ],
                [
                  -493.4564490554187,
                  136.74270269581115
                ],
                [
                  -493.85852238104144,
                  144.56952271334774
                ],
                [
                  -514.83498377861,
                  146.78033205271564
                ],
                [
                  -513.654,
                  146.239
                ],
                [
                  -513.638,
                  146.231
                ]
              ],
              [
                [
                  -480.0362780257583,
                  130.97637585960365
                ],
                [
                  -472.7700488248434,
                  141.8983721740723
                ],
                [
                  -492.0453770587989,
                  144.35507508314794
                ],
                [
                  -491.6118691450083,
                  135.9272452156252
                ],
                [
                  -480.0362780257583,
                  130.97637585960365
                ]
              ],
              [
                [
                  -387.90998490983065,
                  116.163949866842
                ],
                [
                  -385.7586056861645,
                  109.1670469237222
                ],
                [
                  -356.14973144715,
                  103.50877159469798
                ],
                [
                  -355.73856142498465,
                  104.79698476119853
                ],
                [
                  -387.90998490983065,
                  116.163949866842
                ]
              ]
            ]
          },
          {
            "type": "Polygon",
            "coordinates": [
              [
                [
                  -525.7572428973816,
                  189.7397211293136
                ],
                [
                  -537.9235431393929,
                  157.7957736812878
                ],
                [
                  -537.3234187889328,
                  157.59206320932142
                ],
                [
                  -537.575,
                  156.913
                ],
                [
                  -537.624,
                  156.775
                ],
                [
                  -537.9270267983885,
                  155.8962222846734
                ],
                [
                  -538.539367712397,
                  156.10416101876322
                ],
                [
                  -549.3189739283409,
                  125.00880509883068
                ],
                [
                  -550.0,
                  125.24222027446265
                ],
                [
                  -550.0,
                  128.54070580443556
                ],
                [
                  -540.7619279270845,
                  155.19095767174872
                ],
                [
                  -541.3593607244111,
                  155.40933824950673
                ],
                [
                  -539.7378254504455,
                  160.13989982296934
                ],
                [
                  -539.0523966645485,
                  159.88933941892802
                ],
                [
                  -527.4615954330933,
                  190.3234467913001
                ],
                [
                  -525.7572428973816,
                  189.7397211293136
                ]
              ]
            ]
          },
          {
            "type": "Polygon",
            "coordinates": [
              [
                [
                  160.854,
                  -112.592
                ],
                [
                  159.24329037890843,
                  -117.7414967071072
                ],
                [
                  158.8762892381557,
                  -117.62877231395966
                ],
                [
                  160.54615691063933,
                  -112.49076635448591
                ],
                [
                  160.854,
                  -112.592
                ]
              ]
            ]
          },
          {
            "type": "Polygon",
            "coordinates": [
              [
                [
                  232.81062187919568,
                  -99.30965042589642
                ],
                [
                  229.97702429707206,
                  -98.38719740960441
                ],
                [
                  230.246,
                  -97.599
                ],
                [
                  229.25204193297853,
                  -97.259877172819
                ],
                [
                  229.55997829471906,
                  -96.35789127579336
                ],
                [
                  233.38520838252362,
                  -97.60328093166764
                ],
                [
                  233.108,
                  -98.426
                ],
                [
                  232.81062187919568,
                  -99.30965042589642
                ]
              ]
            ]
          },
          {
            "type": "Polygon",
            "coordinates": [
              [
                [
                  225.70314665061193,
                  -96.04855006120495
                ],
                [
                  228.48812817411007,
                  -96.99924183796404
                ],
                [
                  225.703,
                  -96.04899999999999
                ],
                [
                  225.70314665061193,
                  -96.04855006120495
                ]
              ]
            ]
          },
          {
            "type": "Polygon",
            "coordinates": [
              [
                [
                  77.65870827800103,
                  -86.19940021163575
                ],
                [
                  78.896,
                  -86.639
                ],
                [
                  79.35517724263188,
                  -86.80172093535766
                ],
                [
                  78.21647609948337,
                  -90.1852820310744
                ],
                [
                  76.63565954343947,
                  -89.58848047279636
                ],
                [
                  76.53156909251538,
                  -89.54860585739637
                ],
                [
                  77.65870827800103,
                  -86.19940021163575
                ]
              ]
            ]
          },
          {
            "type": "Polygon",
            "coordinates": [
              [
                [
                  218.714,
                  -73.696
                ],
                [
                  221.61681818589332,
                  -74.72546098528896
                ],
                [
                  227.50237508407702,
                  -57.71430298279678
                ],
                [
                  229.19898493169288,
                  -58.31599193936506
                ],
                [
                  222.49841570345444,
                  -77.68279848291878
                ],
                [
                  222.499,
                  -77.683
                ],
                [
                  217.394934242079,
                  -92.47865259853953
                ],
                [
                  220.857,
                  -93.575
                ],
                [
                  222.41681782821382,
                  -94.06730130790802
                ],
                [
                  222.154,
                  -94.837
                ],
                [
                  225.70299999999997,
                  -96.04849999999999
                ],
                [
                  225.70285751254767,
                  -96.04895138552693
                ],
                [
                  221.16,
                  -94.499
                ],
                [
                  220.83353314415996,
                  -95.45565664018338
                ],
                [
                  220.315,
                  -95.292
                ],
                [
                  220.314,
                  -95.292
                ],
                [
                  216.80763826943604,
                  -94.18026615174152
                ],
                [
                  210.727,
                  -111.789
                ],
                [
                  209.8765,
                  -111.49499999999999
                ],
                [
                  209.87636428702086,
                  -111.49545300708716
                ],
                [
                  210.727,
                  -111.79
                ],
                [
                  204.0255101800967,
                  -131.14249704396352
                ],
                [
                  202.29970956927372,
                  -130.625116006394
                ],
                [
                  208.1949225418538,
                  -113.6009773907455
                ],
                [
                  200.99,
                  -111.441
                ],
                [
                  196.25,
                  -110.029
                ],
                [
                  196.247,
                  -110.028
                ],
                [
                  172.949,
                  -103.057
                ],
                [
                  166.163811945053,
                  -101.03038322522202
                ],
                [
                  165.8526964052748,
                  -101.98761369865949
                ],
                [
                  164.1204575739482,
                  -101.49302179565049
                ],
                [
                  164.44066640769148,
                  -100.50777313004687
                ],
                [
                  123.02779421654212,
                  -87.78796797769338
                ],
                [
                  117.21821876189175,
                  -104.83349678837605
                ],
                [
                  116.6815513120439,
                  -104.66865939173455
                ],
                [
                  115.99711882833978,
                  -104.43439055503045
                ],
                [
                  115.51480031267195,
                  -104.25236017932173
                ],
                [
                  121.3245750089514,
                  -87.20574585664629
                ],
                [
                  96.8,
                  -77.95
                ],
                [
                  89.516,
                  -75.211
                ],
                [
                  89.513,
                  -75.21
                ],
                [
                  83.96157096225406,
                  -73.11418345017339
                ],
                [
                  83.75809899988882,
                  -73.71878442038458
                ],
                [
                  82.07787451211871,
                  -73.06819450833606
                ],
                [
                  82.27796024920163,
                  -72.47365544084235
                ],
                [
                  73.686,
                  -69.183
                ],
                [
                  73.649,
                  -69.168
                ],
                [
                  54.453,
                  -61.457
                ],
                [
                  42.809655163302246,
                  -56.78379567875845
                ],
                [
                  37.12754081320906,
                  -73.89892329120286
                ],
                [
                  35.68912150586268,
                  -73.32159543420582
                ],
                [
                  35.448722898037126,
                  -73.24127930888864
                ],
                [
                  41.12068966422076,
                  -56.15824912482386
                ],
                [
                  36.895097661900266,
                  -54.74649728537916
                ],
                [
                  37.69,
                  -52.393
                ],
                [
                  33.799109208929146,
                  -51.07878158216936
                ],
                [
                  37.69,
                  -52.392
                ],
                [
                  38.49436707004521,
                  -50.0095987279756
                ],
                [
                  42.711162941965746,
                  -51.41841181865675
                ],
                [
                  43.436,
                  -49.28
                ],
                [
                  52.32598276197025,
                  -23.032204296984492
                ],
                [
                  48.1118690971379,
                  -21.524159783098092
                ],
                [
                  48.904,
                  -19.178
                ],
                [
                  48.90376995060549,
                  -19.177922330508956
                ],
                [
                  49.71696677996579,
                  -16.788414708398
                ],
                [
                  53.9284214272125,
                  -18.29563282061624
                ],
                [
                  59.6919973229193,
                  -1.2403159869722675
                ],
                [
                  60.50665583418989,
                  -1.5318703705063552
                ],
                [
                  61.398382645651594,
                  -1.8132166017045845
                ],
                [
                  55.63453614733584,
                  -18.869334190524743
                ],
                [
                  61.253,
                  -20.642
                ],
                [
                  72.605,
                  -24.225
                ],
                [
                  96.51406202920103,
                  -31.777773718312456
                ],
                [
                  96.67543689865128,
                  -31.2888826834811
                ],
                [
                  98.40266342971702,
                  -31.798006824559984
                ],
                [
                  98.23052798049376,
                  -32.319436068030136
                ],
                [
                  110.66,
                  -36.238
                ],
                [
                  116.886,
                  -38.019
                ],
                [
                  135.06146804413356,
                  -43.2353735616092
                ],
                [
                  141.1660970105837,
                  -26.09034917700354
                ],
                [
                  143.07768448193127,
                  -26.809379547884546
                ],
                [
                  145.9262833100808,
                  -27.62692910642044
                ],
                [
                  139.80771188595241,
                  -44.81064453480635
                ],
                [
                  178.51295222682427,
                  -59.36935227613565
                ],
                [
                  179.1466288749355,
                  -57.55017741945094
                ],
                [
                  180.85059900583119,
                  -58.13077986783735
                ],
                [
                  180.2033340229814,
                  -59.988964457600055
                ],
                [
                  193.922,
                  -64.875
                ],
                [
                  205.58,
                  -69.024
                ],
                [
                  211.532,
                  -71.132
                ],
                [
                  211.538,
                  -71.134
                ],
                [
                  218.714,
                  -73.696
                ]
              ],
              [
                [
                  136.62867610630587,
                  -46.28538624589844
                ],
                [
                  136.62899999999888,
                  -46.28549999999961
                ],
                [
                  136.62867651465842,
                  -46.28538482273507
                ],
                [
                  136.62867610630587,
                  -46.28538624589844
                ]
              ],
              [
                [
                  169.852,
                  -80.107
                ],
                [
                  175.39733526944894,
                  -63.539541917646396
                ],
                [
                  138.14075040410037,
                  -49.52564609272218
                ],
                [
                  132.173103863611,
                  -66.51220062372406
                ],
                [
                  130.1836093544155,
                  -65.76386126581217
                ],
                [
                  127.95405014120176,
                  -65.12399119546745
                ],
                [
                  129.60900588421137,
                  -65.7485287983154
                ],
                [
                  132.16551611911595,
                  -66.53379869169913
                ],
                [
                  126.19456870636577,
                  -83.52974896125188
                ],
                [
                  164.51250626806208,
                  -95.29966966523861
                ],
                [
                  169.852,
                  -80.107
                ]
              ],
              [
                [
                  174.06956895921638,
                  -98.173292457943
                ],
                [
                  181.99275264699617,
                  -84.52740073362699
                ],
                [
                  174.33465717164404,
                  -82.43089313109364
                ],
                [
                  169.3025629077937,
                  -96.74966738203996
                ],
                [
                  174.06956895921638,
                  -98.173292457943
                ]
              ],
              [
                [
                  196.625313137079,
                  -104.92269441571375
                ],
                [
                  199.94641602829745,
                  -89.45380091942226
                ],
                [
                  183.7880135122271,
                  -85.01932801267726
                ],
                [
                  175.84251922037848,
                  -98.7036447059736
                ],
                [
                  196.625313137079,
                  -104.92269441571375
                ]
              ],
              [
                [
                  201.94659359763625,
                  -106.50927471727054
                ],
                [
                  209.08385878839638,
                  -91.95228420416717
                ],
                [
                  205.683,
                  -91.027
                ],
                [
                  205.682,
                  -91.026
                ],
                [
                  201.68500302592108,
                  -89.93058699408255
                ],
                [
                  198.35548132133488,
                  -105.43951722061705
                ],
                [
                  201.94659359763625,
                  -106.50927471727054
                ]
              ],
              [
                [
                  214.097,
                  -93.329
                ],
                [
                  210.85130674739827,
                  -92.4354720316456
                ],
                [
                  203.69531696354068,
                  -107.03233695309156
                ],
                [
                  209.83045889247413,
                  -108.87115259180874
                ],
                [
                  215.08971906964933,
                  -93.63945609690153
                ],
                [
                  214.097,
                  -93.329
                ]
              ],
              [
                [
                  54.88644120193015,
                  -56.24362978363002
                ],
                [
                  55.30806172063094,
                  -53.27912469412133
                ],
                [
                  44.87391960918954,
                  -50.645423653849825
                ],
                [
                  44.40235865592743,
                  -52.035710105445126
                ],
                [
                  54.88644120193015,
                  -56.24362978363002
                ]
              ],
              [
                [
                  67.314,
                  -58.566
                ],
                [
                  67.28,
                  -58.494
                ],
                [
                  67.253,
                  -58.419
                ],
                [
                  67.233,
                  -58.342
                ],
                [
                  66.76073948270154,
                  -56.180469205935154
                ],
                [
                  59.835,
                  -54.427
                ],
                [
                  57.06285652846344,
                  -53.72341028641204
                ],
                [
                  56.60623890846539,
                  -56.93398756717334
                ],
                [
                  69.41008972180589,
                  -62.07715804874042
                ],
                [
                  68.743,
                  -61.268
                ],
                [
                  68.687,
                  -61.192
                ],
                [
                  68.64,
                  -61.111
                ],
                [
                  67.314,
                  -58.566
                ]
              ],
              [
                [
                  72.241,
                  -62.682
                ],
                [
                  72.92112965514865,
                  -63.48750538939805
                ],
                [
                  75.494,
                  -64.521
                ],
                [
                  84.806,
                  -68.088
                ],
                [
                  90.27380975334376,
                  -70.1519461105406
                ],
                [
                  92.51407751666702,
                  -62.70551933401914
                ],
                [
                  68.71093209793486,
                  -56.67448946122208
                ],
                [
                  68.966,
                  -57.841
                ],
                [
                  70.192,
                  -60.196
                ],
                [
                  72.241,
                  -62.682
                ]
              ],
              [
                [
                  101.4810781336534,
                  -40.385979791117414
                ],
                [
                  94.7799540663192,
                  -61.47114676769938
                ],
                [
                  98.094,
                  -62.49
                ],
                [
                  97.564,
                  -64.211
                ],
                [
                  94.24806870452946,
                  -63.19071344754752
                ],
                [
                  91.9624054458234,
                  -70.78848605266458
                ],
                [
                  98.00580507410125,
                  -73.06212534711484
                ],
                [
                  114.12541773299898,
                  -42.42989927154678
                ],
                [
                  109.253,
                  -41.036
                ],
                [
                  109.189,
                  -41.016
                ],
                [
                  105.81107249372093,
                  -39.951416495924036
                ],
                [
                  101.4810781336534,
                  -40.385979791117414
                ]
              ],
              [
                [
                  99.70312894601098,
                  -73.70187787696526
                ],
                [
                  121.46287946697797,
                  -81.9134463653289
                ],
                [
                  133.391447178955,
                  -47.95786767880039
                ],
                [
                  115.89310082257623,
                  -42.93594762948575
                ],
                [
                  99.70312894601098,
                  -73.70187787696526
                ]
              ],
              [
                [
                  59.274816198669754,
                  -25.26075674128159
                ],
                [
                  54.03173151932611,
                  -23.607075780348374
                ],
                [
                  45.45369122419048,
                  -48.93474260407802
                ],
                [
                  55.56232662638909,
                  -51.48669812387471
                ],
                [
                  59.274816198669754,
                  -25.26075674128159
                ]
              ],
              [
                [
                  69.98095545869862,
                  -28.639799102230192
                ],
                [
                  61.01564720562779,
                  -25.81010394095881
                ],
                [
                  57.317331658621946,
                  -51.93056133467562
                ],
                [
                  59.53831958633893,
                  -52.49426385440074
                ],
                [
                  69.98095545869862,
                  -28.639799102230192
                ]
              ],
              [
                [
                  86.491,
                  -41.135
                ],
                [
                  86.545,
                  -41.12
                ],
                [
                  94.00060684613469,
                  -39.39889815540858
                ],
                [
                  94.94741129891841,
                  -36.52695801031036
                ],
                [
                  71.70739922528684,
                  -29.18489169849281
                ],
                [
                  61.30712420404847,
                  -52.94259013205408
                ],
                [
                  66.83138819754076,
                  -54.34141903715864
                ],
                [
                  67.224,
                  -52.455
                ],
                [
                  67.243,
                  -52.38
                ],
                [
                  67.269,
                  -52.306
                ],
                [
                  67.301,
                  -52.235
                ],
                [
                  67.339,
                  -52.167
                ],
                [
                  69.044,
                  -49.393
                ],
                [
                  69.088,
                  -49.328
                ],
                [
                  69.137,
                  -49.267
                ],
                [
                  69.192,
                  -49.211
                ],
                [
                  69.251,
                  -49.16
                ],
                [
                  72.919,
                  -46.247
                ],
                [
                  72.993,
                  -46.195
                ],
                [
                  73.071,
                  -46.15
                ],
                [
                  77.867,
                  -43.712
                ],
                [
                  77.941,
                  -43.678
                ],
                [
                  78.019,
                  -43.652
                ],
                [
                  86.491,
                  -41.135
                ]
              ],
              [
                [
                  100.713,
                  -38.654
                ],
                [
                  101.45733442346646,
                  -38.579297727227896
                ],
                [
                  96.6637918171163,
                  -37.068570698504
                ],
                [
                  95.98488564104517,
                  -39.127895510592914
                ],
                [
                  100.713,
                  -38.654
                ]
              ],
              [
                [
                  93.04590663730899,
                  -60.983691875487466
                ],
                [
                  99.5303179267438,
                  -40.58171868073826
                ],
                [
                  94.843,
                  -41.052
                ],
                [
                  86.977,
                  -42.868
                ],
                [
                  78.61,
                  -45.354
                ],
                [
                  73.968,
                  -47.713
                ],
                [
                  70.494,
                  -50.471
                ],
                [
                  68.954,
                  -52.976
                ],
                [
                  68.57763231885296,
                  -54.78373872582127
                ],
                [
                  93.04590663730899,
                  -60.983691875487466
                ]
              ],
              [
                [
                  182.9279518921252,
                  -82.91712917528108
                ],
                [
                  190.94341283449938,
                  -69.12147002325446
                ],
                [
                  180.0951310817312,
                  -65.25810695247964
                ],
                [
                  174.91732646035177,
                  -80.72430853563749
                ],
                [
                  182.9279518921252,
                  -82.91712917528108
                ]
              ],
              [
                [
                  184.7232549692053,
                  -83.40936112743589
                ],
                [
                  200.3246548798399,
                  -87.69097158627895
                ],
                [
                  203.35911520722243,
                  -73.54070995797368
                ],
                [
                  192.66860960629816,
                  -69.73577014289341
                ],
                [
                  184.7232549692053,
                  -83.40936112743589
                ]
              ],
              [
                [
                  202.06323864567847,
                  -88.16783953108036
                ],
                [
                  205.30000169416675,
                  -89.05508410297978
                ],
                [
                  209.15727910939987,
                  -75.59539031304452
                ],
                [
                  205.06988395186005,
                  -74.14728460008756
                ],
                [
                  202.06323864567847,
                  -88.16783953108036
                ]
              ],
              [
                [
                  209.89077484812282,
                  -90.30586190543175
                ],
                [
                  215.91532112771776,
                  -78.00624842937751
                ],
                [
                  210.8561518771265,
                  -76.20000656482694
                ],
                [
                  207.0362660290683,
                  -89.52922515416799
                ],
                [
                  209.89077484812282,
                  -90.30586190543175
                ]
              ],
              [
                [
                  219.98443940496162,
                  -79.45144854820748
                ],
                [
                  217.6225952152532,
                  -78.61365758165662
                ],
                [
                  211.65750842500148,
                  -90.79025665589384
                ],
                [
                  214.59,
                  -91.598
                ],
                [
                  214.619,
                  -91.607
                ],
                [
                  215.6771657178746,
                  -91.93736235565973
                ],
                [
                  219.98443940496162,
                  -79.45144854820748
                ]
              ]
            ]
          },
          {
            "type": "Polygon",
            "coordinates": [
              [
                [
                  183.09062102358834,
                  -46.2276655781563
                ],
                [
                  184.43578277008635,
                  -42.36594140905961
                ],
                [
                  185.58066517998742,
                  -42.796580988019606
                ],
                [
                  186.12451836119462,
                  -42.99027955737592
                ],
                [
                  184.79471784893343,
                  -46.807904308931306
                ],
                [
                  183.09062102358834,
                  -46.2276655781563
                ]
              ]
            ]
          },
          {
            "type": "Polygon",
            "coordinates": [
              [
                [
                  102.75809283363698,
                  -14.87347839458785
                ],
                [
                  103.87371905369584,
                  -15.225195077373881
                ],
                [
                  103.09481949216251,
                  -17.584621976029645
                ],
                [
                  101.38122805826163,
                  -17.03251725583128
                ],
                [
                  102.15660910271068,
                  -14.683472187657522
                ],
                [
                  102.75809283363698,
                  -14.87347839458785
                ]
              ]
            ]
          },
          {
            "type": "Polygon",
            "coordinates": [
              [
                [
                  -4.37,
                  14.623
                ],
                [
                  -5.217,
                  14.927
                ],
                [
                  -3.0980811413699043,
                  20.8391034721738
                ],
                [
                  -2.0458867367390945,
                  20.43783399207167
                ],
                [
                  -1.4102898290023516,
                  20.212844603703484
                ],
                [
                  -3.5210501045017906,
                  14.324439639197877
                ],
                [
                  -4.37,
                  14.623
                ]
              ]
            ]
          }
        ]
      }
    }
  ],
  "hero_boundary": {
    "type": "Polygon",
    "coordinates": [
      [
        [
          -528.9966232338963,
          190.84918022990317
        ],
        [
          -502.80398051068477,
          181.87843187096735
        ],
        [
          -486.60745217015995,
          176.33520934091143
        ],
        [
          -464.4619414312294,
          168.75025504357896
        ],
        [
          -448.41438924870386,
          163.31155742053704
        ],
        [
          -402.4271509176589,
          147.72112882823163
        ],
        [
          -402.4150008674429,
          147.75672885152687
        ],
        [
          -385.24316606084426,
          141.8954759174638
        ],
        [
          -368.36932454139054,
          136.17496668850825
        ],
        [
          -368.38118897710234,
          136.1399865495945
        ],
        [
          -329.1977861518395,
          122.76553720490985
        ],
        [
          -329.4979281575373,
          121.88665603476016
        ],
        [
          -286.16526657250364,
          108.45389351796504
        ],
        [
          -286.084611891301,
          108.43148943985327
        ],
        [
          -267.38656673256963,
          102.48687849115724
        ],
        [
          -253.0594287755582,
          98.22494336201616
        ],
        [
          -252.48196955895,
          102.73458155911841
        ],
        [
          -249.8361868728698,
          102.3957695476954
        ],
        [
          -248.76275042781015,
          104.84021407226163
        ],
        [
          -240.46660141964645,
          101.19592493826921
        ],
        [
          -226.22105407836955,
          99.37167740126893
        ],
        [
          -190.8124707600151,
          95.22954123949916
        ],
        [
          -187.72404880974491,
          94.8696093785595
        ],
        [
          -175.26579198952368,
          94.39573121879454
        ],
        [
          -167.58553905234135,
          95.97474606316828
        ],
        [
          -167.19815853419533,
          94.08886041410346
        ],
        [
          -165.27809095055179,
          94.01582627246621
        ],
        [
          -165.5756508228642,
          86.19000163064985
        ],
        [
          -161.26322387076704,
          65.19580155955836
        ],
        [
          -148.88768867002338,
          60.98467236701561
        ],
        [
          -146.25482496508965,
          67.84687659629016
        ],
        [
          -127.96145358045938,
          60.82876891190193
        ],
        [
          -114.56521555023716,
          56.82228479147761
        ],
        [
          -100.68208630797878,
          52.717230113303
        ],
        [
          -87.42046676385768,
          48.79538212023524
        ],
        [
          -59.64670629824788,
          40.79858331780871
        ],
        [
          -59.14315840698359,
          42.12454548331255
        ],
        [
          -43.106057515247144,
          36.03461017780031
        ],
        [
          -26.621455765250253,
          31.285556054742397
        ],
        [
          -27.01378986935904,
          29.923725826318552
        ],
        [
          -4.859962184240037,
          21.51102216606038
        ],
        [
          -2.0458867367390945,
          20.43783399207167
        ],
        [
          14.603452944639134,
          14.544279907634593
        ],
        [
          29.59362836723402,
          9.237925788018835
        ],
        [
          41.26616028083341,
          5.108980977063427
        ],
        [
          50.55434871202783,
          1.9042232286953227
        ],
        [
          52.08029543077996,
          1.462571405416974
        ],
        [
          52.757370752738254,
          1.2414855860020089
        ],
        [
          60.50665583418989,
          -1.5318703705063552
        ],
        [
          66.66895838729039,
          -3.4761212066745912
        ],
        [
          78.02283171169326,
          -7.0597123664131125
        ],
        [
          102.75809283363698,
          -14.87347839458785
        ],
        [
          115.84225257903903,
          -18.998441738002757
        ],
        [
          121.83648682795646,
          -20.713143183123535
        ],
        [
          126.51085979290895,
          -22.054691005219464
        ],
        [
          126.9974145985982,
          -20.760897544636705
        ],
        [
          143.07768448193127,
          -26.809379547884546
        ],
        [
          159.58401108073664,
          -31.54670510266226
        ],
        [
          159.20294164609228,
          -32.874783204838266
        ],
        [
          185.58066517998742,
          -42.796580988019606
        ],
        [
          199.9592602686894,
          -47.917656664828456
        ],
        [
          211.6022543930959,
          -52.061316179510435
        ],
        [
          217.3831819376294,
          -54.108728018199386
        ],
        [
          217.41083737801281,
          -54.11794649832717
        ],
        [
          224.74834231350331,
          -56.73760754134929
        ],
        [
          245.46812892640963,
          -64.08571223669564
        ],
        [
          231.75696228762558,
          -102.72627276417737
        ],
        [
          231.33833672190502,
          -102.57777832967733
        ],
        [
          221.2352040970226,
          -136.30182381621856
        ],
        [
          195.83607953969474,
          -128.687372103537
        ],
        [
          191.10064886675684,
          -127.27673326172511
        ],
        [
          167.79337652043336,
          -120.30285648396591
        ],
        [
          160.14070603031766,
          -118.0171379067469
        ],
        [
          116.6815513120439,
          -104.66865939173455
        ],
        [
          115.99711882833978,
          -104.43439055503045
        ],
        [
          90.45441078512029,
          -94.79439418191234
        ],
        [
          83.50007324562752,
          -92.1793570428856
        ],
        [
          83.48587085467072,
          -92.17462291256665
        ],
        [
          76.63565954343947,
          -89.58848047279636
        ],
        [
          67.11123849785581,
          -85.9398976995577
        ],
        [
          47.745883759441604,
          -78.16073008613348
        ],
        [
          35.68912150586268,
          -73.32159543420582
        ],
        [
          26.648919254875853,
          -70.3013033308096
        ],
        [
          -0.2567938586474997,
          -61.32178833807176
        ],
        [
          10.931990863778058,
          -27.797842704171384
        ],
        [
          10.888194402407663,
          -27.782734292377114
        ],
        [
          10.934002704074295,
          -27.649890217543884
        ],
        [
          0.9221058420062668,
          -24.105123735180737
        ],
        [
          -16.117750125206317,
          -18.07360213001208
        ],
        [
          -16.375269321079035,
          -17.977032431559802
        ],
        [
          -19.43824094730361,
          -16.809704407562723
        ],
        [
          -56.08309051943113,
          -2.8938024748628517
        ],
        [
          -63.50261672285995,
          -0.757209521781251
        ],
        [
          -71.25335376071352,
          1.4743657162705535
        ],
        [
          -68.13432078110361,
          0.23763373358611872
        ],
        [
          -39.66185543816897,
          -11.070782840668777
        ],
        [
          -54.798826108549,
          -49.175605541240735
        ],
        [
          -83.25278392721361,
          -37.87260976637268
        ],
        [
          -112.71338307662958,
          -26.191751154323995
        ],
        [
          -131.26613781168055,
          -18.82884949219585
        ],
        [
          -140.46502291846656,
          -15.185310660339992
        ],
        [
          -147.5071107786739,
          -12.386780892382735
        ],
        [
          -171.77278843948875,
          -3.2959483176350415
        ],
        [
          -171.2922853245461,
          -2.0140590958905933
        ],
        [
          -178.91466456612383,
          0.4530125670965716
        ],
        [
          -189.37910631214947,
          -1.6962786530957028
        ],
        [
          -190.59731888266236,
          4.234239464807454
        ],
        [
          -196.3550075407665,
          6.097782340662992
        ],
        [
          -193.0674694063566,
          16.259458042669483
        ],
        [
          -200.88978125795222,
          54.34013729575382
        ],
        [
          -208.0679090494481,
          54.61317372753383
        ],
        [
          -208.0166038144836,
          55.96250140710074
        ],
        [
          -226.37740825702417,
          58.109978862675604
        ],
        [
          -227.3977211308034,
          57.2043078848266
        ],
        [
          -228.98167601558453,
          56.047118046722396
        ],
        [
          -230.67215095839273,
          55.04596298350584
        ],
        [
          -232.20212757689023,
          54.326803466977076
        ],
        [
          -241.2910798095509,
          18.14262499721437
        ],
        [
          -294.0134227311481,
          31.381136690590022
        ],
        [
          -314.71100828198377,
          36.57003431209114
        ],
        [
          -316.0638314197268,
          36.96943923847232
        ],
        [
          -317.7457174447672,
          37.63724692488542
        ],
        [
          -319.36956396033895,
          38.44917018267141
        ],
        [
          -320.5732210247839,
          39.19582376275486
        ],
        [
          -323.0036553416336,
          40.846144840528495
        ],
        [
          -351.2507467374069,
          59.135517714828474
        ],
        [
          -351.9247767962288,
          57.18322599420907
        ],
        [
          -383.00214809967275,
          67.91273924561847
        ],
        [
          -408.5530150154379,
          76.71697050482285
        ],
        [
          -416.9095713631295,
          79.59743868968344
        ],
        [
          -419.1927234725006,
          80.38255423717467
        ],
        [
          -429.7271730124466,
          84.02225450974899
        ],
        [
          -448.9832019121137,
          90.61972680367475
        ],
        [
          -469.8139503013665,
          97.75932593376103
        ],
        [
          -490.0837975096102,
          104.70627356847581
        ],
        [
          -498.64498872173573,
          107.64805126000007
        ],
        [
          -513.3460382899625,
          112.68330063291293
        ],
        [
          -520.2755357856098,
          115.05444432299883
        ],
        [
          -550.0,
          125.24222027446265
        ],
        [
          -550.0,
          130.20169905502325
        ],
        [
          -538.2272366851157,
          164.5467932660563
        ],
        [
          -538.0283905179108,
          164.47864982657708
        ],
        [
          -528.9966232338963,
          190.84918022990317
        ]
      ],
      [
        [
          129.60900588421137,
          -65.7485287983154
        ],
        [
          132.5199944575685,
          -66.64268195109037
        ],
        [
          130.1836093544155,
          -65.76386126581217
        ],
        [
          127.95405014120176,
          -65.12399119546745
        ],
        [
          129.60900588421137,
          -65.7485287983154
        ]
      ]
    ]
  },
  "boundary_grounding": "ESTIMATED"
}
